0.0002	1.4625425529893556e-32	1.4625425529893556e-32	1.4625425529893556e-32
0.0003	1.110618251176291e-31	1.110618251176291e-31	1.110618251176291e-31
0.0004	4.680136169565938e-31	4.680136169565938e-31	4.680136169565938e-31
0.0005	1.4282642119036674e-30	1.4282642119036674e-30	1.4282642119036674e-30
0.0006	3.5539784037641315e-30	3.5539784037641315e-30	3.5539784037641315e-30
0.0007	7.681547715028778e-30	7.681547715028778e-30	7.681547715028778e-30
0.0008	1.4976435742611e-29	1.4976435742611e-29	1.4976435742611e-29
0.0009	2.698802350358389e-29	2.698802350358389e-29	2.698802350358389e-29
0.001	4.570445478091736e-29	4.570445478091736e-29	4.570445478091736e-29
0.002	1.764585725950925e-27	1.5121588589578106e-27	1.5121588589578106e-27
0.003	1.5299091354006988e-26	1.1906610259478609e-26	1.1906610259478609e-26
0.004	6.812072771668441e-26	5.1118710112306256e-26	5.1118710112306256e-26
0.005	2.135690525110816e-25	1.5757778439618114e-25	1.5757778439618114e-25
0.006	5.394825353254602e-25	3.944268755422345e-25	3.944268755422345e-25
0.007	1.1768237010925132e-24	8.557000100835923e-25	8.557000100835923e-25
0.008	2.30830379450781e-24	1.672499974317131e-24	1.672499974317131e-24
0.009000000000000001	4.177007433433063e-24	3.0191762444563498e-24	3.0191762444563498e-24
0.01	7.095017287781653e-24	5.119502979667334e-24	5.119502979667334e-24
0.011	1.1452038778458643e-23	8.252857045282923e-24	8.252857045282923e-24
0.012	1.772402478937979e-23	1.2760396052137857e-23	1.2760396052137857e-23
0.013000000000000001	2.648180038786238e-23	1.9051236405224588e-23	1.9051236405224588e-23
0.014	3.839968755041321e-23	2.7608631358025433e-23	2.7608631358025433e-23
0.015	5.426412989214186e-23	3.899614907052739e-23	3.899614907052739e-23
0.016	7.498231739860952e-23	5.386385066965942e-23	5.386385066965942e-23
0.017	1.0159081115931475e-22	7.295446831133495e-23	7.295446831133495e-23
0.018000000000000002	1.3526416810258027e-22	9.710958324386187e-23	9.710958324386187e-23
0.019	1.7732356573107891e-22	1.2727580387196405e-22	1.2727580387196405e-22
0.02	2.2924542685817995e-22	1.645109438215993e-22	1.645109438215993e-22
0.025	7.004203720525014e-22	5.02306712034827e-22	5.02306712034827e-22
0.03	1.7439796705733783e-21	1.2502521243570818e-21	1.2502521243570818e-21
0.035	3.77087557387155e-21	2.7027481537160125e-21	2.7027481537160125e-21
0.04	7.35377418692271e-21	5.2700345337334204e-21	5.2700345337334204e-21
0.045	1.3254007776133695e-20	9.49749621784823e-21	9.49749621784823e-21
0.05	2.2448527077535994e-20	1.6084969838717882e-20	1.6084969838717882e-20
0.05500000000000001	3.6156853605224076e-20	2.590605016786079e-20	2.590605016786079e-20
0.06	5.586803195978386e-20	4.002739657528723e-20	4.002739657528723e-20
0.065	8.33675821368068e-20	5.972803948921492e-20	5.972803948921492e-20
0.07	1.2076445183544554e-19	8.651868685582583e-20	8.651868685582583e-20
0.075	1.705179687669745e-19	1.221610305990275e-19	1.221610305990275e-19
0.08	2.3546479296336675e-19	1.6868705308023076e-19	1.6868705308023076e-19
0.085	3.188458690858792e-19	2.2841833355813514e-19	2.2841833355813514e-19
0.09000000000000001	4.24333378733644e-19	3.039853546485212e-19	3.039853546485212e-19
0.095	5.560576927522651e-19	3.983468087840472e-19	3.983468087840472e-19
0.1	7.186343235424178e-19	5.148089046740491e-19	5.148089046740491e-19
0.10500000000000001	9.171908773684484e-19	6.570446737643413e-19	6.570446737643413e-19
0.11	1.1573948569643235e-18	8.291141269943654e-19	8.291132766970224e-19
0.115	1.4455130914027673e-18	1.0355160388175281e-18	1.0354793097702803e-18
0.12000000000000001	1.7885581126843703e-18	1.2813266779415105e-18	1.2810321113981975e-18
0.125	2.194441147066236e-18	1.5723451528081167e-18	1.5711050685705583e-18
0.13	2.6720871260063448e-18	1.915200776688834e-18	1.9114949233126612e-18
0.135	3.231536139305582e-18	2.3174468749780657e-18	2.308494143009726e-18
0.13999999999999999	4.507235246467768e-18	3.4108449507043617e-18	3.39213079342269e-18
0.145	8.548795916071413e-18	5.8192145526009174e-18	5.7839852102199394e-18
0.15	1.6380943598588488e-17	9.559775177395369e-18	9.498505897173216e-18
0.155	2.804422181172823e-17	1.4654433501785407e-17	1.4554275403934634e-17
0.16	4.358757317948242e-17	2.1129262599092536e-17	2.0973471170223772e-17
0.16499999999999998	6.306947177884899e-17	2.901408081293899e-17	2.8781427908609646e-17
0.16999999999999998	8.65567770347097e-17	3.834211011057504e-17	3.800628062088317e-17
0.175	1.1412378717070464e-16	4.9149698270445194e-17	4.867867212130126e-17
0.18	1.458514567092381e-16	6.147609267833122e-17	6.08315125237008e-17
0.185	1.818267473622302e-16	7.536325610869816e-17	7.4499780861479e-17
0.19	2.221420878829826e-16	9.08557168638954e-17	8.972036107912347e-17
0.195	2.6689492341123545e-16	1.080004471863919e-16	1.0653190622603902e-16
0.19999999999999998	3.161873387152302e-16	1.2684676505978892e-16	1.2497472591726937e-16
0.205	3.7012574276412536e-16	1.4744625545506474e-16	1.4509069308871753e-16
0.21	4.288206044480904e-16	1.698527078203296e-16	1.6692316683111387e-16
0.215	4.923862403234211e-16	1.9412216853807362e-16	1.9051693785803154e-16
0.22	5.609407720380068e-16	2.2031441112337032e-16	2.1591831891436713e-16
0.225	6.346060664306587e-16	2.484936385378965e-16	2.4317519694727323e-16
0.22999999999999998	7.13507541470063e-16	2.7872748116125813e-16	2.7233693337126336e-16
0.235	7.977740358130745e-16	3.1108660235324965e-16	3.034543128368899e-16
0.24	8.875377107796367e-16	3.4564451440780183e-16	3.36579511493749e-16
0.245	9.82933972804289e-16	3.8247747513993235e-16	3.717660746447666e-16
0.25	1.0841014118677703e-15	5.019993036188035e-16	4.0906890083968555e-16
0.255	1.191181753131485e-15	5.944087497009486e-16	4.485442309337389e-16
0.26	1.3043198197459719e-15	6.89059627504025e-16	4.902496411862388e-16
0.265	1.4236635052369759e-15	7.885679986860548e-16	5.342440397404191e-16
0.27	1.5493637541657211e-15	8.938515565171265e-16	5.805876659805137e-16
0.275	1.6815745499770816e-15	1.005379169677118e-15	6.293420923633777e-16
0.28	1.820452913355706e-15	1.1234543908492838e-15	6.805702283943426e-16
0.28500000000000003	1.9661589614234145e-15	1.2483091613319237e-15	7.343363274512686e-16
0.29000000000000004	2.1188560264985657e-15	1.3801416908287e-15	7.907060049668419e-16
0.29500000000000004	2.278710747615127e-15	1.5191338681737677e-15	8.497462641518992e-16
0.30000000000000004	2.4458931381179824e-15	1.6654600020383823e-15	9.115255166778768e-16
0.30500000000000005	2.62057664429808e-15	1.819291502339068e-15	9.761136012322032e-16
0.31	2.8029382005232657e-15	1.9807995131395456e-15	1.043581801651361e-15
0.315	2.993158283180764e-15	2.1501564503320016e-15	1.1140028651383396e-15
0.32	3.1914209646768517e-15	2.327536926829599e-15	1.1874510207861743e-15
0.325	3.3979139682576758e-15	2.5131183229245855e-15	1.264001998515356e-15
0.33	3.612828723942993e-15	2.707081145346199e-15	1.343733048478443e-15
0.335	3.836360426403382e-15	2.9096092578427136e-15	1.4267229609563878e-15
0.34	4.068708094139758e-15	3.120890032491633e-15	1.5130520867558107e-15
0.34500000000000003	4.310074630862961e-15	3.341114451679205e-15	1.6028023581070627e-15
0.35000000000000003	4.560666888965799e-15	3.570477179333053e-15	1.6960573100603397e-15
0.35500000000000004	4.820695734965506e-15	3.8091766131236824e-15	1.7929021023732115e-15
0.36000000000000004	5.090376117259144e-15	4.057414925111698e-15	1.8934235418822857e-15
0.36500000000000005	5.36992713608296e-15	4.3153980956595684e-15	1.99771010535822e-15
0.37000000000000005	5.659572116180605e-15	4.583335943718553e-15	2.105851962836046e-15
0.375	5.959538681221911e-15	4.861442155506423e-15	2.2179410014173647e-15
0.38	6.2700588314632835e-15	5.149934312876551e-15	2.334070849544162e-15
0.385	6.591369023651653e-15	5.449034804648497e-15	2.4543369017592428e-15
0.39	6.923710253746291e-15	5.758974125319771e-15	2.578836343933194e-15
0.395	7.267328142471017e-15	6.07998846084705e-15	2.7076681789861157e-15
0.4	7.622473023816696e-15	6.412318706501339e-15	2.840933253102595e-15
0.405	7.989400036658276e-15	6.756210530999738e-15	2.9787342824550513e-15
0.41000000000000003	8.368369219660093e-15	7.111914444101625e-15	3.121175880448296e-15
0.41500000000000004	8.759645609565642e-15	7.47968586770972e-15	3.2683645855082707e-15
0.42000000000000004	9.163499342957949e-15	7.859785210538812e-15	3.4204088894197783e-15
0.42500000000000004	9.580205762183342e-15	8.252477946469538e-15	3.577419266284264e-15
0.43000000000000005	1.001004552518437e-14	8.658034696553342e-15	3.739508201994676e-15
0.43500000000000005	1.045330471856515e-14	9.076731314853647e-15	3.906790224519207e-15
0.44	1.0910274980314152e-14	9.508848978405142e-15	4.079381934680591e-15
0.445	1.1381253615593249e-14	9.954674280797824e-15	4.2574020377434616e-15
0.45	1.1866543733028917e-14	1.0414499330290982e-14	4.440971375761826e-15
0.455	1.236645437535861e-14	1.0888621852164018e-14	4.63021296073329e-15
0.46	1.2881300660452554e-14	1.1377345295474232e-14	4.825252008512814e-15
0.465	1.341140392761315e-14	1.1880978944685153e-14	5.026215973790437e-15
0.47000000000000003	1.3957091891576363e-14	1.239983803612633e-14	5.23323458587611e-15
0.47500000000000003	1.4518698806742462e-14	1.2934243879822769e-14	5.446439885721599e-15
0.48000000000000004	1.509656561835953e-14	1.3484523987312153e-14	5.6659662645030144e-15
0.48500000000000004	1.5691040173019218e-14	1.4051012201600111e-14	5.891950499776997e-15
0.49000000000000005	1.6302477378100426e-14	1.4634048842683578e-14	6.124531802197618e-15
0.49500000000000005	1.6931260412593912e-14	1.523398084758801e-14	6.363851851655339e-15
0.5	1.7578214705502575e-14	1.585116192534649e-14	6.610054842936403e-15
0.505	1.8243891927452482e-14	1.6485952717962004e-14	6.863287531044272e-15
0.51	1.892867773987752e-14	1.7138720968160608e-14	7.12369927769768e-15
0.515	1.9632966091948343e-14	1.780984169677914e-14	7.391442100204892e-15
0.52	2.0357159533176793e-14	1.8499697388864586e-14	7.666670722253443e-15
0.525	2.1101669482611946e-14	1.9208678190156047e-14	7.949542627075392e-15
0.53	2.1866916516265115e-14	1.993718212017287e-14	8.240218113095064e-15
0.535	2.2653330674478595e-14	2.068561526004127e-14	8.538860352176703e-15
0.54	2.3461351790281535e-14	2.145439204543072e-14	8.84563545094585e-15
0.545	2.4291429840227032e-14	2.224393544913376e-14	9.160712515167787e-15
0.55	2.514420781790807e-14	2.3054859763515974e-14	9.484446209403002e-15
0.555	2.6021631966346596e-14	2.3889080700513187e-14	9.818486660417778e-15
0.56	2.6924507770966798e-14	2.4747371237308393e-14	1.0163335085811794e-14
0.5650000000000001	2.785333077324519e-14	2.563019227175798e-14	1.0519174219274007e-14
0.5700000000000001	2.880860930053445e-14	2.653801517720761e-14	1.0886190619277707e-14
0.5750000000000001	2.979086500425183e-14	2.747132213722403e-14	1.1264574741020255e-14
0.5800000000000001	3.080063341625669e-14	2.843060650710227e-14	1.165452101743324e-14
0.5850000000000001	3.183846459067768e-14	2.9416373197648815e-14	1.2056227942248072e-14
0.5900000000000001	3.290492378064834e-14	3.0429139096536184e-14	1.2469898169819817e-14
0.5950000000000001	3.4000592178279164e-14	3.1469433515374377e-14	1.2895738616963242e-14
0.6	3.512606772557459e-14	3.2550118918046283e-14	1.3333960578782048e-14
0.605	3.6281965999302455e-14	3.3673603920235994e-14	1.3784779853683928e-14
0.61	3.7468921174987753e-14	3.4818224411168486e-14	1.4248416880361822e-14
0.615	3.8687587081382977e-14	3.599125178447951e-14	1.4725096889838493e-14
0.62	3.993863839275553e-14	3.7194397732466654e-14	1.521505006919588e-14
0.625	4.1222771831063764e-14	3.8428697078101e-14	1.5718511743427835e-14
0.63	4.2540707637230025e-14	3.969498712421064e-14	1.623572257412125e-14
0.635	4.389319102189455e-14	4.099403343491608e-14	1.6766928778933607e-14
0.64	4.528099396528907e-14	4.2326576143831235e-14	1.7312382363423487e-14
0.645	4.67049169548086e-14	4.3693350863332616e-14	1.787234140105355e-14
0.65	4.816579109942455e-14	4.509509962588286e-14	1.844707030761147e-14
0.655	4.966448033642997e-14	4.653257743423803e-14	1.9036840165320612e-14
0.66	5.120188394097177e-14	4.800655666119154e-14	1.9641929072942533e-14
0.665	5.277893922043338e-14	4.95178303888951e-14	2.0262622533338093e-14
0.67	5.439662452494166e-14	5.10672151636764e-14	2.089921387091829e-14
0.675	5.605596253436366e-14	5.2655553560837315e-14	2.1552004700876206e-14
0.68	5.775802385851269e-14	5.428371656413034e-14	2.222130543445696e-14
0.685	5.95039309735502e-14	5.59526060451711e-14	2.290743583349878e-14
0.6900000000000001	6.129486251939862e-14	5.766315730155311e-14	2.3610725613597064e-14
0.6950000000000001	6.313205793521947e-14	5.941634174357009e-14	2.4331515096096594e-14
0.7000000000000001	6.501682245821515e-14	6.12131697698726e-14	2.5070155912650096e-14
0.7050000000000001	6.695053242165763e-14	6.305469384807616e-14	2.5827011742174653e-14
0.7100000000000001	6.893464089235604e-14	6.494201186336388e-14	2.660245911483481e-14
0.7150000000000001	7.097068338787365e-14	6.687627069629116e-14	2.739688819427447e-14
0.7200000000000001	7.306028380809683e-14	6.885867013854873e-14	2.8210703628712385e-14
0.725	7.520516015106406e-14	7.089046707651023e-14	2.904432534478631e-14
0.73	7.740712988897372e-14	7.297297994449372e-14	2.989818930523419e-14
0.735	7.966811464979599e-14	7.510759353504769e-14	3.077274816962965e-14
0.74	8.199014360835811e-14	7.729576392845326e-14	3.166847180282879e-14
0.745	8.437535629513437e-14	7.953902402220081e-14	3.258584755392863e-14
0.75	8.68260007700163e-14	8.183898882977695e-14	3.35253802605668e-14
0.755	8.934443221905399e-14	8.419736128062856e-14	3.448759182939897e-14
0.76	9.193310590884155e-14	8.661593807115316e-14	3.5473020394465975e-14
0.765	9.459456740036913e-14	8.909661565261163e-14	3.648221897401234e-14
0.77	9.733143885719757e-14	9.164139630227898e-14	3.7515753534510126e-14
0.775	1.0014640122928331e-13	9.425239456455052e-14	3.8574200632435475e-14
0.78	9.580354511548262e-14	9.594165801667923e-14	3.866795896472785e-14
0.785	9.84049998199853e-14	9.864145793700437e-14	3.97275300867306e-14
0.79	1.0116696720255057e-13	1.0142756427711718e-13	4.082678280577873e-14
0.795	1.040877466948849e-13	1.0430224505536124e-13	4.1965941983934445e-14
0.8	1.0716538987257165e-13	1.0726757272887967e-13	4.314488395614677e-14
0.805	1.1039806695228593e-13	1.1032580342492542e-13	4.436350695948502e-14
0.81	1.1378406193184922e-13	1.1347938791632051e-13	4.562173033560592e-14
0.8150000000000001	1.1732176795064476e-13	1.1673097504416556e-13	4.691949377393805e-14
0.8200000000000001	1.2100968287794796e-13	1.2008341610544906e-13	4.825675659333307e-14
0.8250000000000001	1.2484640511955855e-13	1.2353976304811375e-13	4.9633497060074756e-14
0.8300000000000001	1.2883062963144024e-13	1.271032592258246e-13	5.1049711740255704e-14
0.8350000000000001	1.329611441293147e-13	1.307773243660333e-13	5.2505414884664945e-14
0.8400000000000001	1.3723682548367843e-13	1.3456552489477016e-13	5.400063784442283e-14
0.8450000000000001	1.416566362903204e-13	1.3847153389979104e-13	5.553542851572035e-14
0.8500000000000001	1.4621962160698004e-13	1.4249907556552105e-13	5.710985081210826e-14
0.855	1.509249058473307e-13	1.4665185437717969e-13	5.87239841628727e-14
0.86	1.5577168982399192e-13	1.5093347167488864e-13	6.03779230361245e-14
0.865	1.6075924793274722e-13	1.5534733125424214e-13	6.207177648530346e-14
0.87	1.658869254706006e-13	1.598965427705519e-13	6.38056677178776e-14
0.875	1.7115413608072447e-13	1.6458383035383271e-13	6.557973368508484e-14
0.88	1.765603593177488e-13	1.69411458245861e-13	6.739412469163142e-14
0.885	2.0224715334786504e-13	1.6769109600762791e-13	6.924900402432589e-14
0.89	2.096702468438505e-13	1.7768711024157246e-13	7.114454759867793e-14
0.895	2.1729287659279723e-13	1.8678086261486605e-13	7.308094362255171e-14
0.9	2.2511382317205128e-13	1.9560134029918758e-13	7.505839227601559e-14
0.905	2.331319617208059e-13	2.043536889335014e-13	7.707710540657077e-14
0.91	2.4134625854395757e-13	2.1313234897145378e-13	7.91373062389903e-14
0.915	2.49755767869501e-13	2.2198869317087416e-13	8.123922909904812e-14
0.92	2.5835962875186407e-13	2.309536459168395e-13	8.33831191504459e-14
0.925	2.6715706211400025e-13	2.400471473935426e-13	8.556923214428753e-14
0.93	2.7614736792145026e-13	2.492827164941868e-13	8.779783418049415e-14
0.935	2.8532992248194035e-13	2.586698798582152e-13	9.006920148057215e-14
0.9400000000000001	2.947041758644376e-13	2.6821556372267564e-13	9.238362017118812e-14
0.9450000000000001	3.0426964943189613e-13	2.7792493822622905e-13	9.474138607802441e-14
0.9500000000000001	3.140259334822535e-13	2.8780195338750167e-13	9.714280452943487e-14
0.9550000000000001	3.2397268499248994e-13	2.978496922127833e-13	9.9588190169414e-14
0.9600000000000001	3.3411012707405577e-13	3.080711122197378e-13	1.0207836839263568e-13
0.9650000000000001	3.444414743867261e-13	3.1847164020216126e-13	1.0461710265284391e-13
0.9700000000000001	3.5496721991227374e-13	3.2905358023145753e-13	1.0720538304998519e-13
0.9750000000000001	3.6568726739741507e-13	3.3981833462860574e-13	1.0984356050933264e-13
0.98	3.7660157772306043e-13	3.507671161270165e-13	1.125319948132343e-13
0.985	3.877101671635646e-13	3.6190099579412987e-13	1.1527105445259197e-13
0.99	3.9901310571993445e-13	3.732209393740612e-13	1.180611164852756e-13
0.995	4.105105155236071e-13	3.847278351467917e-13	1.2090256640115475e-13
1.	4.2220256930758327e-13	3.9642251548422155e-13	1.237957979934622e-13
1.005	4.340894889418493e-13	4.083057736638592e-13	1.2674121323619137e-13
1.01	4.46171544030182e-13	4.203783770739258e-13	1.2973922216726104e-13
1.015	4.584490505655768e-13	4.326410776444846e-13	1.3279024277719665e-13
1.02	4.709226352779216e-13	4.450948857627056e-13	1.358949665393209e-13
1.0250000000000001	4.836192258362768e-13	4.577670683056323e-13	1.3908034974609294e-13
1.03	4.965562759449984e-13	4.706753801886327e-13	1.423638396929744e-13
1.0350000000000001	5.097334422476652e-13	4.838197466196767e-13	1.457450526258342e-13
1.04	5.23150448832935e-13	4.972001320679628e-13	1.4922363924797236e-13
1.045	5.368070852624447e-13	5.108165420348289e-13	1.5279928370871978e-13
1.05	5.50703204677337e-13	5.246690243158986e-13	1.564717026319725e-13
1.055	5.648387219799782e-13	5.387576698561963e-13	1.6024064418290152e-13
1.06	5.792136120876807e-13	5.530826132791708e-13	1.6410588717124846e-13
1.065	5.938279082552982e-13	5.676440331541989e-13	1.6806724018960834e-13
1.07	6.086817004638018e-13	5.824421520545178e-13	1.7212454078524814e-13
1.075	6.237751338719994e-13	5.974772364473943e-13	1.762776546640217e-13
1.08	6.391084073287643e-13	6.127495964504528e-13	1.8052647492505145e-13
1.085	6.546817719431989e-13	6.282595854816651e-13	1.848709213248723e-13
1.09	6.704955297103281e-13	6.440075998254579e-13	1.8931093956982467e-13
1.095	6.865500321899922e-13	6.599940781332614e-13	1.9384650063551392e-13
1.1	7.028456792367495e-13	6.762195008735278e-13	1.9847760011223421e-13
1.105	7.193829177786448e-13	6.926843897434995e-13	2.0320425757525955e-13
1.11	7.361622406428885e-13	7.093893070528972e-13	2.0802651597903197e-13
1.115	7.531841854264596e-13	7.263348550877771e-13	2.1294444107422012e-13
1.12	7.70449333409844e-13	7.435216754614275e-13	2.179581208467531e-13
1.125	7.879583085121583e-13	7.609504484579261e-13	2.2306766497795495e-13
1.1300000000000001	8.05711776285928e-13	7.786218923728989e-13	2.2827320432486675e-13
1.135	8.237104429499905e-13	7.965367628553261e-13	2.335748904200242e-13
1.1400000000000001	8.419550544589825e-13	8.146958522534546e-13	2.3897289498989097e-13
1.145	8.604463956078709e-13	8.330999889672435e-13	2.44467409491149e-13
1.1500000000000001	8.791852891702591e-13	8.517500368094891e-13	2.5005864466424084e-13
1.155	8.981725950690256e-13	8.706468943771419e-13	2.5574683010340043e-13
1.1600000000000001	9.174092095780606e-13	8.897914944341539e-13	2.6153221384255716e-13
1.165	9.368960645538977e-13	9.091848033068703e-13	2.6741506195651746e-13
1.1700000000000002	9.566341266960136e-13	9.288278202926875e-13	2.733956581767649e-13
1.175	9.766243968347431e-13	9.487215770826278e-13	2.794743035213944e-13
1.18	9.968679092456772e-13	9.688671371981684e-13	2.856513159385509e-13
1.185	1.017365730989581e-12	9.892655954426843e-13	2.9192702996294155e-13
1.19	1.0381189612767766e-12	1.0099180773675784e-12	2.983017963848289e-13
1.195	1.0591287308551182e-12	1.0308257387532504e-12	3.0477598193110517e-13
1.2	1.0803962014206188e-12	1.0519897651048448e-12	3.1134996895794905e-13
1.205	1.101922565049882e-12	1.0734113711627273e-12	3.180241551546401e-13
1.21	1.1237090436535005e-12	1.0950918004275439e-12	3.2479895325810296e-13
1.215	1.1457568884496425e-12	1.1170323246997115e-12	3.316747907777898e-13
1.22	1.1680673794570523e-12	1.1392342436331082e-12	3.3865210973050145e-13
1.225	1.1906418250067468e-12	1.1616988843027474e-12	3.4573136638478505e-13
1.23	1.2134815612716936e-12	1.184427600786149e-12	3.529130310145438e-13
1.235	1.2365879518138679e-12	1.2074217737582092e-12	3.6019758766157077e-13
1.24	1.2599623871478965e-12	1.2306828100991151e-12	3.6758553390655344e-13
1.245	1.2836062843208633e-12	1.2542121425152009e-12	3.7507738064839433e-13
1.25	1.3075210865075453e-12	1.2780112291723e-12	3.8267365189144345e-13
1.2550000000000001	1.3317082626205462e-12	1.3020815533413041e-12	3.9037488454035365e-13
1.26	1.3561693069348297e-12	1.3264246230556697e-12	3.981816282023558e-13
1.2650000000000001	1.3809234386325895e-12	1.3510596706870123e-12	4.0611214490312683e-13
1.27	1.405989532433217e-12	1.3760055836037315e-12	4.1418433988127167e-13
1.2750000000000001	1.4313686138751302e-12	1.4012633994796099e-12	4.2239825702841023e-13
1.28	1.4570617467834069e-12	1.4268341937864667e-12	4.307539665090473e-13
1.2850000000000001	1.4830700325585562e-12	1.452719079106353e-12	4.3925156419576404e-13
1.29	1.509394609489316e-12	1.4789192044662917e-12	4.4789117112284735e-13
1.2950000000000002	1.5360366520887693e-12	1.505435754694975e-12	4.566729329578298e-13
1.3	1.56299737045294e-12	1.5322699498006816e-12	4.655970194903118e-13
1.305	1.5902780096409977e-12	1.5594230443696396e-12	4.746636241373708e-13
1.31	1.6178798490764503e-12	1.5868963269842972e-12	4.838729634651131e-13
1.315	1.6458042019684008e-12	1.6146911196606597e-12	4.932252767256309e-13
1.32	1.67405241475243e-12	1.6428087773043285e-12	5.027208254090664e-13
1.325	1.7026258665501849e-12	1.67125068718438e-12	5.123598928100482e-13
1.33	1.7315259686471698e-12	1.7000182684246517e-12	5.221427836081255e-13
1.335	1.7607541639880552e-12	1.7291129715118001e-12	5.320698234616818e-13
1.34	1.7903119266889752e-12	1.7585362778196509e-12	5.421413586149204e-13
1.345	1.8202007615661255e-12	1.7882896991492135e-12	5.523577555173907e-13
1.35	1.8504222036801934e-12	1.8183747772839079e-12	5.627194004556908e-13
1.355	1.880977817896097e-12	1.8487930835595527e-12	5.732266991969812e-13
1.36	1.9118691984574208e-12	1.879546218448516e-12	5.838800766437825e-13
1.365	1.9430979685751308e-12	1.9106358111576515e-12	5.946799764997912e-13
1.37	1.9746657800301395e-12	1.942063519239626e-12	6.056268609463591e-13
1.375	2.006574312789065e-12	1.9738310282170077e-12	6.167212103291302e-13
1.3800000000000001	2.0390458333687958e-12	2.0060244050712667e-12	6.280478767070189e-13
1.385	2.0728870760617453e-12	2.039530370785206e-12	6.40492356452162e-13
1.3900000000000001	2.1071068390169677e-12	2.0734077116237722e-12	6.531122015858372e-13
1.395	2.141708091340992e-12	2.1076592940359437e-12	6.659090347331368e-13
1.4000000000000001	2.176693835921661e-12	2.1424055317073578e-12	6.788845011323842e-13
1.405	2.212067117403153e-12	2.177615645802261e-12	6.920402761542075e-13
1.4100000000000001	2.247830996391512e-12	2.2132152993679886e-12	7.053780411103848e-13
1.415	2.283988582136968e-12	2.2492076048894833e-12	7.188995139730167e-13
1.4200000000000002	2.320543018044622e-12	2.2855957088160197e-12	7.326064357868523e-13
1.425	2.357497481554959e-12	2.322382791448015e-12	7.465005705811612e-13
1.43	2.394855126789685e-12	2.3595720098474408e-12	7.605836516498326e-13
1.435	2.432619140437441e-12	2.397166553471508e-12	7.748574340191604e-13
1.44	2.470792764894985e-12	2.4351696672153784e-12	7.893237161359314e-13
1.445	2.5093792908720554e-12	2.4735846440572876e-12	8.039843329245439e-13
1.45	2.5483820437347774e-12	2.5124148114688254e-12	8.188411430002286e-13
1.455	2.5878043386771217e-12	2.5516634867887956e-12	8.33895986754292e-13
1.46	2.6276495282557346e-12	2.5913340245492984e-12	8.491507308850053e-13
1.465	2.667920995624545e-12	2.6314298097446357e-12	8.646072620796454e-13
1.47	2.708622162007121e-12	2.6719542652751015e-12	8.802674940111231e-13
1.475	2.7497564844101264e-12	2.7129108496748797e-12	8.961333652040793e-13
1.48	2.791327433158869e-12	2.7543030347484885e-12	9.122068180659792e-13
1.485	2.833338494345654e-12	2.796134308010369e-12	9.284898012123339e-13
1.49	2.8757932310781793e-12	2.8384082336740764e-12	9.449843266442734e-13
1.495	2.91869513091681e-12	2.881128300744923e-12	9.616923273952548e-13
1.5	2.962047720228557e-12	2.924298036883467e-12	9.786157643257584e-13
1.5050000000000001	3.005854606515814e-12	2.9679210505604128e-12	9.957566655665151e-13
1.51	3.0501192573816874e-12	3.0120008109544253e-12	1.013116920507797e-12
1.5150000000000001	3.0948451973015732e-12	3.056540843890606e-12	1.0306984633409805e-12
1.52	3.1400359739887637e-12	3.101544698351046e-12	1.0485032417024395e-12
1.5250000000000001	3.185695249860645e-12	3.1470160375662413e-12	1.0665333018174598e-12
1.53	3.2318266216216943e-12	3.192958459349269e-12	1.0847906205025118e-12
1.5350000000000001	3.278433789548302e-12	3.239375664682804e-12	1.1032772627709648e-12
1.54	3.3255205796808274e-12	3.2862714798309233e-12	1.1219954023542542e-12
1.5450000000000002	3.3730908580002593e-12	3.3336497708745933e-12	1.140947241781332e-12
1.55	3.4211483863481394e-12	3.3815143002145086e-12	1.1601348784816909e-12
1.5550000000000002	3.4696969178539385e-12	3.429868821605674e-12	1.17956039363095e-12
1.56	3.518740205545108e-12	3.478717088731749e-12	1.1992258602007145e-12
1.565	3.56828215996313e-12	3.5280630121956e-12	1.2191334893185886e-12
1.57	3.6183267058056008e-12	3.5779105167415067e-12	1.2392854970337989e-12
1.575	3.668877799778888e-12	3.6282635590383e-12	1.259684120899253e-12
1.58	3.719939377511943e-12	3.679126074802875e-12	1.2803315707287812e-12
1.585	3.771515414553533e-12	3.7305020395574e-12	1.3012300852203691e-12
1.59	3.823609942586928e-12	3.782395484784186e-12	1.3223819469645054e-12
1.595	3.876226936366993e-12	3.8348103853025985e-12	1.3437893776360303e-12
1.6	3.929370417997526e-12	3.88775076314052e-12	1.3654546347039525e-12
1.605	3.983044396664444e-12	3.941220627500927e-12	1.3873799555888414e-12
1.61	4.037253038303198e-12	3.995224143783135e-12	1.4095677147850973e-12
1.615	4.0920004937293314e-12	4.0497654623760536e-12	1.4320202646130736e-12
1.62	4.147290961001526e-12	4.1048487807843326e-12	1.4547399929717223e-12
1.625	4.20312858052007e-12	4.160478239122562e-12	1.4777292262783191e-12
1.6300000000000001	4.2595175462089386e-12	4.216658030877091e-12	1.5009903323841212e-12
1.635	4.316462066946421e-12	4.273392364483342e-12	1.5245256848779702e-12
1.6400000000000001	4.3739664239443525e-12	4.330685520493682e-12	1.5483377161209584e-12
1.645	4.432034909930505e-12	4.388541790988361e-12	1.5724288609912356e-12
1.6500000000000001	4.490671854640063e-12	4.4469655049737266e-12	1.5968015804408895e-12
1.655	4.549881570275407e-12	4.505960974042371e-12	1.6214583111158155e-12
1.6600000000000001	4.609668407056125e-12	4.565532547719471e-12	1.6464015166823871e-12
1.665	4.670036710468477e-12	4.625684570868317e-12	1.6716336483530094e-12
1.6700000000000002	4.7309909546823055e-12	4.686421516627567e-12	1.6971572680026856e-12
1.675	4.792535605027566e-12	4.747747849388053e-12	1.722974921190185e-12
1.6800000000000002	4.854675239697359e-12	4.809668146061845e-12	1.7490892494111732e-12
1.685	4.917414232490066e-12	4.872186779953328e-12	1.7755026975319578e-12
1.69	4.980757063345066e-12	4.935308230186737e-12	1.802217800246633e-12
1.695	5.044708100232292e-12	4.999036864358488e-12	1.8292369810130883e-12
1.7	5.109272074417892e-12	5.063377412149423e-12	1.856562989969358e-12
1.705	5.174453656962074e-12	5.128334543311252e-12	1.8841985135348804e-12
1.71	5.240257659621411e-12	5.193913067871517e-12	1.9121463594532143e-12
1.715	5.3066886410466474e-12	5.2601175436934294e-12	1.940409094219407e-12
1.72	5.373751207172276e-12	5.32695257581709e-12	1.9689893197907017e-12
1.725	5.441449950510089e-12	5.394422755962059e-12	1.997889617708434e-12
1.73	5.509789626105706e-12	5.4625328378860334e-12	2.027112710942411e-12
1.735	5.578775062421141e-12	5.5312876485793555e-12	2.0566613817849868e-12
1.74	5.648411073179232e-12	5.600692000409476e-12	2.0865383907575822e-12
1.745	5.718702501808422e-12	5.670750735414858e-12	2.1167465174876885e-12
1.75	5.789654222330986e-12	5.741468726191214e-12	2.1472885615090342e-12
1.7550000000000001	5.861271129901713e-12	5.812850866462466e-12	2.178167333554848e-12
1.76	5.933558143082977e-12	5.884902073348586e-12	2.2093856576406448e-12
1.7650000000000001	6.006520264990663e-12	5.957627348311694e-12	2.240946427185679e-12
1.77	6.080162506910889e-12	6.031031701026827e-12	2.2728525348334805e-12
1.7750000000000001	6.154490007989773e-12	6.105120268682593e-12	2.3051069822788533e-12
1.78	6.228928021898662e-12	6.179320175620627e-12	2.3371808318315147e-12
1.7850000000000001	6.303704561396172e-12	6.253858690256986e-12	2.3692818476689934e-12
1.79	6.379157564136355e-12	6.3290726677986085e-12	2.401718370174844e-12
1.7950000000000002	6.455291797117212e-12	6.404966873414992e-12	2.434493038611508e-12
1.8	6.532112056872533e-12	6.48154610121964e-12	2.4676085112243087e-12
1.8050000000000002	6.609623127142818e-12	6.5588151318733245e-12	2.501067426457001e-12
1.81	6.687829844647261e-12	6.636778797950171e-12	2.5348724632415915e-12
1.815	6.766737150762639e-12	6.715442035265354e-12	2.5690263882967255e-12
1.82	6.846349988965369e-12	6.794809780454914e-12	2.6035319621462404e-12
1.825	6.926673492648883e-12	6.874887158027334e-12	2.6383921110659334e-12
1.83	7.007712340478668e-12	6.955678837539498e-12	2.67360933696748e-12
1.835	7.089471422073275e-12	7.03718969702719e-12	2.7091863269595186e-12
1.84	7.171955465853657e-12	7.119424451834969e-12	2.745125612734343e-12
1.845	7.255169601369875e-12	7.202388215054808e-12	2.7814300850216977e-12
1.85	7.345216154495056e-12	7.286086162990039e-12	2.8181026865228923e-12
1.855	7.444758070566725e-12	7.370523465154346e-12	2.8551463478301472e-12
1.86	7.545359272145081e-12	7.455705313084327e-12	2.8925640140123073e-12
1.865	7.64702773498266e-12	7.542964380565719e-12	2.930358433208564e-12
1.87	7.749771876320607e-12	7.644860818263844e-12	2.9685324706391926e-12
1.875	7.853602667692583e-12	7.74783664572553e-12	3.0070890057947226e-12
1.8800000000000001	7.958530551923483e-12	7.851900338450876e-12	3.0460309423897835e-12
1.885	8.064564086156687e-12	7.957068339173004e-12	3.0853691326604022e-12
1.8900000000000001	8.171711801196076e-12	8.063335235492968e-12	3.12509260317383e-12
1.895	8.279982342265387e-12	8.170715947471697e-12	3.165210638984321e-12
1.9000000000000001	8.389384592654145e-12	8.279219344122847e-12	3.2057263101188594e-12
1.905	8.499927383702568e-12	8.38885424440841e-12	3.246642684287708e-12
1.9100000000000001	8.611619632895439e-12	8.499629552665703e-12	3.2879628618079585e-12
1.915	8.724470220394142e-12	8.611554137492233e-12	3.3296899447914635e-12
1.9200000000000002	8.838488100941259e-12	8.724636941511417e-12	3.372039018313024e-12
1.925	8.953682223929215e-12	8.838886902950569e-12	3.4147515339238153e-12
1.9300000000000002	9.070061637521784e-12	8.954313057807259e-12	3.4578753432403886e-12
1.935	9.187635616186755e-12	9.070924665056758e-12	3.501425557654962e-12
1.94	9.306413396523536e-12	9.188730947422145e-12	3.5454090517752392e-12
1.945	9.42640447398176e-12	9.30774138263309e-12	3.5898308337549248e-12
1.95	9.547617938294443e-12	9.427965051039171e-12	3.6346951211207195e-12
1.955	9.670063011396334e-12	9.549411163589159e-12	3.680005865419621e-12
1.96	9.793749029340809e-12	9.672089044117346e-12	3.725766901538448e-12
1.965	9.918685391963562e-12	9.796008079942254e-12	3.771982005344649e-12
1.97	1.0044886722121406e-11	9.92117757035756e-12	3.8186548904625705e-12
1.975	1.0172452303512412e-11	1.0047606922137885e-11	3.865789277677456e-12
1.98	1.0301421653808673e-11	1.0175593494051045e-11	3.913388798266452e-12
1.985	1.0431804579958917e-11	1.0304722262096285e-11	3.961457256395265e-12
1.99	1.0563611179469187e-11	1.0435121797164733e-11	4.009998533047623e-12
1.995	1.0696851373314715e-11	1.056681435617308e-11	4.0590164693693826e-12
2.	1.0831535524217476e-11	1.0699814629707446e-11	4.108515023895204e-12
2.005	1.0967673152797176e-11	1.0834134196022355e-11	4.15849795138727e-12
2.01	1.1105274147851616e-11	1.096978407133881e-11	4.208969107875742e-12
2.015	1.1244348523869309e-11	1.110677494642874e-11	4.259932390488449e-12
2.02	1.1384906371220479e-11	1.1245117341216168e-11	4.311391725514002e-12
2.025	1.1526957542702791e-11	1.1384821396286226e-11	4.3633509901308715e-12
2.0300000000000002	1.16705120775946e-11	1.1525897343377149e-11	4.415814119310589e-12
2.035	1.1815579873825584e-11	1.1668355214067162e-11	4.468785023796878e-12
2.04	1.1962171169063873e-11	1.1812205331748771e-11	4.522267711231247e-12
2.045	1.211029649067985e-11	1.1957458274629401e-11	4.576266273828588e-12
2.0500000000000003	1.2259966254440435e-11	1.2104124489113378e-11	4.63078478780703e-12
2.055	1.2411190988104194e-11	1.225221451515643e-11	4.685827371834162e-12
2.06	1.2563981166549182e-11	1.2401738827935477e-11	4.741398164043814e-12
2.065	1.271834733368805e-11	1.2552707960510968e-11	4.797501346327403e-12
2.07	1.287430010763017e-11	1.2705132510934575e-11	4.8541411359677024e-12
2.075	1.3031849865159418e-11	1.2862331254507653e-11	4.9113217066476486e-12
2.08	1.319100775458956e-11	1.3023656787598975e-11	4.969047443183831e-12
2.085	1.3351784719955083e-11	1.3184633948365983e-11	5.027322696818817e-12
2.09	1.3514191754325607e-11	1.3346722550674712e-11	5.086151849212596e-12
2.095	1.3678239892593107e-11	1.3510197696154316e-11	5.145539311015205e-12
2.1	1.3843940321331473e-11	1.3675172907739816e-11	5.205489549842363e-12
2.105	1.4011304255879708e-11	1.3841710329532128e-11	5.266007059809113e-12
2.11	1.4180343159603379e-11	1.4009850479481843e-11	5.327096416998976e-12
2.115	1.4351068604321737e-11	1.4179623027341026e-11	5.388762244841893e-12
2.12	1.4523491273440385e-11	1.4351050662168101e-11	5.451008964233405e-12
2.125	1.46976223654184e-11	1.452415290815629e-11	5.513841146420142e-12
2.13	1.4873473125897103e-11	1.4698946998080865e-11	5.57726339597876e-12
2.1350000000000002	1.5051054861257762e-11	1.4875448668178072e-11	5.641280354716424e-12
2.14	1.5230378957511055e-11	1.5053672659224878e-11	5.705896706919978e-12
2.145	1.5411456843170662e-11	1.5233632990721608e-11	5.771117170571123e-12
2.15	1.559429958747302e-11	1.5415342772357792e-11	5.836946397020406e-12
2.1550000000000002	1.577891875284227e-11	1.5598815186116837e-11	5.903389185615623e-12
2.16	1.596532684802423e-11	1.5784064033212306e-11	5.97045059806844e-12
2.165	1.6153535925030795e-11	1.597110242413197e-11	6.038135606820343e-12
2.17	1.6343558890593872e-11	1.6159944123782143e-11	6.1064494249843516e-12
2.1750000000000003	1.653540780664323e-11	1.635060191645732e-11	6.175397080367541e-12
2.18	1.6729093373396317e-11	1.6543087126037898e-11	6.2449832864830135e-12
2.185	1.6924627236756436e-11	1.6737411912712364e-11	6.3152130226235075e-12
2.19	1.7122020218375014e-11	1.6933587546534583e-11	6.386091090365299e-12
2.1950000000000003	1.732128414951125e-11	1.7131626228884447e-11	6.457622574836881e-12
2.2	1.7522432609329844e-11	1.733154183173572e-11	6.52981303098302e-12
2.23	1.8769607685279164e-11	1.8571172454605684e-11	6.977096570106226e-12
2.26	2.0087763877534382e-11	1.98815544333554e-11	7.449470681403883e-12
2.29	2.147969731151063e-11	2.126550032108422e-11	7.948906082910241e-12
2.32	2.294825915050336e-11	2.2725868759458083e-11	8.475989659630222e-12
2.35	2.4496387964001722e-11	2.426560125646713e-11	9.03225248109154e-12
2.38	2.612710576245024e-11	2.5887720433297506e-11	9.61936357657014e-12
2.41	2.7843526461787213e-11	2.7595362604059087e-11	1.0239221884547445e-11
2.44	2.964885453239351e-11	2.939168551193564e-11	1.0894139825522245e-11
2.4699999999999998	3.154636447828536e-11	3.127998389898972e-11	1.158714488939604e-11
2.5	3.353942762980284e-11	3.3263626908980564e-11	1.232249368706406e-11
2.53	3.56315477423878e-11	3.534608747426161e-11	1.3106072623520642e-11
2.56	3.782629868692282e-11	3.753099149061955e-11	1.4114697300343604e-11
2.59	4.015202006309573e-11	3.984664923720887e-11	1.5364330579922166e-11
2.62	4.2628223059716185e-11	4.231256929923995e-11	1.6583729993860805e-11
2.65	4.522420181830053e-11	4.4898043125939466e-11	1.782431105877442e-11
2.6799999999999997	4.7944185297883426e-11	4.760729682826349e-11	1.9106297533113375e-11
2.71	5.079243908247895e-11	5.044459371709426e-11	2.043927397582318e-11
2.74	5.377342688795385e-11	5.3414394407616475e-11	2.1829352412626196e-11
2.77	5.6891631130581596e-11	5.652117895857205e-11	2.328111485905227e-11
2.8	6.015171074999566e-11	5.976960336345779e-11	2.4798422268104967e-11
2.83	6.355839155508102e-11	6.316439082733414e-11	2.6384726230740456e-11
2.86	6.711648883250459e-11	6.671035417539257e-11	2.8043252857368214e-11
2.8899999999999997	7.083098154915768e-11	7.041246949471898e-11	2.977712469896853e-11
2.92	7.47069077199294e-11	7.427577232008451e-11	3.159067630844805e-11
2.95	7.874945664442634e-11	7.830544917735696e-11	3.34882498673212e-11
2.98	8.296388700029934e-11	8.250675628909773e-11	3.547101093453207e-11
3.01	8.735720515153642e-11	8.688669731162206e-11	3.7543674865160845e-11
3.04	9.193659355505185e-11	9.145245203139776e-11	3.971105357950077e-11
3.07	9.670772530511368e-11	9.620969063664957e-11	4.1976349811507594e-11
3.1	1.0167633515716935e-10	1.0116414536539416e-10	4.4342797408538783e-11
3.13	1.068483356070611e-10	1.0632172582104334e-10	4.681370284097706e-11
3.16	1.1223052415980569e-10	1.1168845510333735e-10	4.9392420455509795e-11
3.19	1.178372269554082e-10	1.1727634050649346e-10	5.2082352629168996e-11
3.2199999999999998	1.2366692996201778e-10	1.2309047426897713e-10	5.488699105297544e-11
3.25	1.2972597739993014e-10	1.2913366574096333e-10	5.7809849070826075e-11
3.2800000000000002	1.360210431286872e-10	1.3541258542565602e-10	6.08545726524179e-11
3.31	1.4255877638592974e-10	1.419338801238403e-10	6.40248290281573e-11
3.34	1.4934599842648213e-10	1.4870436839779015e-10	6.732437035776726e-11
3.37	1.5638960375325747e-10	1.5573094237236603e-10	7.075700315692529e-11
3.4	1.6369673801434438e-10	1.6302074465236999e-10	7.432664610694846e-11
3.4299999999999997	1.7127462756435936e-10	1.7058099884967317e-10	7.803727631557395e-11
3.46	1.791305653566068e-10	1.7841899552837424e-10	8.18929253328058e-11
3.49	1.8727201825576324e-10	1.865422048388188e-10	8.589771420091467e-11
3.52	1.9570661433474765e-10	1.949582422116585e-10	9.005585000906242e-11
3.55	2.0454502936387817e-10	2.036748503888139e-10	9.437161412075433e-11
3.58	2.1398459955540023e-10	2.130409282815272e-10	9.884939077818624e-11
3.61	2.2378217039600458e-10	2.2280964735343987e-10	1.034936900178204e-10
3.6399999999999997	2.339479569300686e-10	2.329460024760188e-10	1.085098032327615e-10
3.67	2.444924815090423e-10	2.4346051150400306e-10	1.1403564525436055e-10
3.7	2.554264990820266e-10	2.543639246954248e-10	1.1978505396153994e-10
3.73	2.6676093995952664e-10	2.6566716781415815e-10	1.2577089315840316e-10
3.76	2.7850682639489806e-10	2.7738125916712653e-10	1.3240202828362556e-10
3.79	2.9067534407622694e-10	2.8951734899503246e-10	1.392278876212048e-10
3.82	3.0327806083957535e-10	3.0208706284370475e-10	1.462472443132227e-10
3.8499999999999996	3.163267298047661e-10	3.1510211836774927e-10	1.5351655778159864e-10
3.88	3.298332453947015e-10	3.2857440567977487e-10	1.6105697697591322e-10
3.91	3.438096905076898e-10	3.425160034526231e-10	1.6888236626212826e-10
3.94	3.5826830635707866e-10	3.569391489124815e-10	1.770040759741008e-10
3.9699999999999998	3.7322184730967876e-10	3.718565908974798e-10	1.8543255039434296e-10
4.	3.886829846714664e-10	3.8728099668904224e-10	1.9417764717572352e-10
4.029999999999999	4.046647065521224e-10	4.0322534984141084e-10	2.032490756315066e-10
4.06	4.211802174370081e-10	4.19702850276818e-10	2.1265649163779388e-10
4.09	4.382428133285375e-10	4.3672679002348213e-10	2.2240951978958587e-10
4.12	4.5586624077571736e-10	4.54310912403476e-10	2.3251795708079512e-10
4.15	4.74064305464162e-10	4.724690151374785e-10	2.4299162984830844e-10
4.18	4.928510816394843e-10	4.912151696937077e-10	2.538405044370921e-10
4.21	5.12240906397487e-10	5.105637084301907e-10	2.6507469770054723e-10
4.24	5.322483466308088e-10	5.305291934842356e-10	2.7670447123328064e-10
4.27	5.528880226885885e-10	5.511262388847543e-10	2.887401578855225e-10
4.3	5.741748584069293e-10	5.723699045729662e-10	3.0119227829330745e-10
4.33	5.961240936380016e-10	5.94275015679616e-10	3.140715507201824e-10
4.359999999999999	6.18751267697324e-10	6.168575142525272e-10	3.273888868738816e-10
4.390000000000001	6.420719963462781e-10	6.401328757730527e-10	3.411552920736138e-10
4.42	6.661022966757794e-10	6.641171122743516e-10	3.5538201534247536e-10
4.449999999999999	6.908582507345312e-10	6.888263014522767e-10	3.7008039647792844e-10
4.48	7.163559675810715e-10	7.142765488279898e-10	3.8526184808875286e-10
4.51	7.42612399126741e-10	7.404848003553656e-10	4.0093823513272636e-10
4.54	7.696442615461075e-10	7.674677681532749e-10	4.1712137615482435e-10
4.57	7.974685791199169e-10	7.952424721640568e-10	4.338303607993858e-10
4.6	8.261031195336413e-10	8.238266738336991e-10	4.510926683577142e-10
4.63	8.555650677041084e-10	8.532375549935871e-10	4.689018522514512e-10
4.66	8.858722024244046e-10	8.834928899970511e-10	4.872706615548403e-10
4.6899999999999995	9.170427959028485e-10	9.146109457148623e-10	5.062150318725852e-10
4.72	9.490951120799855e-10	9.46609989180712e-10	5.257394190636659e-10
4.75	9.820478216685095e-10	9.795086713880398e-10	5.458658544605628e-10
4.779999999999999	1.0159198755758092e-9	1.0133259455044047e-9	5.666050278584189e-10
4.8100000000000005	1.050730364192378e-9	1.0480808990821673e-9	5.879706491277185e-10
4.84	1.0864986245814188e-9	1.0837928610934556e-9	6.099766138697456e-10
4.869999999999999	1.1232442234414627e-9	1.120481395452172e-9	6.326369954975739e-10
4.9	1.1609868867912013e-9	1.1581662239945437e-9	6.563499740841406e-10
4.93	1.1997468351762558e-9	1.1968675622941003e-9	6.813896759144313e-10
4.96	1.2395444753892942e-9	1.2366058124300627e-9	7.072269686524573e-10
4.99	1.280400073111408e-9	1.2774012366621913e-9	7.338807708835971e-10
5.02	1.3223346446495935e-9	1.3192748462853573e-9	7.61370513408889e-10
5.05	1.365369496948004e-9	1.362247943172339e-9	7.897159077364544e-10
5.08	1.4095260632755587e-9	1.4063419559753465e-9	8.189368613022706e-10
5.109999999999999	1.4548258015464956e-9	1.451578328426189e-9	8.49053422793032e-10
5.14	1.501290364229726e-9	1.4979787296791819e-9	8.800858690565524e-10
5.17	1.5489422485460768e-9	1.5455656414613966e-9	9.120550496375629e-10
5.199999999999999	1.5978039198097523e-9	1.5943615245914124e-9	9.449819279248438e-10
5.23	1.6478979239098153e-9	1.6443890882534944e-9	9.788876378497582e-10
5.26	1.6992473798053628e-9	1.6956711176881076e-9	1.0137937472517173e-9
5.29	1.7518755635933977e-9	1.748231046317013e-9	1.049722037382889e-9
5.32	1.8058057308252084e-9	1.80209194171693e-9	1.0866944051294235e-9
5.35	1.8610620976400058e-9	1.8572783771752053e-9	1.1247333964979553e-9
5.38	1.9176692918861223e-9	1.913814796162195e-9	1.1638619148412222e-9
5.41	1.975650872757355e-9	1.9717247557094514e-9	1.2041024047833604e-9
5.4399999999999995	2.0350313477627347e-9	2.031032759282426e-9	1.245477954875402e-9
5.47	2.095836135699403e-9	2.0917642199597217e-9	1.2880122868462034e-9
5.5	2.1580903301343295e-9	2.1539442272402233e-9	1.3317290709202627e-9
5.529999999999999	2.2218192760652075e-9	2.2175981221278586e-9	1.3766522432196686e-9
5.5600000000000005	2.2870492028150412e-9	2.2827521284121643e-9	1.422806364635034e-9
5.59	2.353806225220431e-9	2.349432356465402e-9	1.470216060781755e-9
5.619999999999999	2.4221161738523807e-9	2.4176646338316253e-9	1.5189059198683398e-9
5.65	2.492005734424995e-9	2.4874756417481286e-9	1.5689011406418878e-9
5.68	2.5635019160328355e-9	2.5588923847630945e-9	1.620227233484877e-9
5.71	2.6366323396163188e-9	2.631942478511987e-9	1.6729101888681634e-9
5.74	2.7114247916865515e-9	2.7066537045530597e-9	1.7269762219718227e-9
5.77	2.787906840217657e-9	2.7830536271521516e-9	1.7824515464377528e-9
5.8	2.8664788302527167e-9	2.861542584369156e-9	1.8397350879363307e-9
5.83	2.946952706996917e-9	2.941932523225617e-9	1.898639250221891e-9
5.859999999999999	3.0292324196005143e-9	3.0241273917152208e-9	1.9590608958187177e-9
5.89	3.1133484756985575e-9	3.1081576788601523e-9	2.021034371846402e-9
5.92	3.199330566221545e-9	3.1940530789745155e-9	2.084586294898962e-9
5.949999999999999	3.2872087660555652e-9	3.2818436636970586e-9	2.1497454767542906e-9
5.98	3.377014630692655e-9	3.3715609827064958e-9	2.216541750389561e-9
6.01	3.4687796493300536e-9	3.4632365202813803e-9	2.2850050408984707e-9
6.04	3.562534891199053e-9	3.5569013423371353e-9	2.3551651438461195e-9
6.07	3.6583122522486635e-9	3.6525873404081556e-9	2.4270524843059893e-9
6.1	3.756144549735949e-9	3.750327326101663e-9	2.5006981825794643e-9
6.13	3.856064316050957e-9	3.850153827472935e-9	2.5761333129183304e-9
6.16	3.958103733279312e-9	3.952099023656652e-9	2.653388855275824e-9
6.1899999999999995	4.062296918796722e-9	4.056197025785832e-9	2.7324971192234414e-9
6.22	4.168679231736633e-9	4.162483185015001e-9	2.813491328697585e-9
6.25	4.2772840044955814e-9	4.270990830572049e-9	2.8964035694467974e-9
6.279999999999999	4.3881447115489054e-9	4.381753434094942e-9	2.981266134985058e-9
6.3100000000000005	4.50129626102452e-9	4.494805898692612e-9	3.0681123470412093e-9
6.34	4.6167736854486555e-9	4.610183252310135e-9	3.156975733065145e-9
6.369999999999999	4.734612615252745e-9	4.727921300590403e-9	3.2478903278457426e-9
6.4	4.8548490474021964e-9	4.848055679336518e-9	3.3408905281675304e-9
6.43	4.97751901375319e-9	4.9706225918234825e-9	3.436010879201184e-9
6.459999999999999	5.102659034176388e-9	5.095658553191638e-9	3.5332863652420667e-9
6.49	5.230305541263418e-9	5.223199992108172e-9	3.632752037296021e-9
6.52	5.360495308956199e-9	5.353283678586945e-9	3.734443288559736e-9
6.550000000000001	5.493266285542717e-9	5.485947555499971e-9	3.838396401262377e-9
6.58	5.6286566902422765e-9	5.621229836834843e-9	3.944647962174829e-9
6.609999999999999	5.766704279600646e-9	5.759168275368298e-9	4.053234377497111e-9
6.640000000000001	5.90744730302642e-9	5.899801116478393e-9	4.164192497281825e-9
6.67	6.050924731513342e-9	6.04316732648917e-9	4.277559769707995e-9
6.699999999999999	6.1971756776598805e-9	6.189306013709481e-9	4.393373858665354e-9
6.73	6.346240223788334e-9	6.338257255142163e-9	4.511673196348941e-9
6.76	6.498158999633128e-9	6.490061674928291e-9	4.6324967068208445e-9
6.789999999999999	6.6529718209334285e-9	6.64475908520501e-9	4.755882890740071e-9
6.82	6.81071881181834e-9	6.802389606563012e-9	4.88187057186564e-9
6.85	6.97144164755126e-9	6.962994908775446e-9	5.010499740187692e-9
6.879999999999999	7.135182527833556e-9	7.126617185843879e-9	5.141810866503379e-9
6.91	7.301982894009052e-9	7.293297875502712e-9	5.275844028744603e-9
6.9399999999999995	7.471884420048024e-9	7.463078368361775e-9	5.412639578403919e-9
6.970000000000001	7.644929746612977e-9	7.636001853064523e-9	5.55223864488959e-9
7.	7.821161995355845e-9	7.812111173269036e-9	5.694682806956808e-9
7.029999999999999	8.000624549501857e-9	7.99144970762291e-9	5.8400139427550865e-9
7.0600000000000005	8.183361055348556e-9	8.17406120965828e-9	5.988274230121729e-9
7.09	8.369415740107738e-9	8.35998968104072e-9	6.139506366845925e-9
7.119999999999999	8.558833710159926e-9	8.549280331973033e-9	6.293753781159589e-9
7.15	8.751660258151932e-9	8.741978449999057e-9	6.451060152601297e-9
7.18	8.94793964119793e-9	8.938128289054407e-9	6.61146855337803e-9
7.209999999999999	9.147716341046129e-9	9.137774326714031e-9	6.775022320297242e-9
7.24	9.351037747568301e-9	9.340963943841844e-9	6.941766946474352e-9
7.27	9.557951556837292e-9	9.547744828042531e-9	7.111748266498288e-9
7.299999999999999	9.768504080641253e-9	9.758163291185439e-9	7.285011257159225e-9
7.33	9.982742019398386e-9	9.972266030813553e-9	7.461601281416896e-9
7.359999999999999	1.020071298857447e-8	1.01901006579832e-8	7.641564464230416e-9
7.390000000000001	1.0422465192585515e-8	1.0411715372421937e-8	7.824947464886231e-9
7.42	1.0648047124685949e-8	1.0637158662844571e-8	8.011797264153489e-9
7.449999999999999	1.087750765131736e-8	1.0866479391186037e-8	8.202161224295103e-9
7.48	1.1110896042578362e-8	1.1099726823032825e-8	8.396087111210052e-9
7.51	1.1348262026496015e-8	1.1336950681825694e-8	8.593623134069265e-9
7.539999999999999	1.158965595446734e-8	1.1578201314089163e-8	8.794818066029133e-9
7.57	1.1835127911691468e-8	1.1823528801041577e-8	8.999720600932578e-9
7.6	1.2084727920753377e-8	1.2072983161879814e-8	9.208379632092982e-9
7.629999999999999	1.2338507358337514e-8	1.2326615768649092e-8	9.420844739897153e-9
7.66	1.2596519334041084e-8	1.2584479724627769e-8	9.637167143928731e-9
7.6899999999999995	1.2858817321296823e-8	1.2846628497053111e-8	9.857398741199864e-9
7.720000000000001	1.3125452812288485e-8	1.3113113574973941e-8	1.008158967242929e-8
7.75	1.3396478166211909e-8	1.3383987313846904e-8	1.0309790958732456e-8
7.779999999999999	1.3671946935237325e-8	1.3659303261123493e-8	1.0542054607304488e-8
7.8100000000000005	1.3951913266752243e-8	1.3939115559265855e-8	1.0778433176296696e-8
7.84	1.4236431403144947e-8	1.4223478446147405e-8	1.101897940584342e-8
7.869999999999999	1.4525555392592337e-8	1.4512445966173883e-8	1.126374600087776e-8
7.9	1.4819338907624598e-8	1.4806071789036126e-8	1.1512785491392681e-8
7.93	1.5117839211213037e-8	1.5104413171068988e-8	1.1766153185823282e-8
7.959999999999999	1.5421114026656073e-8	1.5407527828965648e-8	1.2023907638868899e-8
7.99	1.5729219645804146e-8	1.5715472027727015e-8	1.2286098149169718e-8
8.02	1.6042211319245315e-8	1.602830105989336e-8	1.2552781598751606e-8
8.049999999999999	1.6360144762579284e-8	1.6346070616148993e-8	1.2824012578872368e-8
8.08	1.6683079015603234e-8	1.666883973018553e-8	1.3099848285036926e-8
8.11	1.7011072878444498e-8	1.6996667196837883e-8	1.3380345846954685e-8
8.14	1.734418506354336e-8	1.732961172386727e-8	1.3665562438642319e-8
8.17	1.768247454237512e-8	1.7667732278276486e-8	1.3955555537801224e-8
8.2	1.8026000888286855e-8	1.8011088428762688e-8	1.425038003075579e-8
8.23	1.8374824012117343e-8	1.8359740081634994e-8	1.4550100582470673e-8
8.26	1.8729004305045155e-8	1.8713747623504764e-8	1.4854772963105892e-8
8.29	1.9088602610347304e-8	1.9073171893077757e-8	1.5164456500296396e-8
8.32	1.9453680183667296e-8	1.94380741414666e-8	1.5479210942768677e-8
8.35	1.9824298438276306e-8	1.9808515777721882e-8	1.579909626492777e-8
8.379999999999999	2.0200520427799677e-8	2.018455985443413e-8	1.6124173805181107e-8
8.41	2.0582410029678695e-8	2.056627023422895e-8	1.6454505645751683e-8
8.44	2.0970030215394898e-8	2.0953709888732012e-8	1.6790153280704448e-8
8.47	2.136344305186452e-8	2.134694088186745e-8	1.713117760777217e-8
8.5	2.176271004174575e-8	2.174602471429828e-8	1.7477639182885908e-8
8.53	2.2167897795342577e-8	2.2151027989553612e-8	1.782960261411269e-8
8.56	2.2579072966364017e-8	2.2562017355054648e-8	1.8187132657979884e-8
8.59	2.2996302129839927e-8	2.2979059380136213e-8	1.8550294121712753e-8
8.62	2.3419648984203436e-8	2.340221776087838e-8	1.891914967781912e-8
8.65	2.3849177521886106e-8	2.3831556310079176e-8	1.9293762319006184e-8
8.68	2.428495549366226e-8	2.4267143121443075e-8	1.967419806844599e-8
8.709999999999999	2.4727051910161588e-8	2.4709047028194052e-8	2.006052404348618e-8
8.74	2.5175537572483908e-8	2.5157338823956448e-8	2.0452808877549526e-8
8.77	2.5630477083017923e-8	2.561208389130957e-8	2.0851117061243434e-8
8.799999999999999	2.609193893953752e-8	2.6073349173789336e-8	2.1255514401754383e-8
8.83	2.6559990356982235e-8	2.6541202652389995e-8	2.166606761689525e-8
8.86	2.70347035624058e-8	2.7015716547164597e-8	2.2082846871185937e-8
8.89	2.7516151328041486e-8	2.749696362335559e-8	2.2505922873548336e-8
8.92	2.8004403668842242e-8	2.798501390966386e-8	2.2935364274287503e-8
8.95	2.849952976944254e-8	2.8479936553002526e-8	2.337123924401406e-8
8.98	2.900159846588253e-8	2.8981800404638938e-8	2.3813615936196126e-8
9.01	2.9510683541507376e-8	2.949067924177818e-8	2.4262566287473722e-8
9.04	3.0026858509548316e-8	3.000664657223407e-8	2.4718162120233517e-8
9.07	3.055019756201707e-8	3.052977658245754e-8	2.5180475902251846e-8
9.1	3.1080773625288916e-8	3.106014219484042e-8	2.5649579192970255e-8
9.129999999999999	3.16186607416037e-8	3.1597817447078363e-8	2.6125544540905835e-8
9.16	3.216393345585196e-8	3.214287687951069e-8	2.6608444995761826e-8
9.19	3.271666688905373e-8	3.269539558688685e-8	2.709835415041597e-8
9.219999999999999	3.32769368750446e-8	3.325544944128867e-8	2.759534632099901e-8
9.25	3.384481926596206e-8	3.382311426906842e-8	2.809949588527892e-8
9.28	3.442038986894231e-8	3.4398465873434356e-8	2.8610877298136762e-8
9.31	3.500372388021545e-8	3.498157944760696e-8	2.9129564614619498e-8
9.34	3.559490002610924e-8	3.557253371233877e-8	2.9655634833353067e-8
9.37	3.619399814195566e-8	3.617140849691475e-8	3.018916595269714e-8
9.4	3.68011002734722e-8	3.6778285839644876e-8	3.073023786733788e-8
9.43	3.74162833080303e-8	3.7393242625201954e-8	3.1278926394099557e-8
9.459999999999999	3.803962523356441e-8	3.801635683829385e-8	3.1835308330799955e-8
9.49	3.8671203053710926e-8	3.864770548050195e-8	3.239945976250374e-8
9.52	3.931109950068519e-8	3.9287371277743767e-8	3.297146152622613e-8
9.549999999999999	3.995939646025376e-8	3.9935436110618e-8	3.35513942850842e-8
9.58	4.0616177590087175e-8	4.059198363065222e-8	3.413933901368543e-8
9.61	4.128152320422106e-8	4.125709414881361e-8	3.473537528284677e-8
9.64	4.1955515316009956e-8	4.1930849674430133e-8	3.5339583909251e-8
9.67	4.2638234595487915e-8	4.261333087494074e-8	3.595204417593102e-8
9.7	4.332976812875545e-8	4.3304624829264706e-8	3.6572841239233906e-8
9.73	4.40302018550712e-8	4.400481747082639e-8	3.7202059246830536e-8
9.76	4.473962516415982e-8	4.471399818132899e-8	3.7839785286749314e-8
9.79	4.545811793279271e-8	4.5432246837191204e-8	3.848609871740786e-8
9.82	4.6185763619333836e-8	4.6159646964040594e-8	3.914108198199173e-8
9.85	4.692264272043481e-8	4.6896278919066e-8	3.980481498763726e-8
9.879999999999999	4.766884857647533e-8	4.764223610249117e-8	4.0477388506201134e-8
9.91	4.842447086306914e-8	4.8397608183726186e-8	4.115889033467847e-8
9.94	4.9189603564501715e-8	4.916248913813854e-8	4.184941194197355e-8
9.969999999999999	4.9964329777849055e-8	4.9936962062294046e-8	4.2549035876003897e-8
10.	5.0748737290498505e-8	5.072111474024233e-8	4.3257848652515676e-8
10.03	5.1542911161426145e-8	5.151503222886684e-8	4.397593439251464e-8
10.06	5.234694545800999e-8	5.231880853515502e-8	4.470338542510983e-8
10.09	5.3160931773395784e-8	5.313253535357058e-8	4.544029149206635e-8
10.12	5.398496233313062e-8	5.3956306920972685e-8	4.618674489370245e-8
10.15	5.481913078886878e-8	5.4790212758909735e-8	4.6942839671654045e-8
10.18	5.5663526600262646e-8	5.563434437928945e-8	4.7708649110183016e-8
10.209999999999999	5.651824050597124e-8	5.648879264952884e-8	4.8484279797232206e-8
10.24	5.738336736416175e-8	5.735365219132946e-8	4.926981901981105e-8
10.27	5.825900182665493e-8	5.8229017719124044e-8	5.0065359941930135e-8
10.3	5.9145239072825284e-8	5.911498443881551e-8	5.087099615252608e-8
10.33	6.004217452395797e-8	6.001164776694303e-8	5.168682153502539e-8
10.36	6.094990410806515e-8	6.091910362681271e-8	5.251293048900073e-8
10.39	6.186852520546307e-8	6.183744939344579e-8	5.3349418726538445e-8
10.42	6.279813439716265e-8	6.27667818225939e-8	5.4196381529191546e-8
10.45	6.373882796608696e-8	6.370719683597801e-8	5.505391356202386e-8
10.48	6.469070261995261e-8	6.465879131584644e-8	5.592211038485268e-8
10.51	6.565385583117799e-8	6.562166273073104e-8	5.680106813757642e-8
10.540000000000001	6.662838752328997e-8	6.659591099904124e-8	5.769088515507575e-8
10.57	6.761439726730423e-8	6.758163568728209e-8	5.8591659454906165e-8
10.6	6.86119844171754e-8	6.857893614547484e-8	5.950348908410213e-8
10.63	6.962125200224986e-8	6.958791539726032e-8	6.042647530631477e-8
10.66	7.06423028424497e-8	7.060867625752349e-8	6.136071936722515e-8
10.69	7.167523927392919e-8	7.164132419319753e-8	6.2306327845934e-8
10.72	7.272016959683652e-8	7.268596124116799e-8	6.326339546431687e-8
10.75	7.377719353490768e-8	7.374268943016273e-8	6.423202681104242e-8
10.78	7.484641386626305e-8	7.481161315273311e-8	6.521232348820202e-8
10.81	7.592793616675701e-8	7.589283717637872e-8	6.620438957874102e-8
10.84	7.702186878798372e-8	7.698647058734356e-8	6.720833163490647e-8
10.870000000000001	7.812832002647026e-8	7.809262020307679e-8	6.822425626615188e-8
10.9	7.924739974769214e-8	7.921139661642684e-8	6.925227152500806e-8
10.93	8.037921339270521e-8	8.034290526563326e-8	7.029248246771291e-8
10.96	8.1523865114871e-8	8.14872543546949e-8	7.134499454976402e-8
10.99	8.268146905342597e-8	8.264454992566218e-8	7.240991351576904e-8
11.02	8.385213432481057e-8	8.381490512868923e-8	7.348735061660174e-8
11.05	8.503597353291412e-8	8.499842939782219e-8	7.457741673048957e-8
11.08	8.623310042981516e-8	8.619524278164366e-8	7.568022382055372e-8
11.11	8.744362819891362e-8	8.740545532043807e-8	7.679588345928204e-8
11.14	8.866766875622863e-8	8.862917892629465e-8	7.792450622251885e-8
11.17	8.990533590201413e-8	8.986652739482623e-8	7.906620439866216e-8
11.2	9.11567457161591e-8	9.111761680036489e-8	8.022109233393988e-8
11.23	9.242201034373803e-8	9.23825592850477e-8	8.138928107418863e-8
11.26	9.370124433073341e-8	9.366146939090871e-8	8.257088382204629e-8
11.290000000000001	9.499456051189068e-8	9.495445995005825e-8	8.376601238819263e-8
11.32	9.630207649274352e-8	9.62616485630722e-8	8.497478279125885e-8
11.35	9.762391225897082e-8	9.758315520973372e-8	8.619731320183756e-8
11.38	9.896018792235956e-8	9.891909911674332e-8	8.743372123281411e-8
11.41	1.0031102201842239e-7	1.0026960056610277e-7	8.868412550361723e-8
11.44	1.0167653515069709e-7	1.0163477928491556e-7	8.994864424354043e-8
11.47	1.0305684827243457e-7	1.030147571257896e-7	9.122739683111956e-8
11.5	1.0445208554122907e-7	1.044096564399331e-7	9.252050551896371e-8
11.53	1.058623672443582e-7	1.0581959840675795e-7	9.382808928964172e-8
11.56	1.07287812764631e-7	1.072447024061031e-7	9.515026642244904e-8
11.59	1.0872854322956131e-7	1.0868508956191205e-7	9.648715679576525e-8
11.62	1.1018467643612918e-7	1.1014087766967846e-7	9.783887746760164e-8
11.65	1.116563426382123e-7	1.1161219697591645e-7	9.920555555807414e-8
11.68	1.1314366804280109e-7	1.1309917368173785e-7	1.0058731736930884e-7
11.71	1.1464678182642088e-7	1.1460193695765036e-7	1.0198428928110989e-7
11.74	1.1616581071212974e-7	1.1612061352200307e-7	1.0339659229731035e-7
11.77	1.1770087872845692e-7	1.176553230487718e-7	1.0482435768283966e-7
11.8	1.1925211273523532e-7	1.1920620107601941e-7	1.0626770676974263e-7
11.83	1.208196368090567e-7	1.20773367347224e-7	1.0772676268436589e-7
11.86	1.2240358362909752e-7	1.223569545351604e-7	1.0920165616601467e-7
11.89	1.2400408435424322e-7	1.2395709379346314e-7	1.1069264371254823e-7
11.92	1.256212708277454e-7	1.255739169601489e-7	1.12199603047889e-7
11.95	1.2725527580186243e-7	1.27207556782146e-7	1.1372279072228124e-7
11.98	1.289062304622819e-7	1.2885814444107655e-7	1.1526220487819349e-7
12.01	1.3057426775858672e-7	1.3052581288151978e-7	1.1681823863981933e-7
12.040000000000001	1.3225952331218316e-7	1.3221069771931926e-7	1.18390895777787e-7
12.07	1.339621301510621e-7	1.3391293197839649e-7	1.199803079484461e-7
12.1	1.3568222033843865e-7	1.356326477186666e-7	1.2158660603918596e-7
12.13	1.3741992798773814e-7	1.3736997904959317e-7	1.2320992282129785e-7
12.16	1.391753853064217e-7	1.3912505817592392e-7	1.2485038946499874e-7
12.19	1.4094873090311844e-7	1.4089802370080285e-7	1.2650814286340016e-7
12.22	1.4274010259163676e-7	1.4268901343314484e-7	1.2818331929393827e-7
12.25	1.44549637917433e-7	1.44498164914399e-7	1.2987605487974433e-7
12.28	1.4637747269621614e-7	1.4632561395697704e-7	1.3158648429505443e-7
12.31	1.4822375214009633e-7	1.4817150576575658e-7	1.333147506015883e-7
12.34	1.500886185636046e-7	1.5003598264976035e-7	1.3506099438955794e-7
12.37	1.5197221878551348e-7	1.5191919142052203e-7	1.3682536032384774e-7
12.4	1.538746983984418e-7	1.538212776643647e-7	1.3860799207576793e-7
12.43	1.557961909245171e-7	1.5574237490298792e-7	1.4040902270199345e-7
12.46	1.5773683710556645e-7	1.5768262387475404e-7	1.4222859172682917e-7
12.49	1.5969677352306797e-7	1.5964216115985637e-7	1.4406683505663559e-7
12.52	1.6167614458746589e-7	1.616211311641918e-7	1.4592389561724368e-7
12.55	1.636751006554763e-7	1.636196842375903e-7	1.477999216991091e-7
12.58	1.6569378884384427e-7	1.6563796749171843e-7	1.4969505880147654e-7
12.61	1.6773235924201226e-7	1.6767613100995388e-7	1.5160945515043694e-7
12.64	1.697909584925258e-7	1.6973432143064386e-7	1.5354325598952172e-7
12.67	1.7186973366621884e-7	1.7181268582054644e-7	1.5549660702132195e-7
12.7	1.7396883355128077e-7	1.7391137296333322e-7	1.5746965555582557e-7
12.73	1.7608840594259067e-7	1.7603053065011098e-7	1.5946254809584546e-7
12.76	1.78228603019895e-7	1.7817031105525935e-7	1.614754351314804e-7
12.79	1.80389577062852e-7	1.8033086645335654e-7	1.6350847007729038e-7
12.82	1.8257148070492093e-7	1.825123494729532e-7	1.6556179851064987e-7
12.85	1.8477446971955263e-7	1.8471491588157467e-7	1.676355771022324e-7
12.88	1.8699869531580734e-7	1.8693871688462645e-7	1.6972995579837098e-7
12.91	1.892443109947919e-7	1.8918390597888727e-7	1.7184508666947944e-7
12.94	1.91511471286321e-7	1.9145063768971793e-7	1.7398112278335578e-7
12.97	1.938003343171743e-7	1.9373907013824925e-7	1.7613822050561254e-7
13.	1.96111052326149e-7	1.9604935556040401e-7	1.7831653100855761e-7
13.03	1.9844378050136142e-7	1.9838164914047994e-7	1.8051620817803355e-7
13.06	2.0079867491246397e-7	2.0073610694423987e-7	1.8273740676399796e-7
13.09	2.031758844257726e-7	2.0311287783735147e-7	1.8498027512665154e-7
13.12	2.0557557672360093e-7	2.0551212949404397e-7	1.8724497857745363e-7
13.15	2.0799791384231662e-7	2.0793402394526062e-7	1.8953167744840106e-7
13.18	2.1044305814917076e-7	2.1037872355301403e-7	1.9184053244866562e-7
13.21	2.1291117811503677e-7	2.128463967808028e-7	1.9417170985390088e-7
13.24	2.154024311143907e-7	2.1533720100051826e-7	1.9652536604665182e-7
13.27	2.179169791433871e-7	2.178512982041548e-7	1.9890166163575408e-7
13.3	2.2045498545080229e-7	2.203888516361249e-7	2.013007584316432e-7
13.33	2.2301661019129427e-7	2.2295002144823739e-7	2.0372281553213063e-7
13.36	2.256020225412713e-7	2.2553497681077896e-7	2.0616800023331284e-7
13.39	2.2821139042579601e-7	2.2814388564350643e-7	2.0863647878482577e-7
13.42	2.3084488188939555e-7	2.3077691598590478e-7	2.1112841762202048e-7
13.45	2.3350267133000414e-7	2.3343424222871486e-7	2.1364398899086432e-7
13.48	2.3618492297227543e-7	2.3611602859365621e-7	2.1618335603777253e-7
13.51	2.388918025916243e-7	2.388224408528802e-7	2.1874668337750348e-7
13.54	2.416234785721752e-7	2.415536473865225e-7	2.2133413805098605e-7
13.57	2.4438011726497014e-7	2.443098145426907e-7	2.239458853326756e-7
13.6	2.4716189025184203e-7	2.4709111389856864e-7	2.2658209529527885e-7
13.63	2.499689714876397e-7	2.498977194037576e-7	2.2924294023311776e-7
13.66	2.528015339056008e-7	2.527298040051718e-7	2.3192859159203766e-7
13.69	2.5565974895835943e-7	2.555875391154672e-7	2.3463921955017023e-7
13.72	2.585437910293576e-7	2.584710991315725e-7	2.373749970112683e-7
13.75	2.614538402884601e-7	2.6138066421697024e-7	2.4013610219732816e-7
13.78	2.643900747638959e-7	2.6431641239461537e-7	2.429227114687415e-7
13.81	2.6735267571416126e-7	2.672785249168493e-7	2.4573500419262626e-7
13.84	2.703418286978449e-7	2.7026718733485553e-7	2.4857316371864435e-7
13.87	2.733577017776637e-7	2.7328256771062365e-7	2.514373575934456e-7
13.9	2.764004723752049e-7	2.7632484346185373e-7	2.543277619222196e-7
13.93	2.794703186177691e-7	2.793941927119775e-7	2.572445535208629e-7
13.96	2.8256741287394583e-7	2.824907878280456e-7	2.6018790403858343e-7
13.99	2.8569194284014653e-7	2.8561481649970383e-7	2.631579991257292e-7
14.02	2.888440916101756e-7	2.887664618159429e-7	2.6615502032540733e-7
14.05	2.9202404271057296e-7	2.9194590729862273e-7	2.6917914964732096e-7
14.08	2.9523198115605927e-7	2.9515333795754425e-7	2.7223057052839784e-7
14.11	2.984680915918671e-7	2.9838893843343605e-7	2.753094661417585e-7
14.14	3.0173255926637e-7	3.016528939702363e-7	2.784160282238806e-7
14.17	3.050255705961199e-7	3.049453909577347e-7	2.815504258878771e-7
14.2	3.083473115106632e-7	3.0826661536550996e-7	2.847128515638631e-7
14.23	3.116979688999858e-7	3.116167540574175e-7	2.8790349092515393e-7
14.26	3.1507773568747044e-7	3.149959999508695e-7	2.911225345339562e-7
14.29	3.1848680292376406e-7	3.1840454409148036e-7	2.943701723501128e-7
14.32	3.2192536252893685e-7	3.2184257839427786e-7	2.9764659451229834e-7
14.35	3.2539361520239515e-7	3.2531030355094637e-7	3.009519907375973e-7
14.38	3.288917448803879e-7	3.288079034959739e-7	3.042865614934942e-7
14.41	3.324199426789797e-7	3.3233556934148773e-7	3.076504879534721e-7
14.44	3.359784010285898e-7	3.3589349351379424e-7	3.1104396117599823e-7
14.47	3.395673101602109e-7	3.3948186624076685e-7	3.1446717027424596e-7
14.5	3.4318686506531847e-7	3.4310088250943713e-7	3.179203087837693e-7
14.53	3.4683726498786316e-7	3.467507415581828e-7	3.214035742040537e-7
14.56	3.5051870730525364e-7	3.5043164075973865e-7	3.2491716239760357e-7
14.59	3.542313903087081e-7	3.541437784032258e-7	3.284612701340696e-7
14.62	3.5797551401764726e-7	3.5788735449789954e-7	3.320360958372869e-7
14.65	3.617512769538253e-7	3.616625675638579e-7	3.356418366278393e-7
14.68	3.655588794975477e-7	3.654696179768609e-7	3.3927869139907393e-7
14.71	3.6939852286187894e-7	3.6930870694536885e-7	3.4294685987729984e-7
14.74	3.732704103028508e-7	3.731800377205048e-7	3.466465437332416e-7
14.77	3.771747441162527e-7	3.7708381259403267e-7	3.5037794382568485e-7
14.8	3.8111172643075767e-7	3.810202336898149e-7	3.541412609262105e-7
14.83	3.850815611171892e-7	3.849895048747132e-7	3.579366974748392e-7
14.86	3.8908445274247895e-7	3.889918307113533e-7	3.617644566183387e-7
14.89	3.931206013909192e-7	3.930274112813796e-7	3.656247374467837e-7
14.92	3.9719022053778824e-7	3.970964600534909e-7	3.695177514321469e-7
14.95	4.012935191138051e-7	4.011991859535298e-7	3.734437059387295e-7
14.98	4.054307069388501e-7	4.05335798796471e-7	3.774028092181179e-7
15.01	4.0960199464841727e-7	4.0950650921298586e-7	3.8139527034172073e-7
15.04	4.1380759384720026e-7	4.137115288028483e-7	3.854212993422086e-7
15.07	4.1804772144536564e-7	4.179510702100392e-7	3.8948110728303787e-7
15.1	4.223225824052011e-7	4.2222534688447693e-7	3.93574906039245e-7
15.13	4.2663239531697244e-7	4.2653457318016075e-7	3.9770290838748627e-7
15.16	4.3097738403385273e-7	4.3087897294260074e-7	4.0186533593226463e-7
15.19	4.3535775592310043e-7	4.3525875353677216e-7	4.0606239930042606e-7
15.22	4.3977372291321807e-7	4.396741268877548e-7	4.1029430093932966e-7
15.25	4.442254997283611e-7	4.441253077156894e-7	4.145612583581173e-7
15.28	4.487133005041035e-7	4.4861251015255587e-7	4.188634844565112e-7
15.31	4.532373352036119e-7	4.531359441593954e-7	4.2320118834068576e-7
15.34	4.5779783148774376e-7	4.576958373899656e-7	4.275745955323546e-7
15.37	4.623950100339186e-7	4.6229241508094344e-7	4.319839251715069e-7
15.4	4.6702909241829707e-7	4.669258897069348e-7	4.364293972957804e-7
15.43	4.717003008761064e-7	4.715964880313788e-7	4.4091123261884425e-7
15.459999999999999	4.7640885877108443e-7	4.763044334132407e-7	4.454296529646969e-7
15.49	4.811549908537455e-7	4.810499505981189e-7	4.4998488150723036e-7
15.52	4.859389224775884e-7	4.858332649346818e-7	4.545771420452091e-7
15.55	4.907608799117485e-7	4.906546026872287e-7	4.5920665929161375e-7
15.58	4.956210949416581e-7	4.955141956350459e-7	4.638736631369369e-7
15.61	5.005197921955836e-7	5.004122684025519e-7	4.685783769084904e-7
15.64	5.054571966057315e-7	5.05349045918258e-7	4.7332102427724396e-7
15.67	5.104335361632382e-7	5.10324756169157e-7	4.781018318123538e-7
15.7	5.154490397122182e-7	5.153396279947066e-7	4.829210269377125e-7
15.73	5.205039337825323e-7	5.203938879215162e-7	4.877788349928687e-7
15.76	5.255984524229065e-7	5.25487769993035e-7	4.926754883566155e-7
15.79	5.307328284862968e-7	5.306215070575303e-7	4.976113893049604e-7
15.82	5.35907295279171e-7	5.357953324169048e-7	5.02586429225428e-7
15.85	5.411220868161036e-7	5.410094800812206e-7	5.076010101618518e-7
15.88	5.463774336273094e-7	5.46264180577374e-7	5.126553614820654e-7
15.91	5.516735777296188e-7	5.515596759159832e-7	5.177497232904846e-7
15.94	5.570107573991085e-7	5.56896204368195e-7	5.228843322828904e-7
15.97	5.623892118662905e-7	5.622740051595839e-7	5.280594261075014e-7
16.	5.678091829026863e-7	5.676933200563014e-7	5.33275244841224e-7
16.029999999999998	5.732709187566586e-7	5.731543973110004e-7	5.385320346545942e-7
16.06	5.787746499447322e-7	5.786574674161901e-7	5.43830025283697e-7
16.09	5.843206166899965e-7	5.842027706017722e-7	5.491694555552341e-7
16.119999999999997	5.899090600774244e-7	5.897905479485066e-7	5.545505651601018e-7
16.15	5.955402211144175e-7	5.954210404598379e-7	5.599735937782174e-7
16.18	6.012143403386912e-7	6.010944886698785e-7	5.654387807120182e-7
16.209999999999997	6.069316658739742e-7	6.068111406969988e-7	5.709461803542546e-7
16.24	6.126924434028163e-7	6.12571242219276e-7	5.764964194294511e-7
16.27	6.184969195144661e-7	6.18375039821489e-7	5.820895525936347e-7
16.3	6.243453389915112e-7	6.242227782824592e-7	5.877258233520037e-7
16.33	6.302379447271677e-7	6.301147004923469e-7	5.934054735056998e-7
16.36	6.361749975371137e-7	6.360510672594002e-7	5.99128761639859e-7
16.39	6.421567506204292e-7	6.420321317774923e-7	6.048959393012724e-7
16.419999999999998	6.481834581979778e-7	6.48058148262267e-7	6.107072590549652e-7
16.45	6.542553815807301e-7	6.541293780179265e-7	6.165629801524538e-7
16.48	6.603727922187725e-7	6.602460924855016e-7	6.224633713878634e-7
16.509999999999998	6.665359184015507e-7	6.664085199565267e-7	6.28408661298398e-7
16.54	6.727450112477621e-7	6.726169115462089e-7	6.343990997977612e-7
16.57	6.790003226546691e-7	6.788715191483447e-7	6.404349375847141e-7
16.599999999999998	6.853021000823769e-7	6.851725902208917e-7	6.46516421265129e-7
16.63	6.916505709358735e-7	6.915203521718473e-7	6.526437787360129e-7
16.66	6.980460301162761e-7	6.979150998888234e-7	6.588173010823584e-7
16.689999999999998	7.044887419551954e-7	7.043570976977966e-7	6.650372508722252e-7
16.72	7.109789718889622e-7	7.108466110294419e-7	6.713038917722836e-7
16.75	7.175169870605334e-7	7.173839070208911e-7	6.776174891116712e-7
16.779999999999998	7.241030829162486e-7	7.23969281106039e-7	6.839783347932216e-7
16.81	7.307374934527376e-7	7.306029672842794e-7	6.903866632419236e-7
16.84	7.374204814288407e-7	7.372852283104072e-7	6.968427358673499e-7
16.869999999999997	7.441523104780129e-7	7.440163278138437e-7	7.033468149569322e-7
16.9	7.509332451085681e-7	7.507965302988822e-7	7.09899163676237e-7
16.93	7.577635335528198e-7	7.57626083997912e-7	7.165000299866899e-7
16.959999999999997	7.646434597472834e-7	7.645052728392099e-7	7.231496953799301e-7
16.99	7.715732985979645e-7	7.714343717229604e-7	7.298484329487431e-7
17.02	7.785533230591839e-7	7.784136535982982e-7	7.365965140185175e-7
17.05	7.855838071320205e-7	7.854433924613154e-7	7.433942109586883e-7
17.08	7.926650447437086e-7	7.925238822296254e-7	7.502418149059605e-7
17.11	7.997973001477972e-7	7.996553871544387e-7	7.571395892112278e-7
17.14	8.069808331311234e-7	8.068381670214832e-7	7.640877930813592e-7
17.169999999999998	8.14215914916228e-7	8.140724930497204e-7	7.710866965125027e-7
17.2	8.215028175471306e-7	8.21358637279612e-7	7.781365703280168e-7
17.23	8.28841798694955e-7	8.286968573820488e-7	7.852376718984098e-7
17.259999999999998	8.362331250409773e-7	8.360874200367199e-7	7.923902671063841e-7
17.29	8.43677104673801e-7	8.435306333208414e-7	7.995946541962665e-7
17.32	8.511740221503955e-7	8.510267817858408e-7	8.068511291837138e-7
17.349999999999998	8.587241631601903e-7	8.585761511155857e-7	8.141599694332229e-7
17.38	8.663278165830049e-7	8.661790301838511e-7	8.215214619519542e-7
17.41	8.739852961053504e-7	8.738357326657741e-7	8.289359171548103e-7
17.439999999999998	8.816968566492019e-7	8.815465134854276e-7	8.364035902270761e-7
17.47	8.89462781637698e-7	8.893116560618175e-7	8.439247632207201e-7
17.5	8.972833554143536e-7	8.971314447343346e-7	8.514997191107221e-7
17.529999999999998	9.051588632437741e-7	9.050061647634707e-7	8.59128741795813e-7
17.56	9.130895841361508e-7	9.129360951568966e-7	8.668121093388973e-7
17.59	9.210758106947529e-7	9.209215285125614e-7	8.745501126611058e-7
17.619999999999997	9.291178361493257e-7	9.289627580549842e-7	8.823430433341294e-7
17.65	9.372159517364747e-7	9.370600750162051e-7	8.901911911105892e-7
17.68	9.453704496921368e-7	9.452137716275972e-7	8.980948467425784e-7
17.709999999999997	9.535816232390414e-7	9.534241411073297e-7	9.06054301969947e-7
17.74	9.618497665997927e-7	9.616914776734468e-7	9.140698495326965e-7
17.77	9.701751750619275e-7	9.70016076608914e-7	9.221417832324761e-7
17.8	9.785581448855347e-7	9.783982341692552e-7	9.302703978455277e-7
17.83	9.869989733388867e-7	9.868382476181786e-7	9.38455989156412e-7
17.86	9.95497958699557e-7	9.953364152286945e-7	9.466988539591301e-7
17.89	1.0040553916396303e-6	1.0038930276701522e-6	9.54999281923638e-7
17.919999999999998	1.0126715809356236e-6	1.0125083937126955e-6	9.633575798665468e-7
17.95	1.0213468317844872e-6	1.0211828185478946e-6	9.71774051286244e-7
17.98	1.0300814487685417e-6	1.029916606753044e-6	9.802489991596633e-7
18.009999999999998	1.0388757375617553e-6	1.0387100639970781e-6	9.887827275530847e-7
18.04	1.0477300150853575e-6	1.0475635071940667e-6	9.973755512199214e-7
18.07	1.0566445981430058e-6	1.0564772535663984e-6	1.0060277848675457e-6
18.099999999999998	1.0656197689656787e-6	1.0654515844968057e-6	1.0147397105816525e-6
18.13	1.07465583116259e-6	1.0744868040139037e-6	1.02351163070156e-6
18.16	1.0837530892372278e-6	1.083583216617444e-6	1.0323438484653812e-6
18.189999999999998	1.0929118485862075e-6	1.0927411277003215e-6	1.0412366680089145e-6
18.22	1.1021323835607183e-6	1.1019608116165416e-6	1.050190364147553e-6
18.25	1.1114150289511087e-6	1.111242603147082e-6	1.0592052689208843e-6
18.28	1.1207601110556517e-6	1.1205868285828434e-6	1.0682817064027476e-6
18.31	1.130167947548945e-6	1.1299938055930394e-6	1.0774199925682525e-6
18.34	1.1396388572770726e-6	1.1394638530183564e-6	1.0866204445597663e-6
18.37	1.1491731651774292e-6	1.1489972957897885e-6	1.0958833853461541e-6
18.4	1.1587712135107506e-6	1.1585944761584401e-6	1.105209154365882e-6
18.43	1.1684332921947242e-6	1.168255684043076e-6	1.1145980415427265e-6
18.46	1.1781597184264965e-6	1.1779812366366335e-6	1.1240503626839271e-6
18.49	1.1879508103880848e-6	1.1877714521169287e-6	1.1335664345836754e-6
18.52	1.1978068872472412e-6	1.1976266496475166e-6	1.1431465750239899e-6
18.55	1.2077282698744047e-6	1.2075471500945098e-6	1.152791103454449e-6
18.58	1.217715279326008e-6	1.2175332745101809e-6	1.1625003395547413e-6
18.61	1.2277682367118218e-6	1.227585344000328e-6	1.1722745997785544e-6
18.64	1.2378874648588523e-6	1.2377036813878504e-6	1.1821142122262382e-6
18.669999999999998	1.2480732875735478e-6	1.2478886104750965e-6	1.19201949603796e-6
18.7	1.258326029641905e-6	1.2581404560439734e-6	1.2019907746421995e-6
18.73	1.2686459875085565e-6	1.2684595145406803e-6	1.212028344623664e-6
18.76	1.2790335133162928e-6	1.278846138099004e-6	1.2221325554676068e-6
18.79	1.2894889507008379e-6	1.2893006703475552e-6	1.2323037486520223e-6
18.82	1.3000126358551293e-6	1.2998234474738134e-6	1.242542258650363e-6
18.85	1.3106049061890944e-6	1.3104148068822326e-6	1.252848421148563e-6
18.88	1.321266100467964e-6	1.321075087332528e-6	1.2632225731765594e-6
18.91	1.3319965978353856e-6	1.3318046679554233e-6	1.273665090179471e-6
18.94	1.342796693362726e-6	1.342603843825493e-6	1.284176267804206e-6
18.97	1.3536667218128536e-6	1.353472949701469e-6	1.294756439443593e-6
19.	1.3646070189483439e-6	1.3644123213417989e-6	1.305405939492575e-6
19.03	1.375617921531313e-6	1.3754222955044794e-6	1.3161251033480586e-6
19.06	1.3866997643605154e-6	1.3865032069847046e-6	1.3269142645919854e-6
19.09	1.3978528762554507e-6	1.3976553845997083e-6	1.3377737511703306e-6
19.12	1.4090776130471732e-6	1.408879184173464e-6	1.3487039167641183e-6
19.15	1.4203743190573345e-6	1.4201749495034843e-6	1.3597051036735257e-6
19.18	1.4317433381479623e-6	1.431543025483335e-6	1.370777655294648e-6
19.21	1.443185016831984e-6	1.4429837581046244e-6	1.381921916121074e-6
19.24	1.4546997042535572e-6	1.454497496506496e-6	1.393138233695395e-6
19.27	1.4662877509399974e-6	1.4660845912112084e-6	1.4044269569306703e-6
19.3	1.4779495003973172e-6	1.4777453857211885e-6	1.4157884281100508e-6
19.33	1.4896853018056641e-6	1.4894802292121617e-6	1.427222994968338e-6
19.36	1.5014955054148107e-6	1.5012894719294793e-6	1.4387310063107894e-6
19.39	1.5133804625450816e-6	1.5131734651890497e-6	1.4503128120140546e-6
19.419999999999998	1.5253405212297437e-6	1.5251325570205036e-6	1.461968758875369e-6
19.45	1.5373760325224067e-6	1.537167098473462e-6	1.4736991966185285e-6
19.48	1.549487360307072e-6	1.5492774534258488e-6	1.485504487242893e-6
19.51	1.5616748623066766e-6	1.561463979595828e-6	1.4973849869332347e-6
19.54	1.573938897384868e-6	1.5737270358422711e-6	1.5093410640768888e-6
19.57	1.5862798255486325e-6	1.5860669821673841e-6	1.5213730550832728e-6
19.6	1.598698012663328e-6	1.5984841844310422e-6	1.5334813350523195e-6
19.63	1.611193823111922e-6	1.6109790070108199e-6	1.5456662672783734e-6
19.66	1.6237676109094549e-6	1.6235518039187455e-6	1.557928203580157e-6
19.69	1.6364197385180747e-6	1.636202937612539e-6	1.5702675055186423e-6
19.72	1.6491505694897106e-6	1.648932771639706e-6	1.5826845352003343e-6
19.75	1.6619604684674994e-6	1.6617416706389613e-6	1.5951796558237563e-6
19.78	1.6748497985536763e-6	1.6746299977085739e-6	1.6077532291677618e-6
19.81	1.6878189245574497e-6	1.687598117653679e-6	1.6204056186896106e-6
19.84	1.7008682206295278e-6	1.7006464045909593e-6	1.6331371968128828e-6
19.87	1.7139980571080916e-6	1.7137752289108771e-6	1.6459483323753662e-6
19.9	1.727208805468374e-6	1.7269849620556615e-6	1.6588393953516777e-6
19.93	1.7405008383238052e-6	1.7402759766341098e-6	1.6718107568544037e-6
19.96	1.7538745294762327e-6	1.7536486464434276e-6	1.684862789182163e-6
19.99	1.767330253913135e-6	1.767103346466443e-6	1.697995865817071e-6
20.02	1.7808683874988723e-6	1.7806404525629099e-6	1.7112103611298497e-6
20.05	1.7944893073868336e-6	1.7942603418815863e-6	1.7245066507735748e-6
20.08	1.808193391876408e-6	1.8079633927172295e-6	1.7378851115471166e-6
20.11	1.8219810204163254e-6	1.8217499845139367e-6	1.7513461213984782e-6
20.14	1.835852574315767e-6	1.835620498576137e-6	1.7648900601045378e-6
20.169999999999998	1.8498084413360714e-6	1.8495753226595453e-6	1.7785173136613936e-6
20.2	1.8638489964689334e-6	1.863614831752532e-6	1.7922282559090149e-6
20.23	1.877974622524292e-6	1.8777394086606032e-6	1.8060232682099814e-6
20.259999999999998	1.8921857034320639e-6	1.8919494373092453e-6	1.8199027330475986e-6
20.29	1.9064826242443336e-6	1.906245302746115e-6	1.833867034028097e-6
20.32	1.9208657711371386e-6	1.920627391142825e-6	1.8479165558824183e-6
20.35	1.9353355220415417e-6	1.9350960804275323e-6	1.862051675502113e-6
20.38	1.9498922747540494e-6	1.9496517683907987e-6	1.8762727888328404e-6
20.41	1.964536421846626e-6	1.964294847599685e-6	1.8905802868741151e-6
20.44	1.979268355778863e-6	1.9790257105090896e-6	1.9049745605685345e-6
20.47	1.9940884701905502e-6	1.9938447507541043e-6	1.9194560020383713e-6
20.5	2.0089971599049185e-6	2.0087523631532632e-6	1.934024990553617e-6
20.53	2.02399483547821e-6	2.023748958255795e-6	1.9486819631658486e-6
20.56	2.0390818868852187e-6	2.038834926032958e-6	1.9634272934057228e-6
20.59	2.054258699647907e-6	2.0540106520040516e-6	1.978261366460502e-6
20.62	2.0695256695144735e-6	2.0692765319131616e-6	1.9931845767171944e-6
20.65	2.0848831933151997e-6	2.0846329625864655e-6	2.008197520759138e-6
20.68	2.1003316689640642e-6	2.100080341933848e-6	2.023300194169986e-6
20.71	2.115871479697834e-6	2.115619053190446e-6	2.0384931793567876e-6
20.74	2.1315030042972e-6	2.1312494751361627e-6	2.053776854628438e-6
20.77	2.1472266907327136e-6	2.146972055730166e-6	2.0691516646508284e-6
20.8	2.1630429498361174e-6	2.162787205798826e-6	2.0846180185567817e-6
20.83	2.1789521937697737e-6	2.178695337499113e-6	2.1001763268059935e-6
20.86	2.1949548360306243e-6	2.194696864322567e-6	2.1158270011889702e-6
20.89	2.211051291453505e-6	2.2107922010986082e-6	2.1315704548303094e-6
20.919999999999998	2.2272420250786537e-6	2.226981812854577e-6	2.1474071490584203e-6
20.95	2.243527404684515e-6	2.243266067371119e-6	2.163337451979039e-6
20.98	2.259907835326463e-6	2.2596453697002473e-6	2.179361767487123e-6
21.009999999999998	2.2763837286661764e-6	2.2761201314994415e-6	2.1954805058607095e-6
21.04	2.292955497483309e-6	2.2926907655441678e-6	2.211694078497689e-6
21.07	2.3096235556749416e-6	2.3093576857273235e-6	2.2280028979152635e-6
21.1	2.32638835652293e-6	2.326121307914958e-6	2.24440737857149e-6
21.13	2.343250241582001e-6	2.342982048297951e-6	2.2609079352832634e-6
21.16	2.360209664056365e-6	2.3599403228470944e-6	2.277504982702694e-6
21.19	2.3772670420395443e-6	2.3769965496517973e-6	2.2941989375622616e-6
21.22	2.394422794737027e-6	2.39415118605255e-6	2.3109902177085566e-6
21.25	2.411677342468317e-6	2.41140457627169e-6	2.32787924210434e-6
21.28	2.429031106667063e-6	2.4287571796933576e-6	2.344866430828697e-6
21.31	2.446484449312845e-6	2.446209358301951e-6	2.3619521468952726e-6
21.34	2.4640378592973033e-6	2.4637616009754013e-6	2.3791368752625267e-6
21.37	2.4816917738173385e-6	2.481414344904732e-6	2.3964210512944306e-6
21.4	2.4994466284455168e-6	2.499168025657066e-6	2.413805108845381e-6
21.43	2.5173028601367397e-6	2.517023080181844e-6	2.431289483148157e-6
21.46	2.5352609072350727e-6	2.5349799468148e-6	2.448874610817865e-6
21.49	2.553321234780601e-6	2.553039090592576e-6	2.466560954189477e-6
21.52	2.571484295210817e-6	2.5712009639427187e-6	2.4843489635348585e-6
21.55	2.589750482815117e-6	2.5894659611560777e-6	2.502239033275416e-6
21.58	2.6081202320918592e-6	2.607834516726811e-6	2.5202315965257143e-6
21.61	2.6265939786875633e-6	2.6263070662972473e-6	2.5383270875503093e-6
21.64	2.6451721593976303e-6	2.644884046658602e-6	2.5565259417644828e-6
21.669999999999998	2.6638552121651725e-6	2.6635658957498095e-6	2.5748285957330854e-6
21.7	2.682643579848418e-6	2.682353056424393e-6	2.5932354907949224e-6
21.73	2.7015376996387903e-6	2.701245965870045e-6	2.6117470628837118e-6
21.759999999999998	2.7205380110876505e-6	2.7202450636342285e-6	2.6303637502480386e-6
21.79	2.7396449560290643e-6	2.7393507915469583e-6	2.6490859933777213e-6
21.82	2.7588589774284256e-6	2.7585635925695807e-6	2.6679142338962546e-6
21.85	2.778180519384409e-6	2.7778839107967374e-6	2.686848914562789e-6
21.88	2.7976100206048853e-6	2.7973121849331767e-6	2.7058904729918357e-6
21.91	2.8171478605144616e-6	2.8168487944087633e-6	2.725039289766022e-6
21.94	2.8367945706287255e-6	2.8364942707233687e-6	2.7442958919234766e-6
21.97	2.8565506108817817e-6	2.8562490738055515e-6	2.7636607376528173e-6
22.	2.8764164426491036e-6	2.8761136650252215e-6	2.7831342865796972e-6
22.03	2.8963925287484048e-6	2.8960885071945152e-6	2.8027169997676514e-6
22.06	2.916479333449103e-6	2.9161740645772564e-6	2.8224093397275297e-6
22.09	2.9366773532415692e-6	2.936370833654009e-6	2.8422118000586787e-6
22.12	2.956987082592569e-6	2.95667930888224e-6	2.862124872471942e-6
22.15	2.9774089172547135e-6	2.977099886018865e-6	2.8821489536230774e-6
22.18	2.9979433146988114e-6	2.997633022530726e-6	2.9022844996615517e-6
22.21	3.0185907335285345e-6	3.0182791770175346e-6	2.9225319678724914e-6
22.24	3.0393516334803865e-6	3.0390388092118486e-6	2.9428918166766787e-6
22.27	3.060226475424353e-6	3.0599123799797146e-6	2.963364505631217e-6
22.3	3.0812156968120852e-6	3.0809003267721384e-6	2.9839504717608746e-6
22.33	3.1023197652581354e-6	3.102003117199132e-6	3.0046501812051855e-6
22.36	3.1235391737541646e-6	3.123221244244606e-6	3.025464124618055e-6
22.39	3.1448743940892474e-6	3.1445551796929052e-6	3.04639277226177e-6
22.419999999999998	3.16632589935339e-6	3.1660053966304804e-6	3.067436595698889e-6
22.45	3.187894163941678e-6	3.1875723694453392e-6	3.0885960677963878e-6
22.48	3.209579663553363e-6	3.209256573833151e-6	3.109871662724738e-6
22.509999999999998	3.231382882256256e-6	3.23105849385606e-6	3.1312638627730315e-6
22.54	3.2533042943776805e-6	3.2529786038371756e-6	3.152773140880987e-6
22.57	3.2753443743380797e-6	3.2750173781928712e-6	3.1743999701220042e-6
22.6	3.297503601628923e-6	3.297175296410057e-6	3.1961448285062697e-6
22.63	3.3197824570217465e-6	3.3194528392557013e-6	3.2180081953241342e-6
22.66	3.3421814225671132e-6	3.341850488775806e-6	3.239990551145082e-6
22.69	3.3647009815976302e-6	3.364368728298415e-6	3.262092377820748e-6
22.72	3.387341642795308e-6	3.387008066497882e-6	3.2843141817183315e-6
22.75	3.4101038751951136e-6	3.4097689724068008e-6	3.3066564309815195e-6
22.78	3.432988151985504e-6	3.4326519192108603e-6	3.329119597802518e-6
22.81	3.4559949572106485e-6	3.4556573909502274e-6	3.3517041648953895e-6
22.84	3.479124776088578e-6	3.478785872838941e-6	3.374410616150514e-6
22.87	3.5023780950134123e-6	3.5020378512671295e-6	3.397239436636833e-6
22.9	3.5257554015527878e-6	3.525413813798455e-6	3.420191112599296e-6
22.93	3.5492571104948702e-6	3.548914175226441e-6	3.4432660600216356e-6
22.96	3.5728837629703994e-6	3.5725394766713525e-6	3.4664645017391045e-6
22.99	3.5966358933885087e-6	3.5962902525329137e-6	3.4897875969791484e-6
23.02	3.6205140074435983e-6	3.620167008499929e-6	3.5132355383776874e-6
23.05	3.6445186123522172e-6	3.6441702517833326e-6	3.536808830293481e-6
23.08	3.6686502168526072e-6	3.6683004911157355e-6	3.5605079796958938e-6
23.11	3.692909331216191e-6	3.6925582367629142e-6	3.584333495083067e-6
23.14	3.7172965382477507e-6	3.7169440715152025e-6	3.608285955110563e-6
23.169999999999998	3.7418123121696028e-6	3.7414584695941395e-6	3.6323658335402243e-6
23.2	3.7664571156563055e-6	3.766101893675043e-6	3.6565735930029325e-6
23.23	3.7912314512972993e-6	3.790874846343323e-6	3.6809097347503447e-6
23.259999999999998	3.816135822882061e-6	3.815777831384429e-6	3.7053747612365563e-6
23.29	3.8411707354000604e-6	3.840811353783821e-6	3.729969176118082e-6
23.32	3.866336695040115e-6	3.865975919726305e-6	3.754693484253208e-6
23.349999999999998	3.8916341866054425e-6	3.891272014013845e-6	3.779548169857906e-6
23.38	3.91706372200318e-6	3.9167001485491664e-6	3.8045337433994233e-6
23.41	3.942625837560556e-6	3.9422608596522915e-6	3.829650739011052e-6
23.44	3.968321049680396e-6	3.967954663721435e-6	3.854899671600686e-6
23.47	3.994149876101739e-6	3.993782078491014e-6	3.880281057412287e-6
23.5	4.020112835903612e-6	4.019743623035443e-6	3.905795414029675e-6
23.53	4.046210449505141e-6	4.045839817769229e-6	3.931443260376627e-6
23.56	4.072443239936113e-6	4.072071185717388e-6	3.957225117946583e-6
23.59	4.0988117316464716e-6	4.098438251325091e-6	3.983141509651019e-6
23.62	4.1253164459226285e-6	4.124941535874506e-6	4.009192955382671e-6
23.65	4.1519579080842455e-6	4.1515815646807305e-6	4.035379978980515e-6
23.68	4.178736644788736e-6	4.178358864396617e-6	4.0617031056213615e-6
23.71	4.205653184032261e-6	4.205273963013763e-6	4.088162861820857e-6
23.74	4.232708055153266e-6	4.2323273898660525e-6	4.1147597754370235e-6
23.77	4.259901788619844e-6	4.259519675417041e-6	4.141494375464299e-6
23.8	4.287234912976075e-6	4.286851348206651e-6	4.168367189076351e-6
23.83	4.314707965700338e-6	4.3143229457082195e-6	4.195378752141153e-6
23.86	4.342321481973412e-6	4.3419350030979135e-6	4.2225295983449785e-6
23.89	4.370075998336612e-6	4.369688056912429e-6	4.249820262734512e-6
23.919999999999998	4.397972052693304e-6	4.397582645050518e-6	4.277251281718367e-6
23.95	4.426010184312515e-6	4.425619306776592e-6	4.304823193070689e-6
23.98	4.454190933827383e-6	4.453798582719173e-6	4.3325365359296116e-6
24.009999999999998	4.48251484906993e-6	4.482121020704998e-6	4.36039185645122e-6
24.04	4.51098246928059e-6	4.5105871599703594e-6	4.388389692509833e-6
24.07	4.539594336049763e-6	4.5391975421013994e-6	4.41653058477167e-6
24.099999999999998	4.5683509945474264e-6	4.56795271226359e-6	4.444815075519392e-6
24.13	4.597252991296918e-6	4.596853216975748e-6	4.473243711230385e-6
24.16	4.626300874175354e-6	4.625899604110484e-6	4.501817037842066e-6
24.19	4.6554951924114565e-6	4.655092422892013e-6	4.53053560311727e-6
24.22	4.684836493811907e-6	4.6844322211228175e-6	4.559399953481895e-6
24.25	4.7143253275360854e-6	4.713919547958083e-6	4.588410636714025e-6
24.28	4.7439622535849135e-6	4.743554963393469e-6	4.617568211145294e-6
24.31	4.773747827598498e-6	4.773339023064469e-6	4.646873230921877e-6
24.34	4.803682606603732e-6	4.803272283993368e-6	4.6763262515766245e-6
24.37	4.833767149014103e-6	4.833355304589032e-6	4.70592783002885e-6
24.4	4.864002014634078e-6	4.863588644651319e-6	4.73567852458873e-6
24.43	4.894387764658276e-6	4.893972865370231e-6	4.765578894956469e-6
24.46	4.9249249654152815e-6	4.9245085330693275e-6	4.795629505854391e-6
24.49	4.955614177435796e-6	4.955196208275075e-6	4.825830916422236e-6
24.52	4.986455964987628e-6	4.986036455250787e-6	4.856183689466172e-6
24.55	5.01745089435339e-6	5.017029840274518e-6	4.886688389788415e-6
24.58	5.0485995332044205e-6	5.0481769310130355e-6	4.917345583579994e-6
24.61	5.079902450602225e-6	5.079478296523288e-6	4.948155992751166e-6
24.64	5.111360216999707e-6	5.110934507253616e-6	4.979119878410431e-6
24.669999999999998	5.142973404188541e-6	5.142546134991138e-6	5.010237964409274e-6
24.7	5.17474258535382e-6	5.174313752916389e-6	5.041510822454456e-6
24.73	5.206668335264881e-6	5.206237935794134e-6	5.072939025831577e-6
24.759999999999998	5.238751229975583e-6	5.238319259673666e-6	5.104523149114177e-6
24.79	5.2709918469407405e-6	5.27055830200524e-6	5.136263768276839e-6
24.82	5.30339076501679e-6	5.302955641640724e-6	5.168161460695844e-6
24.849999999999998	5.335948564464022e-6	5.335511858835851e-6	5.2002168051514136e-6
24.88	5.368665826947041e-6	5.368227535250663e-6	5.232430381828168e-6
24.91	5.401543135415444e-6	5.401103253830207e-6	5.2648027721992995e-6
24.94	5.434581074434316e-6	5.434139599134997e-6	5.29733455934767e-6
24.97	5.4677802299594035e-6	5.467337157116213e-6	5.330026327747368e-6
25.	5.501141189312839e-6	5.500696515091424e-6	5.362878663240361e-6
25.03	5.534664541228068e-6	5.534218261789513e-6	5.395892153080003e-6
25.06	5.5683508758552e-6	5.567902987356027e-6	5.429067385936397e-6
25.09	5.60220078475959e-6	5.601751283351759e-6	5.462404951894965e-6
25.12	5.636214862262122e-6	5.635763721185871e-6	5.495905443759026e-6
25.15	5.670393736012927e-6	5.669940973994459e-6	5.529569486759915e-6
25.18	5.7047379639321246e-6	5.70428357710772e-6	5.563397649512421e-6
25.21	5.73924813947858e-6	5.738792123980343e-6	5.5973905019564875e-6
25.24	5.773924857443483e-6	5.7734672093993445e-6	5.631548648557888e-6
25.27	5.808768713955369e-6	5.808309429489089e-6	5.6658726840747446e-6
25.3	5.843780306479777e-6	5.843319381710958e-6	5.70036320460379e-6
25.33	5.878960233819333e-6	5.878497664863421e-6	5.735020807580458e-6
25.36	5.9143090611945635e-6	5.913844844166425e-6	5.769846057829899e-6
25.39	5.949827342483543e-6	5.949361473498728e-6	5.804839509178826e-6
25.419999999999998	5.985515776921818e-6	5.9850482520818695e-6	5.840001856817941e-6
25.45	6.021374981081757e-6	6.020905796482833e-6	5.875333715619321e-6
25.48	6.0574055731595145e-6	6.0569347248923794e-6	5.910835702075744e-6
25.509999999999998	6.093608172990966e-6	6.093135657140985e-6	5.9465084343165934e-6
25.54	6.1299834020476264e-6	6.129509214694744e-6	5.982352532103764e-6
25.57	6.166531883441423e-6	6.166056020660162e-6	6.018368616836417e-6
25.599999999999998	6.2032543016415086e-6	6.202776759494962e-6	6.054557369639777e-6
25.63	6.2401512860664e-6	6.239672060611957e-6	6.09091941814289e-6
25.66	6.277223385348101e-6	6.276742472645662e-6	6.127455311422739e-6
25.69	6.3144712162849606e-6	6.313988612390223e-6	6.164165664898653e-6
25.72	6.351895580530634e-6	6.351411098001429e-6	6.201051095353163e-6
25.75	6.389496731315341e-6	6.38901054899887e-6	6.2381122209341565e-6
25.78	6.4272754723297e-6	6.426787771130113e-6	6.275349661156342e-6
25.81	6.465232425826605e-6	6.464743017615622e-6	6.312764036899894e-6
25.84	6.503368214112905e-6	6.50287709492545e-6	6.350355969135651e-6
25.87	6.541683462635088e-6	6.5411906285018675e-6	6.388126081928022e-6
25.9	6.580178798911035e-6	6.5796842458584884e-6	6.4260750013957275e-6
25.93	6.61885485088706e-6	6.618358574937446e-6	6.464203354112833e-6
25.96	6.657712247880714e-6	6.657214245052125e-6	6.502511768026204e-6
25.99	6.696751620581731e-6	6.696251886888096e-6	6.5410008724564384e-6
26.02	6.735973601055704e-6	6.735472132506795e-6	6.579671298101574e-6
26.05	6.775378822745131e-6	6.774875615345544e-6	6.618523677037096e-6
26.08	6.8149678666519495e-6	6.8144629164093645e-6	6.657558590315805e-6
26.11	6.854741393319041e-6	6.854234696233601e-6	6.696776696468898e-6
26.14	6.894700082041977e-6	6.8941916341056605e-6	6.736178672334492e-6
26.169999999999998	6.9348445803494456e-6	6.934334377549287e-6	6.775765163860068e-6
26.2	6.975175537334678e-6	6.974663575652765e-6	6.815536818556265e-6
26.23	7.015693603673466e-6	7.0151798790869375e-6	6.855494285514887e-6
26.259999999999998	7.056399431612756e-6	7.055883940093785e-6	6.8956382153975e-6
26.29	7.097293674979247e-6	7.096776412495047e-6	6.935969260444008e-6
26.32	7.138376987485786e-6	7.1378579499987625e-6	6.976488072822872e-6
26.349999999999998	7.1796500267017395e-6	7.1791292101692705e-6	7.017195312650783e-6
26.38	7.221113452726974e-6	7.2205908531013125e-6	7.058091630109524e-6
26.41	7.262767926019538e-6	7.262243539247931e-6	7.099177688193265e-6
26.44	7.304614108636194e-6	7.304087930660868e-6	7.1404541473575244e-6
26.47	7.346652664235042e-6	7.3461246909932065e-6	7.181921669657613e-6
26.5	7.388884258076759e-6	7.388354485500592e-6	7.22358091874985e-6
26.53	7.431309557038952e-6	7.4307779810556015e-6	7.265432559905922e-6
26.56	7.473929299368521e-6	7.473395915893616e-6	7.3074773279987835e-6
26.59	7.516744161253432e-6	7.516208966197035e-6	7.349715897465512e-6
26.62	7.559754720341509e-6	7.559217709617385e-6	7.392148846726999e-6
26.65	7.602961635767812e-6	7.602422805285963e-6	7.4347768336598316e-6
26.68	7.646365567976802e-6	7.645824913643489e-6	7.477600517453112e-6
26.71	7.68996717871352e-6	7.689424696431265e-6	7.520620558599639e-6
26.74	7.733767131033654e-6	7.733222816701256e-6	7.563837618906e-6
26.77	7.777766089292886e-6	7.777219943266625e-6	7.607252361481938e-6
26.8	7.821964675085785e-6	7.821416688816872e-6	7.650865407775014e-6
26.83	7.866363487558268e-6	7.865813656944606e-6	7.694677357366712e-6
26.86	7.910963323009827e-6	7.910411643933945e-6	7.738689002132296e-6
26.89	7.95576486567646e-6	7.955211334015904e-6	7.782901024715192e-6
26.919999999999998	8.000768801419283e-6	8.00021341304661e-6	7.827314109382418e-6
26.95	8.045975817730294e-6	8.045418568513063e-6	7.871928942030372e-6
26.98	8.091386603726982e-6	8.090827489527321e-6	7.916746210179407e-6
27.009999999999998	8.137001854767013e-6	8.136440866836772e-6	7.961766602982395e-6
27.04	8.182822255555342e-6	8.182259394335622e-6	8.006990812702206e-6
27.07	8.228848613472612e-6	8.228283874802218e-6	8.052419637878743e-6
27.099999999999998	8.275081505358441e-6	8.274514885079467e-6	8.098053656655548e-6
27.13	8.321521618397517e-6	8.320953112349095e-6	8.143893554856799e-6
27.16	8.368169641201048e-6	8.367599245218183e-6	8.189940019734833e-6
27.19	8.415026263801863e-6	8.414454416541918e-6	8.23619373996524e-6
27.22	8.46209262534804e-6	8.461518433570151e-6	8.282655405655417e-6
27.25	8.509368524808176e-6	8.508792430571367e-6	8.329325708338792e-6
27.28	8.556855102737856e-6	8.556277101860679e-6	8.376205340982332e-6
27.31	8.604552937731319e-6	8.603973026038506e-6	8.423294883634154e-6
27.34	8.652462795195215e-6	8.651880968501368e-6	8.47059509870359e-6
27.37	8.700585445741234e-6	8.700001699850546e-6	8.518106753731152e-6
27.4	8.748921605004139e-6	8.748335935715384e-6	8.565830562638776e-6
27.43	8.797471990381233e-6	8.796884393487753e-6	8.613767241107913e-6
27.46	8.846237321040115e-6	8.845647792329795e-6	8.661917506587233e-6
27.49	8.895218317926207e-6	8.894626853181489e-6	8.710282090160275e-6
27.52	8.944415703759875e-6	8.943822298757722e-6	8.758861689144244e-6
27.55	8.993830248796996e-6	8.993234899304953e-6	8.80765708280878e-6
27.58	9.043462762766886e-6	9.04286546453987e-6	8.856669077200624e-6
27.61	9.09331382783319e-6	9.092714576630044e-6	8.90589825618294e-6
27.64	9.143384158360091e-6	9.142782949941754e-6	8.955345332748354e-6
27.669999999999998	9.193674470182712e-6	9.193071300302788e-6	9.00501102135244e-6
27.7	9.244185480603334e-6	9.243580345011244e-6	9.054896037922552e-6
27.73	9.294917908389522e-6	9.294310802830507e-6	9.105001099852795e-6
27.759999999999998	9.345872473772808e-6	9.345263393987935e-6	9.155326926002721e-6
27.79	9.397049898456078e-6	9.396438840182239e-6	9.20587423670472e-6
27.82	9.448450907595787e-6	9.447837866565546e-6	9.256643755700447e-6
27.849999999999998	9.500076224329512e-6	9.499461196271398e-6	9.30763620479484e-6
27.88	9.551926573930196e-6	9.551309554568655e-6	9.35885230791416e-6
27.91	9.604002683752676e-6	9.603383668808025e-6	9.410292791053893e-6
27.939999999999998	9.656305282611772e-6	9.655684267800204e-6	9.461958381671112e-6
27.97	9.708835100799702e-6	9.70821208183329e-6	9.513849808701882e-6
28.	9.76159287006301e-6	9.760967842649718e-6	9.565967802538204e-6
28.03	9.814579323621963e-6	9.813952283465644e-6	9.618313095047428e-6
28.06	9.867795171250489e-6	9.867166114052959e-6	9.670886395217046e-6
28.09	9.921241069707704e-6	9.920609991173248e-6	9.723688360248835e-6
28.12	9.974917872019977e-6	9.974284767839197e-6	9.776719839201006e-6
28.15	0.000010028826328251363	0.000010028191194109886	9.829981580545817e-6
28.18	0.000010082967190163636	0.000010082330021745474	9.883474334451796e-6
28.21	0.000010137341211227561	0.000010136702004205	9.937198852795017e-6
28.24	0.000010191949146613552	0.000010191307896657248	9.991155889149757e-6
28.27	0.000010246791753202517	0.00001024614845597812	0.000010045346198799323
28.3	0.000010301869789592542	0.00001030122426743742	0.000010099770538742735
28.33	0.000010357184053355479	0.000010356536474883077	0.000010154429704122614
28.36	0.000010412735299157172	0.000010412085660015574	0.00001020932444817152
28.39	0.000010468524253109434	0.000010467872548944762	0.000010264455496235204
28.419999999999998	0.000010524551674938302	0.000010523897901392108	0.000010319823708322795
28.45	0.000010580818325972535	0.000010580162478681809	0.000010375429641125977
28.48	0.000010637324969148054	0.000010636667043745212	0.000010431274157498406
28.509999999999998	0.000010694072369016498	0.000010693412361129401	0.00001048735802051281
28.54	0.00001075106106492964	0.000010750399196984072	0.000010543681994844605
28.57	0.000010808292277838158	0.000010807628319079762	0.000010600246846790116
28.599999999999998	0.000010865766545589421	0.000010865100491632863	0.00001065705333920385
28.63	0.000010923484643416297	0.000010922816489871348	0.00001071410224574734
28.66	0.000010981447345716248	0.000010980777088187958	0.000010771394339300614
28.689999999999998	0.000011039655427263535	0.000011038983061352352	0.00001082893039314813
28.72	0.00001109810966445488	0.00001109743518575665	0.000010886711182196723
28.75	0.000011156810835322971	0.000011156134239428929	0.000010944737482989139
28.78	0.00001121575971954407	0.00001121508100204084	0.000011003010073711613
28.81	0.00001127495709842032	0.00001127427625488992	0.000011061529734176197
28.84	0.000011334403754898688	0.00001133372078091853	0.0000111202972458397
28.87	0.000011394100556275474	0.000011393415447411889	0.000011179313472737611
28.9	0.000011454048201527909	0.000011453360953349475	0.000011238579114231934
28.93	0.000011514247471067434	0.000011513558079138693	0.000011298094949402276
28.96	0.000011574698896492413	0.00001157400760753101	0.000011357861759655981
28.99	0.000011635403762957709	0.000011634710322791344	0.000011417880327915495
29.02	0.000011696362606512766	0.000011695667010698635	0.000011478151438618963
29.05	0.000011757576214448781	0.000011756878458540014	0.000011538675877715842
29.08	0.000011819045375567554	0.000011818345455113213	0.000011599454432663522
29.11	0.000011880770857846964	0.000011880068768393779	0.000011660487870571734
29.14	0.000011942753260799813	0.000011942048997905188	0.000011721776793653081
29.169999999999998	0.000012004993609349748	0.000012004287168549225	0.00001178332222061104
29.2	0.000012067492716883171	0.000012066784093706842	0.000011845124963111703
29.23	0.000012130251398684565	0.000012129540588657072	0.000011907185834716291
29.259999999999998	0.000012193270471928528	0.000012192557470569054	0.000011969505650873171
29.29	0.000012256550755688532	0.000012255835558510762	0.00001203208522892657
29.32	0.000012320093070937202	0.000012319375673449351	0.000012094925388116883
29.349999999999998	0.000012383898240560945	0.000012383178638265721	0.000012158026949595265
29.38	0.000012447967126879633	0.000012447245315271409	0.000012221390773167802
29.41	0.000012512300799899764	0.000012511576774449117	0.000012285017922086268
29.439999999999998	0.000012576899784569287	0.000012576173540764176	0.000012348908925840442
29.47	0.000012641764886970002	0.000012641036420294674	0.0000124130645892643
29.5	0.000012706896914615945	0.000012706166220550927	0.000012477485718627
29.53	0.00001277229667645285	0.000012771563750474986	0.000012542173121632315
29.56	0.000012837964982865176	0.000012837229820447708	0.000012607127607425826
29.59	0.000012903902645663699	0.000012903165242275987	0.00001267234998658208
29.62	0.000012970110478092926	0.000012969370829200772	0.000012737841071112659
29.65	0.000013036589280428326	0.00001303584738149493	0.00001280360166035511
29.68	0.00001310333964551515	0.000013102595492016548	0.000012869632350446911
29.71	0.000013170362645121395	0.000013169616232511137	0.00001293593420676498
29.74	0.00001323765911716974	0.000013236910440896378	0.000013002508065630923
29.77	0.00001330522990138189	0.000013304478956888957	0.000013069354765163884
29.8	0.000013373075839292442	0.000013372322622018451	0.000013136475145294404
29.83	0.000013441197774239321	0.00001344044227961776	0.000013203870047754878
29.86	0.000013509596551388917	0.000013508838774848234	0.000013271540316104638
29.89	0.00001357827301771613	0.00001357751295467975	0.000013339486795710037
29.919999999999998	0.000013647228022022183	0.000013646465667908474	0.000013407710333762218
29.95	0.000013716462581869787	0.000013715697932079985	0.00001347621194289284
29.98	0.000013785977388845211	0.000013785210438787199	0.00001354499231628727
30.009999999999998	0.000013855773267922672	0.000013855004013001393	0.00001361405226214179
30.04	0.00001392585106152954	0.000013925079497145842	0.000013683392652973183
30.07	0.00001399621161368032	0.00001399543773523097	0.000013753014315754828
30.099999999999998	0.000014066855769950838	0.00001406607957282852	0.000013822918094716954
30.13	0.000014137784377471097	0.000014137005857064432	0.000013893104835645579
30.16	0.000014208998284966282	0.00001420821743665981	0.00001396357538592351
30.189999999999998	0.000014280498342701758	0.000014279715161875964	0.000014034330594475362
30.22	0.000014352285209192715	0.000014351499691237773	0.00001410537112225283
30.25	0.000014424359852005246	0.000014423571992299097	0.000014176697933237111
30.28	0.000014496723235798015	0.000014495933029706755	0.000014248311988608774
30.31	0.000014569376237744558	0.000014568583680628798	0.000014320214163810611
30.34	0.000014642319736991477	0.000014641524824206335	0.000014392405336255522
30.37	0.000014715554614655883	0.000014714757341550978	0.000014464886385323927
30.4	0.00001478908175384458	0.000014788282115764011	0.000014537658192382951
30.43	0.000014862902039644664	0.00001486210003192701	0.000014610721640776995
30.46	0.000014937016359130267	0.000014936211977108566	0.000014684077615834482
30.49	0.00001501142574747397	0.00001501061898646552	0.00001475772714817681
30.52	0.000015086131190804074	0.000015085322046114045	0.00001483167122037712
30.55	0.0000151611333081778	0.000015160321775124953	0.000014905910455000483
30.58	0.000015236432966673735	0.000015235619040573185	0.000014980445717897668
30.61	0.000015312031034826478	0.000015311214710989696	0.00001505527787637848
30.64	0.00001538792838264488	0.0000153871096563797	0.000015130407799230058
30.669999999999998	0.00001546412588160684	0.0000154633047482175	0.000015205836356711672
30.7	0.000015540624404657323	0.00001553980085944443	0.00001528156442055272
30.73	0.000015617424826195716	0.000015616598419664307	0.000015357592863940174
30.759999999999998	0.000015694528022089447	0.000015693699192653598	0.000015433922561532135
30.79	0.000015771934563910972	0.000015771103306878967	0.00001551055408944561
30.82	0.000015849645642802517	0.00001584881195345762	0.00001558748863172281
30.849999999999998	0.00001592766217157794	0.000015926826045197647	0.000015664727099368562
30.88	0.000016005985054338513	0.000016005146486195285	0.000015742270394873205
30.91	0.00001608461519707122	0.000016083774182432464	0.000015820119422611246
30.939999999999998	0.000016163553507652124	0.000016162710041780206	0.00001589827508884472
30.97	0.000016242800895850363	0.000016241954974002582	0.000015976738630676104
31.	0.000016322358273323617	0.000016321509890752215	0.000016055510301265343
31.029999999999998	0.000016402226553636447	0.000016401375705588593	0.000016134591340491986
31.06	0.00001648240675801555	0.000016481553439726234	0.000016213982766007868
31.09	0.000016562899807450492	0.000016562044014149416	0.00001629368549712515
31.12	0.000016643706492545025	0.000016642848219465465	0.0000163737003252045
31.15	0.000016724827719388003	0.000016723966961759157	0.000016454028154984856
31.18	0.000016806264395702954	0.000016805401148749922	0.00001653466989284132
31.21	0.000016888017430828528	0.00001688715168977234	0.000016615626446765683
31.24	0.0000169700877357458	0.000016969219495803406	0.00001669689872639367
31.27	0.000017052476223042322	0.000017051605479426606	0.00001677848764296904
31.3	0.000017135183806953383	0.000017134310554873158	0.00001686039410938482
31.33	0.000017218211403334352	0.000017217335637994385	0.000016942619040155702
31.36	0.000017301559731461703	0.00001730068144807577	0.00001702516315681172
31.39	0.000017385229897882666	0.00001738434909164809	0.000017108027561150945
31.419999999999998	0.000017469222859255272	0.000017468339525362973	0.000017191213207845766
31.45	0.0000175535395528725	0.000017552653686508393	0.000017274721032588512
31.48	0.000017638180917947042	0.000017637292514292025	0.00001735855197298982
31.509999999999998	0.000017723147895581767	0.00001772225694981174	0.000017442706968549115
31.54	0.000017808441428816843	0.00001780754793610268	0.000017527186960701705
31.57	0.000017894062462595746	0.000017893166418103297	0.000017611992892784786
31.599999999999998	0.000017980011943795156	0.000017979113342685245	0.0000176971256828994
31.63	0.000018066290824653943	0.00001806538966208214	0.000017782586335848425
31.66	0.0000181529000631925	0.000018151996334308862	0.000017868375780845388
31.689999999999998	0.000018239840600337167	0.00001823893430028746	0.000017954494957413886
31.72	0.000018327113389727115	0.000018326204513652135	0.00001804094481759626
31.75	0.000018414719386926623	0.00001841380792996215	0.00001812772631535869
31.779999999999998	0.000018502659549410238	0.000018501745506687082	0.000018214840406576326
31.81	0.000018590934836591875	0.000018590018203235814	0.000018302288049062428
31.84	0.000018679546209806922	0.000018678626980938745	0.000018390070202550443
31.87	0.000018768494632308955	0.000018767572803044436	0.0000184781878286907
31.9	0.000018857781069306898	0.000018856856634756796	0.00001856664189108759
31.93	0.000018947406645938012	0.00001894647960119802	0.00001865543351051005
31.96	0.000019037372332675136	0.0000190364426728359	0.000018744563655820188
31.99	0.000019127678914185634	0.000019126746634344607	0.000018834033113327787
32.019999999999996	0.000019218327342401718	0.000019217392437652652	0.000018923842833723022
32.05	0.000019309318570812228	0.00001930838103624515	0.000019013993769250303
32.08	0.00001940065355446834	0.000019399713385169583	0.000019104486873719152
32.11	0.00001949233324996637	0.0000194913904410186	0.000019195323102486902
32.14	0.00001958435861547079	0.000019583413161952972	0.000019286503412481742
32.169999999999995	0.000019676729814000062	0.000019675782507691318	0.00001937802876219244
32.199999999999996	0.0000197694493980551	0.000019768499439485724	0.00001946990011164396
32.23	0.00001986251730942317	0.000019861564693676712	0.00001956211819982432
32.26	0.000019955934623822536	0.000019954979345971895	0.000019654684099297957
32.29	0.000020049702454487438	0.0000200487445095927	0.000019747598919547965
32.32	0.000020143821791351918	0.000020142861174468163	0.000019840863648908675
32.349999999999994	0.000020238293626345757	0.00002023733033252306	0.000019934479277708804
32.379999999999995	0.000020333118953314257	0.000020332152977597672	0.00002002844679819125
32.41	0.00002042829876810031	0.000020427330105529872	0.000020122767224723512
32.44	0.00002052383406850551	0.000020522862714116235	0.00002021744151330442
32.47	0.000020619725854316374	0.00002061875180313825	0.000020312470682183314
32.5	0.000020715975127283595	0.000020714998374341558	0.000020407855731502985
32.529999999999994	0.000020812583064577085	0.000020811603604880465	0.000020503597833903574
32.559999999999995	0.000020909550561389047	0.000020908568389948904	0.000020599697884840412
32.589999999999996	0.000021006878539640666	0.000021005893651468265	0.00002069615680606776
32.62	0.000021104567993689903	0.00002110358038379238	0.000020792975590584426
32.65	0.00002120261991962915	0.000021201629583009504	0.00002089015523312499
32.68	0.000021301035315251237	0.000021300042246908347	0.000020987696730125837
32.71	0.000021399815180068707	0.000021398819374997343	0.000021085601079744398
32.739999999999995	0.000021498960515316064	0.000021497961968506867	0.000021183869584334323
32.769999999999996	0.000021598472323923007	0.00002159747103036253	0.00002128250233805433
32.8	0.000021698351610555627	0.000021697347565226314	0.000021381501251638128
32.83	0.000021798599133550576	0.00002179759233144563	0.00002148086678370012
32.86	0.000021899216045118415	0.00002189820648121825	0.00002158060008270215
32.89	0.00002200020349170813	0.000021999191160980888	0.000021680702291486293
32.919999999999995	0.000022101562507166223	0.000022100547404574616	0.00002178117444218977
32.949999999999996	0.000022203294127452453	0.0000222022762479538	0.000021882017569060547
32.98	0.000022305399390642358	0.000022304377645731224	0.00002198323270845988
33.01	0.000022407879336966358	0.00002240685480266813	0.00002208482089890135
33.04	0.00002251073500874694	0.000022509707680001992	0.000022186783180988104
33.07	0.000022613967450459186	0.000022612937322202432	0.000022289120597473315
33.099999999999994	0.00002271757770872473	0.000022716544775885648	0.00002239183419325416
33.129999999999995	0.000022821567047953237	0.00002282053130544312	0.000022494925227512777
33.16	0.00002292593646141367	0.000022924897904141826	0.000022598394692741624
33.19	0.00002303068681304513	0.00002302964543592651	0.00002270224345421964
33.22	0.000023135819135046567	0.00002313477493299198	0.000022806472542779972
33.25	0.000023241334461322	0.000023240287429238123	0.000022911082990962136
33.279999999999994	0.000023347233827559385	0.000023346183960348727	0.00002301607583309089
33.309999999999995	0.00002345351827118919	0.00002345246556375014	0.000023121452105234856
33.339999999999996	0.000023560188831372083	0.000023559133278598894	0.000023227212845194174
33.37	0.00002366724654904026	0.00002366618814582306	0.000023333359092541836
33.4	0.000023774692466878095	0.00002377363120810288	0.000023439891888604404
33.43	0.00002388252762334939	0.000023881463503898386	0.00002354681227058421
33.46	0.0000239907530597644	0.000023989686074516002	0.0000236541212785132
33.489999999999995	0.000024099369836036295	0.000024098299979864102	0.000023761819970759807
33.519999999999996	0.00002420837900283832	0.000024207306270611754	0.000023869909396629088
33.55	0.0000243177816126483	0.000024316705999232643	0.000023978390607231916
33.58	0.000024427578719683037	0.000024426500219939403	0.00002408726465541934
33.61	0.000024537771379948014	0.00002453668998873339	0.000024196532595832315
33.64	0.00002464835924884601	0.000024647276363380998	0.000024306195484878075
33.669999999999995	0.000024759346188212287	0.00002475826040343554	0.000024416254380751995
33.699999999999996	0.000024870731859454195	0.000024869643170210255	0.00002452671034415075
33.73	0.00002498251731428873	0.000024981425715418667	0.00002463756442413232
33.76	0.000025094703379206964	0.000025093608865561202	0.000024748817450291377
33.79	0.0000252072913832805	0.000025206193949690437	0.000024860470745479086
33.82	0.000025320282410004848	0.000025319182051296916	0.000024972525393095746
33.849999999999994	0.000025433677544902994	0.000025432574255898648	0.000025084982476328062
33.879999999999995	0.000025547477875559478	0.000025546371651075213	0.000025197843081168794
33.91	0.000025661684491586774	0.000025660575326434112	0.00002531110829563748
33.94	0.000025776298484677623	0.00002577518637366308	0.00002542477920983267
33.97	0.000025891320948523427	0.000025890205886448557	0.00002553885691585039
34.	0.000026006752978935566	0.000026005634960596918	0.000025653342507905453
34.029999999999994	0.00002612259567372991	0.00002612147307175818	0.000025768237082215918
34.059999999999995	0.000026238850225414556	0.000026237724654303123	0.0000258835418282692
34.089999999999996	0.000026355517691708384	0.000026354389146236413	0.00002599925780286963
34.12	0.0000264725991165787	0.0000264714675915237	0.00002611538604930556
34.15	0.000026590095597876296	0.0000265889610880112	0.00002623192766394995
34.18	0.000026708008235402	0.0000267068707354952	0.000026348883745125842
34.21	0.000026826338130866318	0.00002682519763568164	0.00002646625539306602
34.239999999999995	0.000026945086387908193	0.000026943942892204895	0.00002658404370993174
34.269999999999996	0.000027064254112126442	0.000027063107610659243	0.000026702249799844194
34.3	0.000027183842411041234	0.000027182692898560277	0.000026820874768845963
34.33	0.000027303850561186125	0.000027302699865339368	0.00002693991972489546
34.35999999999999	0.00002742428333733207	0.000027423129622336317	0.000027059385777860736
34.38999999999999	0.000027545140021869487	0.00002754398328246083	0.000027179274039184752
34.419999999999995	0.000027666421730601412	0.000027665261961511345	0.000027299585623185363
34.449999999999996	0.00002778812958078412	0.000027786966776739598	0.000027420321645641072
34.48	0.000027910264691625757	0.00002790909884734915	0.000027541483224282263
34.51	0.000028032828184267617	0.000028031659294476763	0.000027663071478772556
34.54	0.00002815582118182152	0.000028154649241229688	0.00002778508753074612
34.56999999999999	0.00002827924480933506	0.000028278069812650943	0.000027907532503772938
34.599999999999994	0.00002840310019380781	0.00002840192213573557	0.00002803040752337506
34.629999999999995	0.00002852738846421239	0.00002852620733945161	0.0000281537137170476
34.66	0.00002865211075146625	0.000028650926554711955	0.000028277452214230547
34.69	0.00002877726826295393	0.00002877608098889261	0.00002840162421972839
34.72	0.000028902862118811706	0.00002890167176212609	0.000028526230852423147
34.74999999999999	0.000029028893386063323	0.000029027699941435336	0.000028651273178894274
34.779999999999994	0.00002915536319599568	0.000029154166658103055	0.00002877675232906116
34.809999999999995	0.000029282272681675303	0.000029281073045191633	0.000028902669434624005
34.839999999999996	0.000029409622978027864	0.0000294084202376226	0.00002902902562914335
34.87	0.000029537415221821307	0.000029536209372159736	0.000029155822048023153
34.9	0.000029665650551649166	0.000029664441587392438	0.00002928305982849415
34.92999999999999	0.000029794330107951783	0.0000297931180237569	0.000029410740109635078
34.959999999999994	0.00002992345503302103	0.000029922239823540864	0.0000295388640323774
34.989999999999995	0.000030053026470963342	0.000030051808130846632	0.00002966743273946833
35.019999999999996	0.00003018304517933643	0.000030181823703248172	0.00002979644699274637
35.05	0.000030313512641430966	0.000030312288024014358	0.00002992590826925415
35.08	0.000030444430099818816	0.00003044320233570805	0.000030055817808859555
35.10999999999999	0.000030575798730711736	0.000030574567814535613	0.000030186176786065793
35.13999999999999	0.00003070761971260079	0.000030706385638982716	0.000030316986377653044
35.169999999999995	0.000030839894226206816	0.00003083865698976479	0.00003044824776262891
35.199999999999996	0.00003097262345454833	0.0000309713830498949	0.000030579962122296295
35.23	0.00003110580858291698	0.00003110456500465929	0.0000307121306402289
35.26	0.000031239450798837255	0.00003123820404157701	0.00003084475450223088
35.29	0.00003137355129215248	0.00003137230135048595	0.00003097783489642282
35.31999999999999	0.000031508111292042514	0.000031506858160558585	0.000031111373049730505
35.349999999999994	0.00003164313256983111	0.00003164187624308352	0.000031245370723533526
35.379999999999995	0.000031778615679281896	0.000031777356151852135	0.000031379828479054415
35.41	0.000031914561785153126	0.00003191329905161892	0.000031514747479802606
35.44	0.000032050972053942614	0.00003204970610887798	0.000031650128980571256
35.47	0.00003218784765389144	0.00003218657849186671	0.000031785973969604906
35.49999999999999	0.00003232518975492548	0.00003232391737050721	0.00003192228370479948
35.529999999999994	0.000032462999528727406	0.00003246172391647853	0.000032059059356598554
35.559999999999995	0.000032601278148666346	0.00003259999930314607	0.000032196302097134514
35.589999999999996	0.000032740026789883945	0.0000327387447056478	0.00003233401310031477
35.62	0.00003287924662919153	0.00003287796130079137	0.000032472193450177965
35.65	0.00003301893875928122	0.000033017650181269595	0.00003261084442213531
35.67999999999999	0.00003315910401011264	0.00003315781217705611	0.00003274996675860634
35.709999999999994	0.00003329974402551794	0.00003329844893195602	0.00003288956209572105
35.739999999999995	0.00003344086001622516	0.00003343956165669237	0.00003302963164261079
35.769999999999996	0.0000335824531951579	0.00003358115156418378	0.000033170176610601316
35.8	0.00003372452477738705	0.000033723219869496134	0.00003331119821316443
35.83	0.00003386707598016206	0.000033865767789873856	0.000033452697665949295
35.85999999999999	0.00003401010802291334	0.00003400879654474239	0.000033594676186784846
35.88999999999999	0.00003415362212723404	0.000034152307355689844	0.000033737134995661485
35.919999999999995	0.00003429761951691381	0.00003429630144650086	0.000033880075314764964
35.949999999999996	0.00003444210141790842	0.000034440780043126184	0.000034023498368445866
35.98	0.00003458706912029418	0.000034585744435634036	0.00003416740544432273
36.01	0.00003473252409222423	0.00003473119609216074	0.000034311798005680854
36.04	0.00003487846724896932	0.00003487713592798782	0.000034456676970550286
36.06999999999999	0.00003502489980690766	0.0000350235651594893	0.00003460204355394928
36.099999999999994	0.00003517182298425751	0.00003517048500487936	0.00003474789897273737
36.129999999999995	0.000035319238001158636	0.0000353178966842936	0.000034894244445696786
36.16	0.00003546714607965133	0.00003546580141976822	0.0000350410811935115
36.19	0.000035615548443661203	0.0000356142004352247	0.000035188410438752026
36.22	0.0000357644463190233	0.00003576309495649397	0.00003533623340589951
36.24999999999999	0.00003591384093346677	0.00003591248621130106	0.00003548455132133045
36.279999999999994	0.000036063733516608785	0.00003606237542925907	0.000035633365413310615
36.309999999999995	0.000036214125260963375	0.0000362127638028798	0.000035782676873530665
36.339999999999996	0.0000363650169482736	0.0000363636521139242	0.000035932486488469254
36.37	0.000036516410327124946	0.000036515042110948604	0.00003608279599842566
36.4	0.00003666830666105326	0.000036666935057483514	0.00003623360666523734
36.42999999999999	0.00003682070721593177	0.00003681933221939676	0.00003638491975307691
36.459999999999994	0.00003697361325995009	0.00003697223486487264	0.00003653673652843129
36.489999999999995	0.00003712702606366758	0.000037125644264465075	0.00003668905826015488
36.519999999999996	0.00003728094689999049	0.000037279561691074965	0.00003684188621944682
36.55	0.00003743537704412171	0.00003743398841989978	0.000036995221679800676
36.58	0.000037590317773644445	0.00003758892572851735	0.00003714906591708813
36.60999999999999	0.00003774577036849977	0.000037744374896863306	0.00003730342020953648
36.63999999999999	0.00003790173611098627	0.00003790033720723083	0.00003745828583772832
36.669999999999995	0.00003805821691365994	0.00003805681457214048	0.00003761366470419114
36.699999999999996	0.00003821521350376339	0.0000382138077188563	0.00003776955754188451
36.73	0.000038372727044615746	0.00003837131781069798	0.00003792596551407184
36.76	0.00003853075879257504	0.00003852934610401976	0.00003808288987584901
36.79	0.000038689310005754975	0.000038687893856931585	0.00003824033107513651
36.81999999999999	0.00003884838194408717	0.00003884696232936127	0.000038398291985805225
36.849999999999994	0.000039007975869324735	0.00003900655278305822	0.000038556773062082415
36.879999999999995	0.000039168093045032286	0.000039166666481583265	0.000038715775566279246
36.91	0.00003932873473655952	0.00003932730469028236	0.00003887530076249421
36.94	0.00003948990221107092	0.00003948846867631626	0.00003903534991664275
36.97	0.00003965159673753704	0.000039650159708651795	0.0000391959242964486
36.99999999999999	0.00003981381926060077	0.00003981237873194344	0.00003935702484954938
37.029999999999994	0.00003997657114691782	0.00003997512711283868	0.000039518652940116996
37.059999999999995	0.000040139853939539546	0.00004013840639437258	0.00003968081010646671
37.089999999999996	0.000040303668942041	0.000040302217880115244	0.00003984349765058459
37.12	0.00004046801746010864	0.000040466562875748115	0.00004000671687656705
37.15	0.00004063290080178421	0.00004063144268930802	0.00004017046909086468
37.17999999999999	0.000040798320277278085	0.00004079685863100032	0.00004033475560209564
37.209999999999994	0.00004096427719910169	0.00004096281201333148	0.00004049957772117802
37.239999999999995	0.000041130772881959984	0.000041129304151001475	0.00004066493676122238
37.269999999999996	0.000041297808642835054	0.000041296336360987415	0.0000408308340376153
37.3	0.00004146538580100818	0.00004146390996256559	0.00004099727086804143
37.33	0.00004163350574787973	0.00004163202634712813	0.000041164248641410284
37.35999999999999	0.000041802170084384135	0.000041800687115591766	0.000041331768953528606
37.38999999999999	0.000041971379770898155	0.00004196989322834511	0.00004149983276784815
37.419999999999995	0.00004214113611606701	0.00004213964599402926	0.00004166844139166158
37.449999999999996	0.00004231144043046191	0.00004230994672321136	0.000041837596134188765
37.48	0.00004248229402666283	0.000042480796728467265	0.00004200729830665961
37.51	0.00004265369821915681	0.00004265219732427988	0.00004217754922221224
37.53999999999999	0.00004282565432440924	0.000042824149827110566	0.00004234835019596444
37.56999999999999	0.00004299816366085596	0.00004299665555539104	0.00004251970254500566
37.599999999999994	0.00004317122754887179	0.00004316971582949203	0.000042691607588365554
37.629999999999995	0.00004334484731080077	0.000043343331971753535	0.000042864066647044344
37.66	0.00004351902427098004	0.000043517505306508594	0.00004303708104403649
37.69	0.00004369375931882928	0.000043692236723192536	0.000043210651672890985
37.72	0.000043869054001595624	0.0000438675277690385	0.00004338478007675047
37.74999999999999	0.000044044909911152806	0.0000440433800359043	0.000043559467842869447
37.779999999999994	0.000044221328410649867	0.00004421979488693354	0.00004373471633267586
37.809999999999995	0.000044398310865662196	0.00004439677368769618	0.00004391052691002168
37.839999999999996	0.000044575858644235234	0.000044574317806232174	0.00004408690094122662
37.87	0.00004475397311685993	0.00004475242861302704	0.000044263839795053606
37.9	0.00004493265565648671	0.000044931107481025715	0.00004444134484272269
37.92999999999999	0.00004511190763850694	0.0000451103557856141	0.00004461941745789254
37.959999999999994	0.00004529173044083362	0.00004529017490469967	0.00004479805901674113
37.989999999999995	0.0000454721254437972	0.00004547056621860744	0.00004497727089786149
38.019999999999996	0.00004565309406344153	0.000045651531143374224	0.000045157054515149185
38.05	0.000045834638520939974	0.0000458330719001309	0.000045337412077766024
38.08	0.00004601675930192529	0.00004601518897454475	0.00004551834408071941
38.10999999999999	0.00004619945775588274	0.00004619788371609732	0.00004569985187224516
38.13999999999999	0.000046382735234160776	0.00004638115747613332	0.00004588193680244454
38.169999999999995	0.000046566593089981614	0.00004656501160787125	0.000046064600223294784
38.199999999999996	0.000046751032678415855	0.00004674944746637801	0.0000462478434886287
38.23	0.0000469360553563792	0.00004693446640856558	0.00004643166795411177
38.26	0.00004712166248267408	0.000047120069793232686	0.000046616074977313
38.28999999999999	0.0000473078554179231	0.00004730625898099828	0.000046801065917619075
38.31999999999999	0.000047494635524599495	0.00004749303533433187	0.00004698664213626949
38.349999999999994	0.000047682004167049134	0.00004768040021757568	0.000047172804996378775
38.379999999999995	0.000047869962501707	0.00004786835478717015	0.00004735955565568625
38.41	0.00004805851164565626	0.00004805690016020565	0.000047546895233061885
38.44	0.000048247653461850766	0.000048246038199610886	0.000047734825584273174
38.47	0.00004843738935208117	0.00004843577030717161	0.00004792334810952968
38.49999999999999	0.00004862772072040958	0.000048626097886944954	0.00004811246421131137
38.529999999999994	0.000048818648973213255	0.00004881702234530325	0.00004830217529441244
38.559999999999995	0.00004901017551921121	0.000049008545090960584	0.0000484924827659679
38.589999999999996	0.00004920230176944137	0.000049200667534949913	0.000048683388035430564
38.62	0.000049395029137241174	0.00004939339109060374	0.00004887489251455191
38.65	0.000049588359038266816	0.0000495867171735733	0.00004906699761740109
38.67999999999999	0.00004978229289054499	0.00004978064720188032	0.00004925970476041677
38.709999999999994	0.000049976832114393554	0.00004997518259583771	0.000049453015362327854
38.739999999999995	0.00005017197834195576	0.00005017032498757478	0.00004964693105120462
38.769999999999996	0.00005036773301584564	0.00005036607581969992	0.00004984145326787355
38.8	0.000050564097312413043	0.00005056243626856874	0.00005003658319007026
38.83	0.000050761072642001156	0.00005075940774452023	0.000050232322226771507
38.85999999999999	0.000050958660417051106	0.00005095699165999139	0.000050428671789053035
38.88999999999999	0.000051156862051981207	0.00005115518942939637	0.0000506256332899688
38.919999999999995	0.00005135567896330669	0.00005135400246924626	0.000050823208144670795
38.949999999999996	0.00005155511256958467	0.000051553432198094024	0.00005102139777035385
38.98	0.00005175516429143867	0.00005175348003655905	0.00005122020358628035
39.01	0.00005195583555151567	0.000051954147407284164	0.000051419627013737165
39.03999999999999	0.000052157127774513527	0.0000521554357349631	0.000051619669476063116
39.06999999999999	0.00005235904238722897	0.000052357346446388464	0.00005182033239869696
39.099999999999994	0.000052561580433188635	0.000052559880585098894	0.000052021616828290724
39.129999999999995	0.000052764743397786456	0.000052763039636481864	0.0000522235242482286
39.16	0.000052968533084934524	0.00005296682540442977	0.00005242605645674772
39.19	0.00005317295096078562	0.00005317123935508999	0.0000526292149182883
39.22	0.00005337799849405636	0.000053376282957173736	0.0000528330010998522
39.24999999999999	0.000053583677156024306	0.000053581957681953136	0.0000530374164710001
39.279999999999994	0.00005378998842038961	0.000053788265003122915	0.00005324246250371313
39.309999999999995	0.00005399693376349123	0.00005399520639701658	0.000053448140672609
39.339999999999996	0.00005420451466420915	0.000054202783342508705	0.00005365445245484434
39.37	0.00005441273260391261	0.00005441099732096304	0.00005386139933006282
39.4	0.00005462158906654114	0.000054619849816313674	0.00005406898278047624
39.42999999999999	0.00005483108553861358	0.000054829342315073964	0.00005427720429087344
39.459999999999994	0.000055041224000570395	0.000055039476797658714	0.00005448606583435081
39.489999999999995	0.00005525200597866909	0.0000552502547903186	0.000054695568935061806
39.519999999999996	0.00005546343238756761	0.00005546167720772993	0.00005490571451255431
39.55	0.0000556755046807052	0.00005567374550332821	0.00005511650401901889
39.58	0.000055888224313366985	0.00005588646113239483	0.000055327938908494105
39.60999999999999	0.00005610159274284585	0.000056099825552219	0.000055540020637028395
39.63999999999999	0.00005631561142830705	0.000056313840221962225	0.000055752750662544776
39.669999999999995	0.000056530281830864936	0.000056528506602735136	0.00005596613044491743
39.699999999999996	0.000056745605413597814	0.000056743826157612375	0.000056180161445986816
39.73	0.000056961583641373836	0.00005695980035145838	0.00005639484512938527
39.76	0.00005717821798115183	0.00005717643065122831	0.00005661018296083807
39.78999999999999	0.000057395509901722776	0.00005739371852570947	0.00005682617640790482
39.81999999999999	0.00005761346070562826	0.00005761166527744655	0.00005704282677378371
39.849999999999994	0.000057832071663968926	0.00005783027217754464	0.000057260135330597244
39.879999999999995	0.00005805134464492828	0.00005804954109416771	0.00005747810394088412
39.91	0.000058271281147340514	0.00005826947352614538	0.00005769673410200795
39.94	0.00005849188267227675	0.00005849007097454424	0.00005791602731356933
39.97	0.000058713150723039035	0.00005871133494266183	0.00005813598507739979
39.99999999999999	0.00005893508680521851	0.00005893326693608471	0.00005835660889762005