0.01	0.10818945344801638
0.011	0.098262996427201238
0.012	0.090009504205511667
0.013000000000000001	0.083037674473854545
0.014	0.077069691086605802
0.015	0.071902782576972815
0.016	0.067385441496606316
0.017	0.063402161555814365
0.018000000000000002	0.059863328896381796
0.019000000000000003	0.056698342623501076
0.02	0.053850820565670761
0.020999999999999998	0.051275187576307411
0.022	0.048934202131073683
0.023	0.046797133093556598
0.024	0.044838395468444925
0.025	0.043036515665550196
0.026000000000000002	0.041373336951463405
0.027000000000000003	0.039833402424150142
0.028000000000000004	0.03840347087021747
0.028999999999999998	0.037072133255773777
0.03	0.035829506251287349
0.031	0.034666985313880204
0.032	0.033577044241620502
0.033	0.032553071301546672
0.034	0.031589234372451806
0.035	0.03068036927839762
0.036000000000000004	0.029821886788219169
0.037	0.02900969473821257
0.038	0.028240132483653344
0.039	0.027509915459884689
0.04	0.026816088078955608
0.041	0.026155983534966704
0.042	0.02552718936382806
0.043000000000000003	0.02492751781846296
0.044000000000000004	0.024354980291649401
0.045000000000000005	0.02380776515552404
0.046000000000000006	0.023284218496763927
0.047	0.022782827315337914
0.048	0.022302204826891051
0.049	0.021841077567711711
0.05	0.021398274049493279
0.051000000000000004	0.020972714750831057
0.052000000000000005	0.020563403265232816
0.053000000000000005	0.020169418452672845
0.054	0.01978990746442021
0.055	0.019424079529851423
0.056	0.01907120040988234
0.057	0.018730587435059103
0.058	0.018401605057671203
0.059000000000000004	0.018083660856841623
0.060000000000000005	0.01777620194370132
0.061000000000000006	0.017478711720702606
0.062000000000000006	0.017190706955063743
0.063	0.016911735131425999
0.064	0.016641372053176371
0.065	0.016379219665656086
0.066	0.016124904077727396
0.067	0.015878073760986645
0.068	0.015638397908354772
0.069	0.015405564935900541
0.06999999999999999	0.015179281113603471
0.071	0.014959269312380645
0.072	0.014745267856117041
0.073	0.014537029468680886
0.074	0.014334320306996932
0.075	0.014136919072212066
0.076	0.013944616191836432
0.077	0.013757213066494203
0.078	0.0135745213755839
0.079	0.013396362436740273
0.08	0.013222566614517029
0.081	0.013052972774181451
0.082	0.012887427776934461
0.08299999999999999	0.012725786013250603
0.08399999999999999	0.012567908971376071
0.08499999999999999	0.012413664838335859
0.086	0.012262928131086759
0.087	0.012115579355716477
0.088	0.011971504692834133
0.089	0.011830595707527673
0.09	0.011692749082483456
0.091	0.011557866373075966
0.092	0.01142585378344549
0.093	0.011296621962793038
0.094	0.011170085821339997
0.095	0.011046164365630213
0.096	0.010924780553101952
0.097	0.01080586116613408
0.09799999999999999	0.010689336706085736
0.09899999999999999	0.010575141308214289
0.09999999999999999	0.010463212678789403
0.10099999999999999	0.010353492056242787
0.102	0.010245924198831883
0.103	0.010140457402088535
0.104	0.010037043550319539
0.105	0.0099356382076922142
0.106	0.0098362007560640757
0.107	0.0097386945888259854
0.108	0.0096430873727936847
0.109	0.0095493513938426887
0.11	0.0094574640068746142
0.111	0.0093674082173114525
0.112	0.0092791734303352136
0.113	0.0091927564165420993
0.114	0.0091081625600704826
0.11499999999999999	0.00902540747985155
0.11599999999999999	0.0089445191498592827
0.11699999999999999	0.008865540695411088
0.118	0.0087885341180091447
0.119	0.0087135853141519642
0.12	0.0086408109253726141
0.121	0.0085703678225252378
0.122	0.0085024664451519467
0.123	0.0084373898834447601
0.124	0.0083755216657568268
0.125	0.0083173869512518771
0.126	0.00826371456550864
0.127	0.008215531230651163
0.128	0.0081743028619346604
0.129	0.0081421292489021642
0.13	0.0081219101797958288
0.131	0.0081168252175081983
0.132	0.0081244726320061876
0.133	0.0080844691029575977
0.134	0.0073553272382946037
0.135	0.0067468278346518194
0.136	0.0062313167746487069
0.137	0.0057889919585927402
0.138	0.0062555916128320893
0.139	0.0064491679495929221
0.14	0.0065353819074342534
0.14100000000000001	0.006569726300487925
0.14200000000000002	0.0065755041282509353
0.14300000000000002	0.0065640846307797604
0.14400000000000002	0.006541634703421644
0.14500000000000002	0.0065117726135154545
0.14600000000000002	0.0064767532210397976
0.14700000000000002	0.0064380501607978506
0.14800000000000002	0.0063966640696673654
0.14900000000000002	0.0063532959681602179
0.15000000000000002	0.0063084497924650674
0.15100000000000002	0.0062624956288071972
0.15200000000000002	0.0062157101310395769
0.15300000000000002	0.0061683031620400897
0.15400000000000003	0.0061204358309679399
0.155	0.0060722329952345782
0.156	0.0060237921072815795
0.157	0.005975189590997295
0.158	0.0059264855134731108
0.159	0.0058777270582095961
0.16	0.0058289511411533422
0.161	0.0057801864040926791
0.162	0.0057314547492347901
0.163	0.0056827725311392524
0.164	0.0056341514895324046
0.165	0.0055855994838037706
0.166	0.0055371210739418005
0.167	0.0054887179811833227
0.168	0.0054403894533253064
0.169	0.0053921325535339366
0.17	0.0053439423869400104
0.171	0.0052958122758839645
0.17200000000000001	0.0052477338920555311
0.17300000000000001	0.0051996973517386951
0.17400000000000002	0.0051516912787600896
0.17500000000000002	0.0051037028384301802
0.17600000000000002	0.0050557177446700508
0.17700000000000002	0.0050077202415631872
0.17800000000000002	0.0049596930597028592
0.17900000000000002	0.0049116173468721769
0.18000000000000002	0.0048634725717485025
0.18100000000000002	0.0048152363984193727
0.18200000000000002	0.0047668845284808475
0.18300000000000002	0.0047183905062994549
0.18400000000000002	0.0046697254815780426
0.18500000000000003	0.0046208579215729056
0.186	0.0045717532630285716
0.187	0.0045223734909405101
0.188	0.0044726766273617789
0.189	0.0044226161082606052
0.19	0.0043721400193651892
0.191	0.0043211901521882723
0.192	0.0042697008277856286
0.193	0.0042175974163909859
0.194	0.0041647944529364872
0.195	0.004111193206876849
0.196	0.0040566785018823631
0.197	0.0040011144836195958
0.198	0.0039443388788375413
0.199	0.0038861550342787349
0.2	0.0038263205899967726
0.201	0.0037645308705957204
0.202	0.0037003936382034664
0.203	0.0036333889984580198
0.20400000000000001	0.0035628021735438563
0.20500000000000002	0.0034876026737542479
0.20600000000000002	0.0034062061347586922
0.20700000000000002	0.0033159399100303275
0.20800000000000002	0.0032115801839193458
0.20900000000000002	0.0030796031322559659
0.21000000000000002	0.0027769904676760008
0.21100000000000002	0.0025822606171838104
0.21200000000000002	8.4013387542898954e-07
0.21300000000000002	6.8519540558028065e-07
0.21400000000000002	5.9271720491600811e-07
0.21500000000000002	5.2953095741621773e-07
0.21600000000000003	4.8283421642798466e-07
0.21700000000000003	4.4649997458499747e-07
0.21800000000000003	4.1717886091903326e-07
0.219	3.928648937680089e-07
0.22	3.7227359513897879e-07
0.221	3.545392745375204e-07
0.222	3.3905435832533491e-07
0.223	3.2537816432142622e-07
0.224	3.1318222458488908e-07
0.225	3.0221602267761051e-07
0.226	2.9228470829745224e-07
0.227	2.832341357582434e-07
0.228	2.7494054163302409e-07
0.229	2.6730325194950737e-07
0.23	2.6023942115814446e-07
0.231	2.5368016603448499e-07
0.232	2.4756767743321492e-07
0.233	2.4185303039511545e-07
0.234	2.3649450141718185e-07
0.23500000000000001	2.3145625965825764e-07
0.23600000000000002	2.2670733767130135e-07
0.23700000000000002	2.2222081373148233e-07
0.23800000000000002	2.1797315619367715e-07
0.23900000000000002	2.139436932459606e-07
0.24000000000000002	2.1011418066243902e-07
0.24100000000000002	2.0646844684163666e-07
0.24200000000000002	2.0299209931001677e-07
0.24300000000000002	1.9967228049333547e-07
0.24400000000000002	1.9649746326902865e-07
0.24500000000000002	1.9345727886027179e-07
0.24600000000000002	1.9054237119294641e-07
0.24700000000000003	1.8774427303638017e-07
0.24800000000000003	1.8505530017823435e-07
0.24900000000000003	1.824684606095375e-07
0.25	1.7997737626632324e-07
0.251	1.7757621532580997e-07
0.252	1.7525963341463132e-07
0.253	1.730227223747027e-07
0.254	1.7086096546443623e-07
0.255	1.6877019806105051e-07
0.256	1.6674657308282557e-07
0.257	1.6478653047543398e-07
0.258	1.6288677020945299e-07
0.259	1.6104422832119259e-07
0.26	1.5925605559947832e-07
0.261	1.5751959857972573e-07
0.262	1.5583238255570292e-07
0.263	1.5419209636053596e-07
0.264	1.5259657870315906e-07
0.265	1.5104380587568828e-07
0.266	1.4953188067200463e-07
0.267	1.4805902237893079e-07
0.268	1.4662355771937676e-07
0.269	1.4522391264222097e-07
0.27	1.4385860486689339e-07
0.271	1.4252623710198383e-07
0.272	1.4122549086699092e-07
0.273	1.3995512085479341e-07
0.274	1.3871394977976493e-07
0.275	1.3750086366282863e-07
0.276	1.3631480751029942e-07
0.277	1.3515478134820677e-07
0.278	1.3401983657803018e-07
0.279	1.3290907262348948e-07
0.28	1.3182163384129834e-07
0.281	1.3075670667165634e-07
0.28200000000000003	1.2971351700678599e-07
0.28300000000000003	1.2869132775805486e-07
0.28400000000000003	1.2768943660420215e-07
0.28500000000000003	1.2670717390494005e-07
0.28600000000000003	1.2574390076575648e-07
0.28700000000000003	1.2479900724113003e-07
0.28800000000000003	1.2387191066460056e-07
0.28900000000000003	1.2296205409523768e-07
0.29000000000000004	1.2206890487103347e-07
0.29100000000000004	1.2119195326062347e-07
0.29200000000000004	1.2033071120552794e-07
0.29300000000000004	1.1948471114581418e-07
0.29400000000000004	1.1865350492271304e-07
0.29500000000000004	1.178366627522967e-07
0.29600000000000004	1.1703377226483862e-07
0.29700000000000004	1.1624443760494232e-07
0.29800000000000004	1.1546827858794188e-07
0.299	1.1470492990846266e-07
0.3	1.1395404039736644e-07
0.301	1.1321527232362471e-07
0.302	1.1248830073793905e-07
0.303	1.1177281285518823e-07
0.304	1.110685074730186e-07
0.305	1.1037509442409319e-07
0.306	1.09692294059726e-07
0.307	1.0901983676279914e-07
0.308	1.0835746248800611e-07
0.309	1.0770492032764162e-07
0.31	1.0706196810126006e-07
0.311	1.0642837196768243e-07
0.312	1.0580390605791092e-07
0.313	1.0518835212763909e-07
0.314	1.0458149922813632e-07
0.315	1.0398314339435648e-07
0.316	1.0339308734922397e-07
0.317	1.028111402231157e-07
0.318	1.0223711728759383e-07
0.319	1.0167083970261281e-07
0.32	1.0111213427629648e-07
0.321	1.0056083323669463e-07
0.322	1.0001677401460979e-07
0.323	9.9479799037103908e-08
0.324	9.8949755530912556e-08
0.325	9.8426495335200881e-08
0.326	9.7909874723306144e-08
0.327	9.7399754232735438e-08
0.328	9.6895998503132729e-08
0.329	9.6398476121715253e-08
0.33	9.590705947578361e-08
0.331	9.542162461192747e-08
0.332	9.4942051101568889e-08
0.333	9.4468221912509246e-08
0.334	9.4000023286164614e-08
0.335	9.3537344620193953e-08
0.336	9.3080078356242763e-08
0.337	9.2628119872539236e-08
0.338	9.2181367381046286e-08
0.339	9.1739721829240047e-08
0.34	9.1303086805550185e-08
0.341	9.0871368449236052e-08
0.342	9.0444475363779583e-08
0.343	9.0022318534030913e-08
0.34400000000000003	8.9604811246098266e-08
0.34500000000000003	8.919186901176101e-08
0.34600000000000003	8.8783409494597728e-08
0.34700000000000003	8.8379352440160863e-08
0.34800000000000003	8.7979619607864213e-08
0.34900000000000003	8.7584134706485546e-08
0.35000000000000003	8.7192823331732895e-08
0.35100000000000003	8.6805612906307054e-08
0.35200000000000004	8.6422432622481717e-08
0.35300000000000004	8.6043213386501944e-08
0.35400000000000004	8.5667887765304376e-08
0.35500000000000004	8.5296389935581659e-08
0.35600000000000004	8.492865563389693e-08
0.35700000000000004	8.4564622109836147e-08
0.35800000000000004	8.4204228079508651e-08
0.35900000000000004	8.38474136827508e-08
0.36000000000000004	8.3494120439551897e-08
0.36100000000000004	8.3144291208572232e-08
0.362	8.2797870149847358e-08
0.363	8.2454802685141634e-08
0.364	8.2115035461267156e-08
0.365	8.1778516316252243e-08
0.366	8.1445194243097001e-08
0.367	8.1115019358738118e-08
0.368	8.0787942871456437e-08
0.369	8.0463917048611553e-08
0.37	8.0142895189628238e-08
0.371	7.9824831596697016e-08
0.372	7.9509681546614431e-08
0.373	7.9197401264823279e-08
0.374	7.8887947895716276e-08
0.375	7.8581279484895578e-08
0.376	7.8277354949172449e-08
0.377	7.797613405326611e-08
0.378	7.767757739385382e-08
0.379	7.7381646366432155e-08
0.38	7.7088303154733288e-08
0.381	7.6797510704161815e-08
0.382	7.6509232706021478e-08
0.383	7.6223433576684227e-08
0.384	7.5940078432245633e-08
0.385	7.5659133084096021e-08
0.386	7.5380564008439689e-08
0.387	7.5104338337562922e-08
0.388	7.4830423842099538e-08
0.389	7.4558788914934296e-08
0.39	7.4289402545555009e-08
0.391	7.4022234324149346e-08
0.392	7.3757254415697722e-08
0.393	7.3494433543798175e-08
0.394	7.3233742984714311e-08
0.395	7.2975154543863913e-08
0.396	7.2718640559267806e-08
0.397	7.2464173863444937e-08
0.398	7.22117278048337e-08
0.399	7.1961276209291082e-08
0.4	7.1712793378918632e-08
0.401	7.1466254072819708e-08
0.402	7.1221633509304294e-08
0.403	7.0978907350384374e-08
0.404	7.0738051683562015e-08
0.405	7.0499043030462414e-08
0.406	7.0261858253166209e-08
0.40700000000000003	7.0026474603450591e-08
0.40800000000000003	6.9792869810098734e-08
0.40900000000000003	6.9561021974389572e-08
0.41000000000000003	6.93309095743484e-08
0.41100000000000003	6.9102511455789309e-08
0.41200000000000003	6.8875806825430429e-08
0.41300000000000003	6.8650775245944792e-08
0.41400000000000003	6.8427396632871005e-08
0.41500000000000004	6.8205651154583857e-08
0.41600000000000004	6.7985519327412909e-08
0.41700000000000004	6.7766982019159701e-08
0.41800000000000004	6.7550020442526592e-08
0.41900000000000004	6.7334616110926638e-08
0.42000000000000004	6.7120750809570601e-08
0.42100000000000004	6.6908406670641323e-08
0.42200000000000004	6.669756609335749e-08
0.42300000000000004	6.6488211733907572e-08
0.42400000000000004	6.6280326561601863e-08
0.42500000000000004	6.6073893848638242e-08
0.42600000000000005	6.586889699251603e-08
0.427	6.5665319805552637e-08
0.428	6.5463146271664823e-08
0.429	6.5262360628130651e-08
0.43	6.5062947443870554e-08
0.431	6.4864891387130354e-08
0.432	6.4668177453385834e-08
0.433	6.4472790829407135e-08
0.434	6.4278716969672616e-08
0.435	6.4085941518454527e-08
0.436	6.3894450309199551e-08
0.437	6.3704229384822006e-08
0.438	6.3515265072769797e-08
0.439	6.3327543850276626e-08
0.44	6.3141052355685598e-08
0.441	6.2955777485318522e-08
0.442	6.277170637289083e-08
0.443	6.2588826148279387e-08
0.444	6.2407124314241492e-08
0.445	6.2226588423450901e-08
0.446	6.2047206295639902e-08
0.447	6.1868965918276467e-08
0.448	6.1691855315544242e-08
0.449	6.1515862878943612e-08
0.45	6.1340977052687953e-08
0.451	6.11671862155187e-08
0.452	6.0994479497664097e-08
0.453	6.0822845468277514e-08
0.454	6.0652273512890365e-08
0.455	6.0482752424710102e-08
0.456	6.0314271968567733e-08
0.457	6.0146821332903617e-08
0.458	5.9980390470053136e-08
0.459	5.9814968739942439e-08
0.46	5.965054648039826e-08
0.461	5.9487112964768738e-08
0.462	5.9324658605753952e-08
0.463	5.9163173732982771e-08
0.464	5.9002648650595474e-08
0.465	5.8843074241193224e-08
0.466	5.8684440666458254e-08
0.467	5.8526738133529306e-08
0.468	5.8369958820418609e-08
0.46900000000000003	5.8214092116082355e-08
0.47000000000000003	5.8059129743207145e-08
0.47100000000000003	5.7905062584369236e-08
0.47200000000000003	5.7751881790381046e-08
0.47300000000000003	5.7599578909195369e-08
0.47400000000000003	5.7448144597835059e-08
0.47500000000000003	5.7297570557308666e-08
0.47600000000000003	5.71478480620753e-08
0.47700000000000004	5.6998969123711114e-08
0.47800000000000004	5.685092520860207e-08
0.47900000000000004	5.6703707060744139e-08
0.48000000000000004	5.6557308658260697e-08
0.48100000000000004	5.6411719294729735e-08
0.48200000000000004	5.6266931195774253e-08
0.48300000000000004	5.6122936554855925e-08
0.48400000000000004	5.5979726974267858e-08
0.48500000000000004	5.5837295350082049e-08
0.48600000000000004	5.5695632293666237e-08
0.48700000000000004	5.5554730264903787e-08
0.48800000000000004	5.541457976205285e-08
0.48900000000000005	5.5275174211728405e-08
0.49	5.5136503681274432e-08
0.491	5.4998561632072314e-08
0.492	5.4861338290267682e-08
0.493	5.4724826857491315e-08
0.494	5.4589019032924802e-08
0.495	5.4453902443686162e-08
0.496	5.431947238710165e-08
0.497	5.41857158914692e-08
0.498	5.4052625644634481e-08
0.499	5.3920191172123931e-08
0.5	5.3788404607140175e-08
0.501	5.3657252434587382e-08
0.502	5.3526725086205033e-08
0.503	5.3396814949818071e-08
0.504	5.326750597575687e-08
0.505	5.3138785693955252e-08
0.506	5.3010642003138286e-08
0.507	5.2883058339811417e-08
0.508	5.2756027684714718e-08
0.509	5.2629524890244336e-08
0.51	5.2503534351270845e-08
0.511	5.2378037526295878e-08
0.512	5.2253019270849956e-08
0.513	5.2128436457578139e-08
0.514	5.2004275532757061e-08
0.515	5.1880507511181821e-08
0.516	5.1757100422459546e-08
0.517	5.1633996641214426e-08
0.518	5.1511165473086589e-08
0.519	5.1388550380669974e-08
0.52	5.1266089099484955e-08
0.521	5.1143706059731953e-08
0.522	5.1021338025949277e-08
0.523	5.0898840677748483e-08
0.524	5.0776102939283792e-08
0.525	5.0652972446845668e-08
0.526	5.0529274635544692e-08
0.527	5.0404728864656083e-08
0.528	5.0279076144157584e-08
0.529	5.0151935402828436e-08
0.53	5.0022736061209624e-08
0.531	4.9890858785217721e-08
0.532	4.9755426894205378e-08
0.533	4.9615201798858669e-08
0.534	4.9468489693407637e-08
0.535	4.9312956387906757e-08
0.536	4.9144935998641856e-08
0.537	4.8959145999812854e-08
0.538	4.8747160609069825e-08
0.539	4.8494906435275734e-08
0.54	4.8178215623735172e-08
0.541	4.7752377783092866e-08
0.542	4.7125581208207643e-08
0.543	4.6090261055803455e-08
0.544	4.4095922816019201e-08
0.545	3.9361301231062863e-08
0.546	3.9246726395926863e-08
0.547	3.9132816645098272e-08
0.548	3.9019566204311608e-08
0.549	3.8906969365951399e-08
0.55	4.3436919277820663e-08
0.551	4.5228547025464721e-08
0.552	4.6061116238042379e-08
0.553	4.6484756213596931e-08
0.554	4.6706125915138742e-08
0.555	4.6817516153172032e-08
0.556	4.6864169588082296e-08
0.557	4.6870238300911954e-08
0.558	4.6849688705593618e-08
0.559	4.6811067604511208e-08
0.56	4.6759921609794002e-08
0.561	4.6699521648576877e-08
0.562	4.6632497655736227e-08
0.5630000000000001	4.6560503433687976e-08
0.5640000000000001	4.6484726324414427e-08
0.5650000000000001	4.6406109714133356e-08
0.5660000000000001	4.6325288577297508e-08
0.5670000000000001	4.624276452090235e-08
0.5680000000000001	4.6158973159429472e-08
0.5690000000000001	4.6074142319043693e-08
0.5700000000000001	4.5988588552308505e-08
0.5710000000000001	4.5902410958417199e-08
0.5720000000000001	4.5815818342312153e-08
0.5730000000000001	4.5728904121107601e-08
0.5740000000000001	4.5641796377453208e-08
0.5750000000000001	4.555457052318495e-08
0.5760000000000001	4.546727140557442e-08
0.5770000000000001	4.5379966509869189e-08
0.5780000000000001	4.5292712055465757e-08
0.5790000000000001	4.5205532797050331e-08
0.5800000000000001	4.5118485667894042e-08
0.5810000000000001	4.5031572881278296e-08
0.5820000000000001	4.4944828725309768e-08
0.5830000000000001	4.4858270896066616e-08
0.5840000000000001	4.4771926532896983e-08
0.5850000000000001	4.4685793454536551e-08
0.5860000000000001	4.4599899484976297e-08
0.587	4.4514250262816725e-08
0.588	4.4428844899759428e-08
0.589	4.4343702234246029e-08
0.59	4.4258823661662684e-08
0.591	4.4174226077425728e-08
0.592	4.4089897048179522e-08
0.593	4.4005853326839799e-08
0.594	4.3922092403207275e-08
0.595	4.3838618003555954e-08
0.596	4.3755433819565488e-08
0.597	4.3672544847233678e-08
0.598	4.3589945493054855e-08
0.599	4.3507643410414512e-08
0.6	4.3425636865467426e-08
0.601	4.3343924819534376e-08
0.602	4.3262508983821109e-08
0.603	4.3181392211445457e-08
0.604	4.3100570987172502e-08
0.605	4.3020050267723504e-08
0.606	4.2939823527542177e-08
0.607	4.2859892059661778e-08
0.608	4.2780254283346118e-08
0.609	4.2700914312558366e-08
0.61	4.2621868443570264e-08
0.611	4.2543114118078692e-08
0.612	4.2464655659162319e-08
0.613	4.2386486051234815e-08
0.614	4.2308608210030884e-08
0.615	4.2231021296278453e-08
0.616	4.2153720407748702e-08
0.617	4.207670760955827e-08
0.618	4.1999981397154594e-08
0.619	4.1923540643551636e-08
0.62	4.1847382989306808e-08
0.621	4.1771509468079834e-08
0.622	4.1695915692962995e-08
0.623	4.1620602629094392e-08
0.624	4.1545568236595838e-08
0.625	4.1470810641344039e-08
0.626	4.1396330290970821e-08
0.627	4.1322124047605195e-08
0.628	4.1248191181290129e-08
0.629	4.1174530150237677e-08
0.63	4.1101139513861028e-08
0.631	4.1028018460610039e-08
0.632	4.0955165647727016e-08
0.633	4.0882578480921743e-08
0.634	4.0810257476571883e-08
0.635	4.0738199625386379e-08
0.636	4.066640370162846e-08
0.637	4.0594869733707313e-08
0.638	4.0523594360119977e-08
0.639	4.0452576846324698e-08
0.64	4.0381816253726282e-08
0.641	4.0311311152183239e-08
0.642	4.0241060138639284e-08
0.643	4.0171061542531371e-08
0.644	4.0101313737126783e-08
0.645	4.0031816124193855e-08
0.646	3.9962567016319972e-08
0.647	3.9893564705452005e-08
0.648	3.9824808323745733e-08
0.649	3.9756296186260273e-08
0.65	3.9688027356647547e-08
0.651	3.96199998482282e-08
0.652	3.9552212809458689e-08
0.653	3.9484664576738849e-08
0.654	3.9417353966120815e-08
0.655	3.9350279878224761e-08
0.656	3.9283440798564554e-08
0.657	3.9216835330274878e-08
0.658	3.9150461951584859e-08
0.659	3.9084320044063194e-08
0.66	3.9018407691693781e-08
0.661	3.8952724045200818e-08
0.662	3.8887267545044094e-08
0.663	3.8822036613718959e-08
0.664	3.8757030766573113e-08
0.665	3.8692248246886618e-08
0.666	3.8627687691052482e-08
0.667	3.8563348001259251e-08
0.668	3.8499227892569256e-08
0.669	3.8435326022544561e-08
0.67	3.837164149690081e-08
0.671	3.8308172865282355e-08
0.672	3.8244918873751202e-08
0.673	3.8181877851831542e-08
0.674	3.8119049832677616e-08
0.675	3.8056432022803482e-08
0.676	3.799402464577957e-08
0.677	3.793182598514904e-08
0.678	3.7869834435496955e-08
0.679	3.7808049210483243e-08
0.68	3.7746468659744754e-08
0.681	3.7685092606580542e-08
0.682	3.762391902648906e-08
0.683	3.7562947483848662e-08
0.684	3.7502175826585506e-08
0.685	3.7441602751267155e-08
0.686	3.7381228356786956e-08
0.687	3.7321050958700123e-08
0.6880000000000001	3.7261069567806092e-08
0.6890000000000001	3.7201282176901971e-08
0.6900000000000001	3.7141688678709404e-08
0.6910000000000001	3.7082286906001058e-08
0.6920000000000001	3.7023077067325892e-08
0.6930000000000001	3.6964057770133414e-08
0.6940000000000001	3.6905227824192017e-08
0.6950000000000001	3.6846584201465038e-08
0.6960000000000001	3.6788127730355465e-08
0.6970000000000001	3.6729857404514483e-08
0.6980000000000001	3.6671770325027968e-08
0.6990000000000001	3.6613868148395464e-08
0.7000000000000001	3.6556147489073916e-08
0.7010000000000001	3.6498608818600098e-08
0.7020000000000001	3.6441250459498541e-08
0.7030000000000001	3.6384069668355644e-08
0.7040000000000001	3.632706919452971e-08
0.7050000000000001	3.6270244215682803e-08
0.7060000000000001	3.6213595636003578e-08
0.7070000000000001	3.6157120821951067e-08
0.7080000000000001	3.6100819090196011e-08
0.7090000000000001	3.6044691463036933e-08
0.7100000000000001	3.5988735377525513e-08
0.7110000000000001	3.5932950706731739e-08
0.7120000000000001	3.5877334511280659e-08
0.7130000000000001	3.5821884499941971e-08
0.714	3.5766603103427058e-08
0.715	3.571148922594649e-08
0.716	3.5656540689869926e-08
0.717	3.560175417469695e-08
0.718	3.5547130621114784e-08
0.719	3.5492669985430762e-08
0.72	3.5438369550896588e-08
0.721	3.5384228371452172e-08
0.722	3.5330248353581594e-08
0.723	3.5276423121578256e-08
0.724	3.5222756174853976e-08
0.725	3.5169246740179888e-08
0.726	3.5115887747342088e-08
0.727	3.5062685546132662e-08
0.728	3.5009636194650008e-08
0.729	3.4956733429245749e-08
0.73	3.4903983245256806e-08
0.731	3.4851380076877161e-08
0.732	3.4798927367398363e-08
0.733	3.4746621520202527e-08
0.734	3.4694460867613823e-08
0.735	3.4642446396343574e-08
0.736	3.4590573481340602e-08
0.737	3.4538845290624571e-08
0.738	3.4487256406572796e-08
0.739	3.443580831260188e-08
0.74	3.4384501108008225e-08
0.741	3.4333329420986521e-08
0.742	3.4282295719468528e-08
0.743	3.4231396557672163e-08
0.744	3.418063357003645e-08
0.745	3.4130004202556504e-08
0.746	3.4079505931031804e-08
0.747	3.4029138453525247e-08
0.748	3.3978901781369723e-08
0.749	3.3928792940180656e-08
0.75	3.3878814346760646e-08
0.751	3.3828959539713388e-08
0.752	3.3779233011181899e-08
0.753	3.3729627088824946e-08
0.754	3.3680145317572839e-08
0.755	3.3630784896479782e-08
0.756	3.3581543120366425e-08
0.757	3.3532420332910432e-08
0.758	3.348341778191862e-08
0.759	3.3434529269233016e-08
0.76	3.3385757303788006e-08
0.761	3.3337097932456125e-08
0.762	3.3288557587540297e-08
0.763	3.3240119873782565e-08
0.764	3.3191797461179154e-08
0.765	3.3143579263641444e-08
0.766	3.3095469073377267e-08
0.767	3.304746083766905e-08
0.768	3.2999557662769405e-08
0.769	3.29517610439582e-08
0.77	3.2904062425616495e-08
0.771	3.2856471056804148e-08
0.772	3.2808970056677453e-08
0.773	3.2761564500683279e-08
0.774	3.271425383254003e-08
0.775	3.2667036812302633e-08
0.776	3.2619914737223532e-08
0.777	3.2572877392197027e-08
0.778	3.2525927367217115e-08
0.779	3.2479064247987467e-08
0.78	3.2432294841390692e-08
0.781	3.2385595608399602e-08
0.782	3.2338986070564652e-08
0.783	3.2292452453883704e-08
0.784	3.2245994086264536e-08
0.785	3.2199616699511228e-08
0.786	3.2153304575674125e-08
0.787	3.2107062741194835e-08
0.788	3.2060894415111304e-08
0.789	3.2014788072324779e-08
0.79	3.1968752025943269e-08
0.791	3.1922779237818476e-08
0.792	3.1876861932913347e-08
0.793	3.1831005022789634e-08
0.794	3.1785200905832619e-08
0.795	3.1739448894201705e-08
0.796	3.169375086152429e-08
0.797	3.1648096780227423e-08
0.798	3.1602483352246816e-08
0.799	3.1556915726679801e-08
0.8	3.1511393933172671e-08
0.801	3.14659115918471e-08
0.802	3.1420453733706604e-08
0.803	3.1375032420820035e-08
0.804	3.1329620770458126e-08
0.805	3.1284246641444813e-08
0.806	3.1238908417557825e-08
0.807	3.1193565608036161e-08
0.808	3.1148248193656986e-08
0.809	3.1102920010962808e-08
0.81	3.1057612604887319e-08
0.811	3.101231848078524e-08
0.812	3.0967006495998132e-08
0.8130000000000001	3.0921710072173418e-08
0.8140000000000001	3.0876393638380391e-08
0.8150000000000001	3.0831049103522698e-08
0.8160000000000001	3.0785710700310491e-08
0.8170000000000001	3.0740331318239032e-08
0.8180000000000001	3.0694928600277825e-08
0.8190000000000001	3.0649483185848826e-08
0.8200000000000001	3.0603993735266038e-08
0.8210000000000001	3.0558468880275759e-08
0.8220000000000001	3.0512886044043066e-08
0.8230000000000001	3.0467258843253771e-08
0.8240000000000001	3.0421545701337804e-08
0.8250000000000001	3.0375766049981599e-08
0.8260000000000001	3.0329910819002548e-08
0.8270000000000001	3.0283954423021688e-08
0.8280000000000001	3.023791137139588e-08
0.8290000000000001	3.0191736661976609e-08
0.8300000000000001	3.0145436014146155e-08
0.8310000000000001	3.0099032944034943e-08
0.8320000000000001	3.0052454331755253e-08
0.8330000000000001	3.0005712973210726e-08
0.8340000000000001	2.9958851482295067e-08
0.8350000000000001	2.9911889389132499e-08
0.8360000000000001	2.9864580145839335e-08
0.8370000000000001	2.9817161969350451e-08
0.8380000000000001	2.976950120985383e-08
0.8390000000000001	2.9721695915097224e-08
0.8400000000000001	2.967358827313828e-08
0.8410000000000001	2.9625189599817031e-08
0.8420000000000001	2.957662940798205e-08
0.843	2.9527686866808113e-08
0.844	2.9478527017625098e-08
0.845	2.9428936182896527e-08
0.846	2.9379097134975447e-08
0.847	2.9328941285531354e-08
0.848	2.927830001038371e-08
0.849	2.9227263555940442e-08
0.85	2.9175884298094312e-08
0.851	2.9124066432590613e-08
0.852	2.9071653169648043e-08
0.853	2.9018869295415159e-08
0.854	2.8965373208397628e-08
0.855	2.8911559927360039e-08
0.856	2.8857040027660226e-08
0.857	2.8801882870363796e-08
0.858	2.8746112366436714e-08
0.859	2.8689620921609482e-08
0.86	2.8632296491322516e-08
0.861	2.857444851659781e-08
0.862	2.8515514607811281e-08
0.863	2.8455743270718391e-08
0.864	2.8395183613143631e-08
0.865	2.8333728195239457e-08
0.866	2.8271278209676158e-08
0.867	2.8207515910470958e-08
0.868	2.8142776899526445e-08
0.869	2.8076769639030722e-08
0.87	2.8009744241873158e-08
0.871	2.7941308163698151e-08
0.872	2.7871096651744375e-08
0.873	2.7800021322274233e-08
0.874	2.7726947305559351e-08
0.875	2.7652522220006779e-08
0.876	2.7576044042812839e-08
0.877	2.7497914080657969e-08
0.878	2.7417734900745598e-08
0.879	2.7335655368274007e-08
0.88	2.7251217641681714e-08
0.881	2.7164570416393146e-08
0.882	2.7075835647556834e-08
0.883	2.6984037571161364e-08
0.884	2.6889809575850568e-08
0.885	2.6792281884931921e-08
0.886	2.6692442104884547e-08
0.887	2.6588693056870353e-08
0.888	2.648157763217268e-08
0.889	2.6371038433637006e-08
0.89	2.6256685074748977e-08
0.891	2.6138560020681688e-08
0.892	2.6015859042110174e-08
0.893	2.5888702685861059e-08
0.894	2.5757095004441908e-08
0.895	2.5619981315767941e-08
0.896	2.5477404930786454e-08
0.897	2.532920324342363e-08
0.898	2.5175051492423039e-08
0.899	2.5014009505082379e-08
0.9	2.484669511512925e-08
0.901	2.4672775948513592e-08
0.902	2.4490275910764895e-08
0.903	2.4299888450270896e-08
0.904	2.4100929755822877e-08
0.905	2.3893318936709463e-08
0.906	2.3675822747890711e-08
0.907	2.3447940885511374e-08
0.908	2.3210119503446168e-08
0.909	2.2960550696371774e-08
0.91	2.269924197638646e-08
0.911	2.2425533927901497e-08
0.912	2.2139223773773765e-08
0.913	2.183773320783712e-08
0.914	2.1523074098593653e-08
0.915	2.1193188351765881e-08
0.916	2.0846737153354495e-08
0.917	2.048314072510232e-08
0.918	2.0103000335834744e-08
0.919	1.9704562892682725e-08
0.92	1.9287784919854895e-08
0.921	1.8852449124796772e-08
0.922	1.8395527098090127e-08
0.923	1.7919638189582029e-08
0.924	1.7423532163903649e-08
0.925	1.6905793658646728e-08
0.926	1.6367311671495196e-08
0.927	1.5808449755801384e-08
0.928	1.5228275532837779e-08
0.929	1.4627788327928202e-08
0.93	1.4009541180625268e-08
0.931	1.3372216864213661e-08
0.932	1.2716207120330724e-08
0.933	1.2047473190452129e-08
0.934	1.1364276001568019e-08
0.935	1.0671377402397328e-08
0.936	9.9697666938208957e-09
0.937	9.261515478775892e-09
0.9380000000000001	8.5538572720038414e-09
0.9390000000000001	7.8477995483730863e-09
0.9400000000000001	7.1495238088980827e-09
0.9410000000000001	6.4603919860441136e-09
0.9420000000000001	5.7872641233825006e-09
0.9430000000000001	5.1337600322725346e-09
0.9440000000000001	4.5050985642518443e-09
0.9450000000000001	3.9046642181195805e-09
0.9460000000000001	3.3376752173916673e-09
0.9470000000000001	2.8070160433314193e-09
0.9480000000000001	2.3170654221420959e-09
0.9490000000000001	1.8703169264434203e-09
0.9500000000000001	1.4694755241893913e-09
0.9510000000000001	1.1165621490416846e-09
0.9520000000000001	8.1230395114580003e-10
0.9530000000000001	5.5745866347669149e-10
0.9540000000000001	3.5190523812363484e-10
0.9550000000000001	1.9481341354107528e-10
0.9560000000000001	8.5069938790353821e-11
0.9570000000000001	7.9394860422669503e-11
0.9580000000000001	7.4429606472633761e-11
0.9590000000000001	7.0048840748382685e-11
0.9600000000000001	6.6155094887020441e-11
0.9610000000000001	1.425367520378463e-10
0.9620000000000001	2.424583564280986e-10
0.9630000000000001	3.6216549727523249e-10
0.9640000000000001	4.9788442607394514e-10
0.9650000000000001	6.4700679385645611e-10
0.9660000000000001	8.0606994589619607e-10
0.9670000000000001	9.7313703876973082e-10
0.9680000000000001	1.1451847036429659e-09
0.9690000000000001	1.3207161199485395e-09
0.97	1.4978177124723447e-09
0.971	1.6748520118698446e-09
0.972	1.8508176687187491e-09
0.973	2.0242854988103671e-09
0.974	2.1949913473097647e-09
0.975	2.3608808812714407e-09
0.976	2.5229507548899329e-09
0.977	2.6794232865416937e-09
0.978	2.8306492828672417e-09
0.979	2.9764776017734708e-09
0.98	3.1160145111549252e-09
0.981	3.2488257456917511e-09
0.982	3.3765428407891789e-09
0.983	3.4981017871240366e-09
0.984	3.6135720646011029e-09
0.985	3.7218410610605016e-09
0.986	3.8245864264444249e-09
0.987	3.9219903977875993e-09
0.988	4.0129266726525999e-09
0.989	4.0980093806323346e-09
0.99	4.1778997380426887e-09
0.991	4.2514831850029761e-09
0.992	4.3203424057569553e-09
0.993	4.3846076665763329e-09
0.994	4.4422510112219292e-09
0.995	4.4948309688598435e-09
0.996	4.5449285535632351e-09
0.997	4.588241180484678e-09
0.998	4.6293972565255481e-09
0.999	4.6647218313567401e-09
1.	4.6974277394106758e-09
1.001	4.7247602260655495e-09
1.002	4.7506129630842872e-09
1.003	4.7716337851700317e-09
1.004	4.7897845950362672e-09
1.005	4.8019044900677263e-09
1.006	4.8129403538558551e-09
1.007	4.8209010034220442e-09
1.008	4.8254689457890956e-09
1.009	4.8261326020139844e-09
1.01	4.827360229853657e-09
1.0110000000000001	4.8243057646749895e-09
1.012	4.820220355259672e-09
1.0130000000000001	4.8130730552066544e-09
1.014	4.804619752551438e-09
1.0150000000000001	4.7895288482823724e-09
1.016	4.7769636227948878e-09
1.0170000000000001	4.7612441847301405e-09
1.018	4.7426451871878186e-09
1.0190000000000001	4.7245021374652163e-09
1.02	4.703611008390435e-09
1.0210000000000001	4.681526702868309e-09
1.022	4.656923674496266e-09
1.0230000000000001	4.6294431223779738e-09
1.024	4.6037026105461638e-09
1.0250000000000001	4.5765299673978616e-09
1.026	4.5478518678499682e-09
1.0270000000000001	4.5173861586962415e-09
1.028	4.4862768617263632e-09
1.0290000000000001	4.4535154948793127e-09
1.03	4.4218566070346479e-09
1.0310000000000001	4.3866350482542024e-09
1.032	4.3508710763511237e-09
1.0330000000000001	4.3163784825201726e-09
1.034	4.2796805661980121e-09
1.035	4.2441984900751622e-09
1.036	4.2047697466612754e-09
1.037	4.1669195881352284e-09
1.038	4.1279797234578131e-09
1.039	4.0881712125626036e-09
1.04	4.048908389887646e-09
1.041	4.0077051186069635e-09
1.042	3.9670968646621539e-09
1.043	3.9275398216376537e-09
1.044	3.8848230253201776e-09
1.045	3.8433784490059274e-09
1.046	3.802058379184796e-09
1.047	3.7608427386800177e-09
1.048	3.717590126482219e-09
1.049	3.6740187207630702e-09
1.05	3.6332612171241143e-09
1.051	3.5889235074827126e-09
1.052	3.5457161099310068e-09
1.053	3.504129570506816e-09
1.054	3.4612951464713225e-09
1.055	3.4181027008932914e-09
1.056	3.3761327460432577e-09
1.057	3.3323906835459988e-09
1.058	3.288588388848863e-09
1.059	3.2467861653347876e-09
1.06	3.2043662608796897e-09
1.061	3.1614289585414087e-09
1.062	3.1201920255311976e-09
1.063	3.0788164324669929e-09
1.064	3.0367315191262428e-09
1.065	2.9953990796840408e-09
1.066	2.9534265543084686e-09
1.067	2.9124373499279649e-09
1.068	2.8700631782199446e-09
1.069	2.829578093544318e-09
1.07	2.7881671370158864e-09
1.071	2.7477516023456926e-09
1.072	2.7075654028964856e-09
1.073	2.6685440169325807e-09
1.074	2.6287891356159695e-09
1.075	2.5888923939037356e-09
1.076	2.5507696463357054e-09
1.077	2.5111341324012439e-09
1.078	2.4727453712023596e-09
1.079	2.4346862353073483e-09
1.08	2.396850790303706e-09
1.081	2.3599965603028102e-09
1.082	2.3230950985864795e-09
1.083	2.2856766454259854e-09
1.084	2.2492343781336235e-09
1.085	2.2144050990553847e-09
1.086	2.1784683798116469e-09
1.087	2.1434234151019364e-09
1.088	2.1075424868250927e-09
1.089	2.0727414858962509e-09
1.09	2.0394605066589798e-09
1.091	2.0053545143052959e-09
1.092	1.971607080643208e-09
1.093	1.9392339979398357e-09
1.094	1.905125916190311e-09
1.095	1.8730183461788748e-09
1.096	1.8414990091659257e-09
1.097	1.8110059069096939e-09
1.098	1.7800482732263564e-09
1.099	1.7491957808582201e-09
1.1	1.7203492597869654e-09
1.101	1.6907079574194368e-09
1.102	1.6618641226883618e-09
1.103	1.6324002759493628e-09
1.104	1.6037627322784227e-09
1.105	1.5760640424219222e-09
1.106	1.5486400869495164e-09
1.107	1.5211625307797336e-09
1.108	1.4945044746485425e-09
1.109	1.468904204052988e-09
1.11	1.4430420722300937e-09
1.111	1.4172871155258001e-09
1.112	1.392455662440083e-09
1.113	1.3678076449192858e-09
1.114	1.3439696927598487e-09
1.115	1.3195185625238337e-09
1.116	1.2960438413338405e-09
1.117	1.2737949859597714e-09
1.118	1.2519833584142159e-09
1.119	1.2299665437456206e-09
1.12	1.2081049075767717e-09
1.121	1.1871335569194801e-09
1.122	1.1660709166668063e-09
1.123	1.1457223082980451e-09
1.124	1.1261182899065235e-09
1.125	1.1062085236922055e-09
1.1260000000000001	1.0861200792772839e-09
1.127	1.0673925077908012e-09
1.1280000000000001	1.0491415132109665e-09
1.129	1.0312494179706061e-09
1.1300000000000001	1.0126850729186808e-09
1.131	9.949252111365974e-10
1.1320000000000001	9.7774184923869517e-10
1.133	9.6085826273575557e-10
1.1340000000000001	9.4442184694136475e-10
1.135	9.2798469820042855e-10
1.1360000000000001	9.1120020862688382e-10
1.137	8.9534016156764759e-10
1.1380000000000001	8.8008182594550155e-10
1.139	8.6430549592110167e-10
1.1400000000000001	8.4925345978824946e-10
1.141	8.3432847864403023e-10
1.1420000000000001	8.1956175106311584e-10
1.143	8.0520983043983222e-10
1.1440000000000001	7.9099094960286704e-10
1.145	7.7724132336793574e-10
1.1460000000000001	7.6295660771516411e-10
1.147	7.4947944252726349e-10
1.1480000000000001	7.3606280668047803e-10
1.149	7.2274954528703131e-10
1.1500000000000001	7.0950151004671408e-10
1.151	6.9694003077380151e-10
1.1520000000000001	6.8472296678659728e-10
1.153	6.7245097016716397e-10
1.1540000000000001	6.6007178897447542e-10
1.155	6.4794743122267898e-10
1.1560000000000001	6.3622331792523033e-10
1.157	6.246334496883016e-10
1.1580000000000001	6.1330071924236588e-10
1.159	6.0193290784194249e-10
1.1600000000000001	5.9059512034829482e-10
1.161	5.7959126614168638e-10
1.1620000000000001	5.6850255533579641e-10
1.163	5.5788875911286397e-10
1.164	5.4722335347986253e-10
1.165	5.3681099755601706e-10
1.166	5.2639412049290041e-10
1.167	5.1627582077205884e-10
1.168	5.0619531150605608e-10
1.169	4.9613414463965715e-10
1.17	4.8658080896301638e-10
1.171	4.7670282331077031e-10
1.172	4.6713548864810395e-10
1.173	4.5769659524056295e-10
1.174	4.485658897612421e-10
1.175	4.3925744068657414e-10
1.176	4.3013841124962074e-10
1.177	4.2119614104162478e-10
1.178	4.1244338006055111e-10
1.179	4.0365131620308184e-10
1.18	3.9511478231301044e-10
1.181	3.8678374370683201e-10
1.182	3.7854808376778616e-10
1.183	3.7014722713330661e-10
1.184	3.6204548169858151e-10
1.185	3.5407484912903015e-10
1.186	3.4616931745416201e-10
1.187	3.3843229842918138e-10
1.188	3.3073926206499927e-10
1.189	3.2323072852574962e-10
1.19	3.1581778728890834e-10
1.191	3.0841815088665344e-10
1.192	3.0127105898461109e-10
1.193	2.9411910466988923e-10
1.194	2.8721059051598945e-10
1.195	2.8029274660975235e-10
1.196	2.7349632926475816e-10
1.197	2.6690448100366738e-10
1.198	2.6035111817153293e-10
1.199	2.5388637664862185e-10
1.2	2.4750672222728671e-10
1.201	2.4083726295148001e-10
1.202	2.345178104054052e-10
1.203	2.2852151703711388e-10
1.204	2.2282421265611784e-10
1.205	2.174040788032036e-10
1.206	2.1116921397750209e-10
1.207	2.0528199468047138e-10
1.208	1.9971413335434794e-10
1.209	1.9444033037224205e-10
1.21	1.8943788967994948e-10
1.211	1.8371006895400861e-10
1.212	1.7831845411382911e-10
1.213	1.7323428773208194e-10
1.214	1.6843200115911325e-10
1.215	1.6388878445893726e-10
1.216	1.5868556335861464e-10
1.217	1.5380256449149827e-10
1.218	1.4921110915343035e-10
1.219	1.4488584394228878e-10
1.22	1.4080427237344145e-10
1.221	1.3618475891484282e-10
1.222	1.3185873120855278e-10
1.223	1.2779908185179101e-10
1.224	1.2398194204865054e-10
1.225	1.2038621197895264e-10
1.226	1.1624256667353351e-10
1.227	1.1237467526025706e-10
1.228	1.0875589582743364e-10
1.229	1.0536291584578696e-10
1.23	1.0217523998462908e-10
1.231	9.8481708358766141e-11
1.232	9.5045895334219974e-11
1.233	9.1841736513570874e-11
1.234	8.8846567577686407e-11
1.235	8.6040587374014254e-11
1.236	8.2749469835113335e-11
1.237	7.9700847372403805e-11
1.238	7.6868877527623894e-11
1.239	7.4231255906305575e-11
1.24	7.1768640049087965e-11
1.241	6.8880437406802862e-11
1.242	6.6215702947800276e-11
1.243	6.3749467131034361e-11
1.244	6.1460346847502482e-11
1.245	5.9329923831056772e-11
1.246	5.6825748678494219e-11
1.247	5.4524403139292987e-11
1.248	5.2402203602813099e-11
1.249	5.0439015574875103e-11
1.25	4.8617612867246276e-11
1.2510000000000001	4.6471544974482766e-11
1.252	4.4506929936650491e-11
1.2530000000000001	4.2701688071501024e-11
1.254	4.103718234827311e-11
1.2550000000000001	3.9497572590449392e-11
1.256	3.7674500762688562e-11
1.2570000000000001	3.6012297233859832e-11
1.258	3.4490569152632492e-11
1.2590000000000001	3.3092230786936641e-11
1.26	3.1802859248051186e-11
1.2610000000000001	3.028822469763538e-11
1.262	2.8911302655560991e-11
1.2630000000000001	2.7654128317517829e-11
1.264	2.6501731381169363e-11
1.2650000000000001	2.5441537075106811e-11
1.266	2.4208326245251287e-11
1.2670000000000001	2.3089141531502899e-11
1.268	2.2068867004824876e-11
1.2690000000000001	2.1134945470461032e-11
1.27	2.0276859040251164e-11
1.2710000000000001	1.9308254826666978e-11
1.272	1.8427970092057265e-11
1.2730000000000001	1.7624451803245489e-11
1.274	1.6888077734129037e-11
1.2750000000000001	1.6210769283676501e-11
1.276	1.5480022799880987e-11
1.2770000000000001	1.48123155896555e-11
1.278	1.4199827647811276e-11
1.2790000000000001	1.3635981035905236e-11
1.28	1.311520270038703e-11
1.2810000000000001	1.2603374462848808e-11
1.282	1.2129994533813808e-11
1.2830000000000001	1.1690887414452693e-11
1.284	1.128246109752195e-11
1.2850000000000001	1.0901608585199385e-11
1.286	1.0579375320573919e-11
1.2870000000000001	1.0275644504258061e-11
1.288	9.9888670113077701e-12
1.2890000000000001	9.7176619562858787e-12
1.29	9.4607944578414091e-12
1.291	9.2971524021336062e-12
1.292	9.1390750820564858e-12
1.293	8.9862833954027898e-12
1.294	8.8385165977388778e-12
1.295	8.6955308174835591e-12
1.296	8.6619832817267839e-12
1.297	8.6286936053017597e-12
1.298	8.5956588265807602e-12
1.299	8.5628760291172633e-12
1.3	8.5303423407875675e-12
1.301	8.5992024999702423e-12
1.302	8.6691834371492415e-12
1.303	8.7403127397522936e-12
1.304	8.8126189080995452e-12
1.305	8.8861313934789578e-12
1.306	9.037808194110487e-12
1.307	9.1947528341028357e-12
1.308	9.3572445968208925e-12
1.309	9.5255828630317906e-12
1.31	9.7000889517999134e-12
1.311	9.9192345188056448e-12
1.312	1.0148510887692451e-11
1.313	1.0388637180287153e-11
1.314	1.0640402229097289e-11
1.315	1.0904673234178738e-11
1.316	1.117931402211663e-11
1.317	1.1468146217800498e-11
1.318	1.1772298954594215e-11
1.319	1.2093024414662283e-11
1.32	1.243171506017591e-11
1.321	1.2755970902293556e-11
1.322	1.3097594855961985e-11
1.323	1.3458020753252981e-11
1.324	1.3838844719826112e-11
1.325	1.4241848805866982e-11
1.326	1.4609024966978628e-11
1.327	1.499563485986036e-11
1.328	1.5403263294037084e-11
1.329	1.5833672214525646e-11
1.33	1.628882616147545e-11
1.331	1.6693268922527087e-11
1.332	1.7118307251293803e-11
1.333	1.7565555442390506e-11
1.334	1.8036801022461467e-11
1.335	1.8534028627957741e-11
1.336	1.8968972324656714e-11
1.337	1.9424820505755393e-11
1.338	1.9903117363004105e-11
1.339	2.0405563017984465e-11
1.34	2.0934033713747869e-11
1.341	2.1396462802315965e-11
1.342	2.1879783332065179e-11
1.343	2.2385443759992414e-11
1.344	2.2915029611154065e-11
1.345	2.3470280085037832e-11
1.346	2.3959144153013767e-11
1.347	2.4468806597972134e-11
1.348	2.500062354604799e-11
1.349	2.5556071641598597e-11
1.35	2.6136761739398465e-11
1.351	2.6641972731276105e-11
1.352	2.7167099657919443e-11
1.353	2.7713343858152931e-11
1.354	2.8282005273848545e-11
1.355	2.8874492778236457e-11
1.356	2.9393004712033411e-11
1.357	2.9930479461961688e-11
1.358	3.0487976655226938e-11
1.359	3.1066636365641689e-11
1.36	3.1667686895684797e-11
1.361	3.2196302540897099e-11
1.362	3.274286570279141e-11
1.363	3.3308306194850158e-11
1.364	3.3893619187456595e-11
1.365	3.4499871053056366e-11
1.366	3.5036741338302151e-11
1.367	3.5590584782377355e-11
1.368	3.6162219223107661e-11
1.369	3.6752515898464589e-11
1.37	3.7362403877298127e-11
1.371	3.7905785629753633e-11
1.372	3.8465206033529258e-11
1.373	3.9041385829350908e-11
1.374	3.9635089599266414e-11
1.375	4.0247129151602522e-11
1.3760000000000001	4.0789213597273975e-11
1.377	4.1346099967910506e-11
1.3780000000000001	4.1918402917759892e-11
1.379	4.2506771610334124e-11
1.3800000000000001	4.3111892174756232e-11
1.381	4.3639392337166717e-11
1.3820000000000001	4.4179960969417743e-11
1.383	4.4734089806846147e-11
1.3840000000000001	4.5302295568585983e-11
1.385	4.588512156468325e-11
1.3860000000000001	4.6385129419073958e-11
1.387	4.6896154447776295e-11
1.3880000000000001	4.7418564835754114e-11
1.389	4.7952745358708005e-11
1.3900000000000001	4.8499098328214769e-11
1.391	4.8950623252377762e-11
1.3920000000000001	4.9410634547139668e-11
1.393	4.9879373733044344e-11
1.3940000000000001	5.0357091583252212e-11
1.395	5.084404857090705e-11
1.3960000000000001	5.1200668967200964e-11
1.397	5.1562327374407652e-11
1.3980000000000001	5.1929131310689934e-11
1.399	5.2301191375580128e-11
1.4000000000000001	5.2678621361163772e-11
1.401	5.2905834448790745e-11
1.4020000000000001	5.313501605504818e-11
1.403	5.3366191873382925e-11
1.4040000000000001	5.3599388046336354e-11
1.405	5.3834631175399139e-11
1.4060000000000001	5.376881787833029e-11
1.407	5.3703165299419281e-11
1.4080000000000001	5.3637672850665804e-11
1.409	5.3572339946934427e-11
1.4100000000000001	5.3507166005937041e-11
1.411	5.301221772755938e-11
1.4120000000000001	5.2526342197592129e-11
1.413	5.2049292216957534e-11
1.4140000000000001	5.158082948610709e-11
1.415	5.112072420809966e-11
1.4160000000000001	4.9982897962419321e-11
1.417	4.8894619534430973e-11
1.418	4.7852721472846212e-11
1.419	4.6854300674914904e-11
1.42	4.5896691372617466e-11
1.421	4.4028545780098645e-11
1.422	4.2306531449679551e-11
1.423	4.0714147591411969e-11
1.424	3.923728760585469e-11
1.425	3.7863820051158659e-11
1.426	3.5585842732924028e-11
1.427	3.356640793158923e-11
1.428	3.1763863800088421e-11
1.429	3.0145049474333977e-11
1.43	2.8683236322145902e-11
1.431	2.6776380017728171e-11
1.432	2.5107254341333698e-11
1.433	2.3634010612235418e-11
1.434	2.2324078125806855e-11
1.435	2.1151727986500446e-11
1.436	2.0329693344284555e-11
1.437	1.9569163048358282e-11
1.438	1.8863483411286141e-11
1.439	1.820692709002988e-11
1.44	1.7594537298031672e-11
1.441	1.7754616539861384e-11
1.442	1.7917635404314677e-11
1.443	1.8083675614601175e-11
1.444	1.8252821951534915e-11
1.445	1.8425162397881749e-11
1.446	1.9144126960076204e-11
1.447	1.9921478991617828e-11
1.448	2.0764632034310437e-11
1.449	2.1682310174782283e-11
1.45	2.2684851027587926e-11
1.451	2.3713111602119884e-11
1.452	2.4839016338268654e-11
1.453	2.6077167044661354e-11
1.454	2.7445229695441917e-11
1.455	2.8964782694608292e-11
1.456	3.0160469980974842e-11
1.457	3.1459125553903467e-11
1.458	3.2874648782707783e-11
1.459	3.4423558546828884e-11
1.46	3.6125640847818781e-11
1.461	3.736636077804089e-11
1.462	3.86953357998472e-11
1.463	4.0122329841153864e-11
1.464	4.1658602261794446e-11
1.465	4.33172055505363e-11
1.466	4.452440573497019e-11
1.467	4.5800821407392444e-11
1.468	4.7152581019102596e-11
1.469	4.8586558521316604e-11
1.47	5.0110490279289469e-11
1.471	5.1244475227221959e-11
1.472	5.2430971960281953e-11
1.473	5.3673714452356493e-11
1.474	5.4976799289444527e-11
1.475	5.6344730782191706e-11
1.476	5.7390444120461336e-11
1.477	5.8475706674481512e-11
1.478	5.9602805335885932e-11
1.479	6.0774206777656287e-11
1.48	6.199257547492026e-11
1.481	6.297256850128855e-11
1.482	6.398404311041178e-11
1.483	6.5028541051456462e-11
1.484	6.6107706416484041e-11
1.485	6.7223294275791894e-11
1.486	6.8139655869416983e-11
1.487	6.9081345691518678e-11
1.488	7.0049428566065374e-11
1.489	7.104502985371518e-11
1.49	7.206933981583034e-11
1.491	7.2911727947562913e-11
1.492	7.3774041620054917e-11
1.493	7.4656996261727728e-11
1.494	7.5561341965917556e-11
1.495	7.6487865616161178e-11
1.496	7.7335213315888021e-11
1.497	7.8201545500227542e-11
1.498	7.9087507406945833e-11
1.499	7.9993773849016061e-11
1.5	8.092105092877579e-11
1.5010000000000001	8.1719261842128512e-11
1.502	8.253337685129375e-11
1.5030000000000001	8.3363876065274152e-11
1.504	8.4211259114055963e-11
1.5050000000000001	8.5076046150940529e-11
1.506	8.5833479759495216e-11
1.5070000000000001	8.6604521411495506e-11
1.508	8.7389541153998213e-11
1.5090000000000001	8.8188922573838642e-11
1.51	8.9003063422610485e-11
1.5110000000000001	8.9677458403645592e-11
1.512	9.0362151481515205e-11
1.5130000000000001	9.1057380350899418e-11
1.514	9.1763390078302113e-11
1.5150000000000001	9.2480433390071156e-11
1.516	9.3124497249118265e-11
1.5170000000000001	9.3777594963851431e-11
1.518	9.4439917944496663e-11
1.5190000000000001	9.5111663047235404e-11
1.52	9.5793032769274498e-11
1.5210000000000001	9.6386595851696225e-11
1.522	9.6987560595786148e-11
1.5230000000000001	9.7596066316940567e-11
1.524	9.8212255848922001e-11
1.5250000000000001	9.8836275655635005e-11
1.526	9.9388730757686503e-11
1.5270000000000001	9.9947396579632064e-11
1.528	1.0051237844519871e-10
1.5290000000000001	1.0108378407314513e-10
1.53	1.0166172364572782e-10
1.5310000000000001	1.0222254009935339e-10
1.532	1.027895783585668e-10
1.5330000000000001	1.0336294253977355e-10
1.534	1.039427390954706e-10
1.5350000000000001	1.0452907688013641e-10
1.536	1.0514993361689901e-10
1.5370000000000001	1.0577820965286736e-10
1.538	1.0641403877948697e-10
1.5390000000000001	1.0705755802452018e-10
1.54	1.0770890775049536e-10
1.5410000000000001	1.0837687135296341e-10
1.542	1.0905317149202995e-10
1.5430000000000001	1.0973796521424008e-10
1.544	1.1043141353572765e-10
1.5450000000000002	1.1113368156843562e-10
1.546	1.1177422124581748e-10
1.547	1.1242218746698802e-10
1.548	1.1307771014227811e-10
1.549	1.1374092222976661e-10
1.55	1.1441195982518529e-10
1.551	1.1496688566952779e-10
1.552	1.1552722080097285e-10
1.553	1.1609304469959164e-10
1.554	1.1666443841021482e-10
1.555	1.172414845811299e-10
1.556	1.1777053693495733e-10
1.557	1.1830438563117509e-10
1.558	1.1884309619162223e-10
1.559	1.1938673533703704e-10
1.56	1.1993537101460532e-10
1.561	1.2044763518995158e-10
1.562	1.2096429406918965e-10
1.563	1.2148540444906304e-10
1.564	1.2201102410926469e-10
1.565	1.2254121183379266e-10
1.566	1.2308922966607103e-10
1.567	1.2364251683181854e-10
1.568	1.2420080051828544e-10
1.569	1.2476414871491101e-10
1.57	1.253326306502976e-10
1.571	1.2587713489003e-10
1.572	1.2642639094190386e-10
1.573	1.2698046128112238e-10
1.574	1.2753940948291372e-10
1.575	1.2810330024684765e-10
1.576	1.2865219386717744e-10
1.577	1.2920581149845123e-10
1.578	1.2976421438949406e-10
1.579	1.303274648525493e-10
1.58	1.308956262864595e-10
1.581	1.3140511086758823e-10
1.582	1.3191857707644242e-10
1.583	1.3243607177081707e-10
1.584	1.3295764254666469e-10
1.585	1.3348333775268728e-10
1.586	1.3393687923074234e-10
1.587	1.3439351324713194e-10
1.588	1.3485327154044501e-10
1.589	1.3531618628506992e-10
1.59	1.3578229009870114e-10
1.591	1.3625722487711487e-10
1.592	1.3673549373952161e-10
1.593	1.3721713191793215e-10
1.594	1.3770217514251851e-10
1.595	1.3819065965044894e-10
1.596	1.3864290222145844e-10
1.597	1.3909811452810687e-10
1.598	1.3955632591874403e-10
1.599	1.4001756612970996e-10
1.6	1.4048186529176878e-10
1.601	1.410814726272056e-10
1.602	1.4168622041379004e-10
1.603	1.4229617503995286e-10
1.604	1.4291140404226827e-10
1.605	1.4353197613038127e-10
1.606	1.4406391640610882e-10
1.607	1.4459981416975225e-10
1.608	1.4513971375012534e-10
1.609	1.4568366014057332e-10
1.61	1.4623169901147346e-10
1.611	1.4680517647687551e-10
1.612	1.4738316966957176e-10
1.613	1.47965732137601e-10
1.614	1.48552918279001e-10
1.615	1.4914478335874052e-10
1.616	1.4968596916495527e-10
1.617	1.502310967610279e-10
1.618	1.5078020937009739e-10
1.619	1.5133335084956352e-10
1.62	1.5189056570276468e-10
1.621	1.5239672843452641e-10
1.622	1.5290627593652877e-10
1.623	1.5341924227421158e-10
1.624	1.5393566197168158e-10
1.625	1.5445557001945714e-10
1.6260000000000001	1.5496638145426832e-10
1.627	1.5548058278457606e-10
1.6280000000000001	1.5599820786724375e-10
1.629	1.5651929101150464e-10
1.6300000000000001	1.570438669865434e-10
1.631	1.5759412757171886e-10
1.6320000000000001	1.5814825779372577e-10
1.633	1.5870629861568315e-10
1.6340000000000001	1.5926829158092666e-10
1.635	1.5983427882331691e-10
1.6360000000000001	1.6041065668256634e-10
1.637	1.6099120653497417e-10
1.6380000000000001	1.6157597384225111e-10
1.639	1.6216500472903639e-10
1.6400000000000001	1.6275834599502674e-10
1.641	1.6333789132814411e-10
1.6420000000000001	1.6392157866739024e-10
1.643	1.6450945257634251e-10
1.6440000000000001	1.6510155826015537e-10
1.645	1.6569794157714661e-10
1.6460000000000001	1.6626616096580439e-10
1.647	1.6683829089545204e-10
1.6480000000000001	1.6741437187456557e-10
1.649	1.6799444497305064e-10
1.6500000000000001	1.6857855183200429e-10
1.651	1.6917413205134527e-10
1.6520000000000001	1.6977393550586629e-10
1.653	1.703780072755814e-10
1.6540000000000001	1.7098639308439215e-10
1.655	1.715991393116235e-10
1.6560000000000001	1.7219500406154549e-10
1.657	1.7279502141966866e-10
1.6580000000000001	1.7339923494735336e-10
1.659	1.740076888173827e-10
1.6600000000000001	1.7462042782472844e-10
1.661	1.7528878175808075e-10
1.6620000000000001	1.7596227155409048e-10
1.663	1.7664095663970189e-10
1.6640000000000001	1.7732489736224689e-10
1.665	1.7801415500733121e-10
1.6660000000000001	1.7866083767289583e-10
1.667	1.7931223595473895e-10
1.6680000000000001	1.7996840162108763e-10
1.669	1.8062938720070309e-10
1.6700000000000002	1.8129524599689951e-10
1.671	1.8195012856716735e-10
1.6720000000000002	1.8260975948019448e-10
1.673	1.8327419056694316e-10
1.6740000000000002	1.8394347441548521e-10
1.675	1.846176643848753e-10
1.676	1.8526746572338692e-10
1.677	1.8592185744820355e-10
1.678	1.8658088837348651e-10
1.679	1.8724460800797944e-10
1.68	1.8791306656740534e-10
1.681	1.8853513594253955e-10
1.682	1.8916133760714063e-10
1.683	1.897917128734522e-10
1.684	1.9042630360624662e-10
1.685	1.9106515223209425e-10
1.686	1.9179514238299832e-10
1.687	1.925307319787407e-10
1.688	1.9327198569381604e-10
1.689	1.9401896920257044e-10
1.69	1.9477174919859664e-10
1.691	1.955407737711573e-10
1.692	1.9631589515286666e-10
1.693	1.9709718613531438e-10
1.694	1.9788472067349312e-10
1.695	1.9867857390913576e-10
1.696	1.9946422758248946e-10
1.697	2.0025611949512667e-10
1.698	2.0105432424240361e-10
1.699	2.0185891761376093e-10
1.7	2.0266997661671133e-10
1.701	2.0346549316079344e-10
1.702	2.0426727940904386e-10
1.703	2.0507540977482464e-10
1.704	2.0588995985376308e-10
1.705	2.0671100644732607e-10
1.706	2.0750264842322188e-10
1.707	2.0830037721877764e-10
1.708	2.0910426330591979e-10
1.709	2.0991437824866901e-10
1.71	2.1073079472437639e-10
1.711	2.1153955624747455e-10
1.712	2.1235454956235986e-10
1.713	2.1317584697482245e-10
1.714	2.1400352191358733e-10
1.715	2.148376489522004e-10
1.716	2.1572048888024728e-10
1.717	2.1661061451822637e-10
1.718	2.1750811642871562e-10
1.719	2.1841308668148237e-10
1.72	2.1932561888496716e-10
1.721	2.2020588115990751e-10
1.722	2.2109323776438353e-10
1.723	2.2198777480877116e-10
1.724	2.228895798027074e-10
1.725	2.2379874168363015e-10
1.726	2.2465258077095938e-10
1.727	2.2551295996015754e-10
1.728	2.2637995468237203e-10
1.729	2.2725364153322173e-10
1.73	2.2813409829535292e-10
1.731	2.2904881415540542e-10
1.732	2.2997089474900878e-10
1.733	2.3090042938018018e-10
1.734	2.3183750880265107e-10
1.735	2.327822252494061e-10
1.736	2.3375413481681321e-10
1.737	2.3473419422176718e-10
1.738	2.3572250640517604e-10
1.739	2.3671917604894642e-10
1.74	2.3772430961294389e-10
1.741	2.3873816285046596e-10
1.742	2.3976070094629925e-10
1.743	2.4079203597467355e-10
1.744	2.4183228194650591e-10
1.745	2.42881554851417e-10
1.746	2.4393152676973707e-10
1.747	2.4499061611611118e-10
1.748	2.4605894216513854e-10
1.749	2.471366262810055e-10
1.75	2.4822379196344458e-10
1.7510000000000001	2.4934980551731925e-10
1.752	2.5048608145826709e-10
1.7530000000000001	2.5163276072425689e-10
1.754	2.5278998684587778e-10
1.7550000000000001	2.5395790600623166e-10
1.756	2.5503871660031634e-10
1.7570000000000001	2.5612876608207813e-10
1.758	2.5722817342254536e-10
1.7590000000000001	2.583370596442383e-10
1.76	2.5945554786557818e-10
1.7610000000000001	2.6054478300842198e-10
1.762	2.6164320226806397e-10
1.7630000000000001	2.6275092229301674e-10
1.764	2.6386806171561222e-10
1.7650000000000001	2.6499474119435694e-10
1.766	2.6614999070134748e-10
1.7670000000000001	2.6731535697603564e-10
1.768	2.6849097349491884e-10
1.7690000000000001	2.6967697609291317e-10
1.77	2.7087350301567179e-10
1.7710000000000001	2.7214145498092989e-10
1.772	2.7342133327470682e-10
1.7730000000000001	2.7471330696028468e-10
1.774	2.7601754831155432e-10
1.7750000000000001	2.773342328895956e-10
1.776	2.7866825042861629e-10
1.7770000000000001	2.8001516362999865e-10
1.778	2.813751603913418e-10
1.7790000000000001	2.8274843227843769e-10
1.78	2.8413517461522166e-10
1.7810000000000001	2.8545214016606582e-10
1.782	2.8678137086647616e-10
1.7830000000000001	2.8812303886010518e-10
1.784	2.8947621635463094e-10
1.7850000000000001	2.9084299948980443e-10
1.786	2.9209122649301541e-10
1.7870000000000001	2.933502141265925e-10
1.788	2.9462010214335431e-10
1.7890000000000001	2.9590103272674549e-10
1.79	2.9719315054390983e-10
1.7910000000000001	2.9847632422277671e-10
1.792	2.9973791696799581e-10
1.7930000000000001	3.0103735635113758e-10
1.794	3.0234811158553334e-10
1.7950000000000002	3.0367033112959099e-10
1.796	3.0512272077988754e-10
1.7970000000000002	3.0658907012884415e-10
1.798	3.0806958140961202e-10
1.7990000000000002	3.0956446078061513e-10
1.8	3.1107391842124668e-10
1.8010000000000002	3.126392086938139e-10
1.802	3.1422033137565512e-10
1.803	3.1581752789738315e-10
1.804	3.1743104462350209e-10
1.805	3.1906113297909015e-10
1.806	3.2070212057112166e-10
1.807	3.2236007520394291e-10
1.808	3.2403526139187803e-10
1.809	3.2572794917630429e-10
1.81	3.2743841427077404e-10
1.811	3.2897122098931572e-10
1.812	3.3051844597119515e-10
1.813	3.320802936146613e-10
1.814	3.3365697219980093e-10
1.815	3.3524869398112807e-10
1.816	3.3678932852783192e-10
1.817	3.3834418841155917e-10
1.818	3.3991347156904982e-10
1.819	3.4149737962637655e-10
1.82	3.4309611798530667e-10
1.821	3.4470459785558211e-10
1.822	3.4632823029481979e-10
1.823	3.4796723043185141e-10
1.824	3.4962181748726753e-10
1.825	3.5129221487116153e-10
1.826	3.5314108225240194e-10
1.827	3.5500951395282533e-10
1.828	3.5689782216235785e-10
1.829	3.588063257486398e-10
1.83	3.6073535043653428e-10
1.831	3.6268276502371899e-10
1.832	3.6465131980652076e-10
1.833	3.6664136089522785e-10
1.834	3.6865324199701172e-10
1.835	3.7068732462550666e-10
1.836	3.7270080773044559e-10
1.837	3.7473628379369742e-10
1.838	3.7679411513245072e-10
1.839	3.7887467206636947e-10
1.84	3.8097833313976033e-10
1.841	3.8295818383046693e-10
1.842	3.8495871961063478e-10
1.843	3.8698026635319245e-10
1.844	3.8902315681227591e-10
1.845	3.9108773080582013e-10
1.846	3.9315205159746109e-10
1.847	3.9523828068675725e-10
1.848	3.9734676869801809e-10
1.849	3.9947787377761797e-10
1.85	4.0163196179680476e-10
1.851	4.0378821750245676e-10
1.852	4.059677509123463e-10
1.853	4.0817094101131101e-10
1.854	4.1039817505609648e-10
1.855	4.1264984880227424e-10
1.856	4.1489015137979645e-10
1.857	4.1715491223654201e-10
1.858	4.1944453410211611e-10
1.859	4.2175942859670458e-10
1.86	4.241000164777721e-10
1.861	4.2644822109955448e-10
1.862	4.2882257410904202e-10
1.863	4.3122351471393569e-10
1.864	4.336514920136657e-10
1.865	4.3610696527943788e-10
1.866	4.3848539700587531e-10
1.867	4.4088991388484271e-10
1.868	4.4332094741099584e-10
1.869	4.4577893864866943e-10
1.87	4.4826433849865665e-10
1.871	4.5077319440598046e-10
1.872	4.5331029161693219e-10
1.873	4.5587610968413785e-10
1.874	4.5847113907944831e-10
1.875	4.6109588150649663e-10
1.8760000000000001	4.6370726331513536e-10
1.877	4.660198696350946e-10
1.8780000000000001	4.6852152536630527e-10
1.879	4.7105019339771236e-10
1.8800000000000001	4.7312486751184247e-10
1.881	4.7540953284551319e-10
1.8820000000000001	4.7771637001439619e-10
1.883	4.8004570334646844e-10
1.8840000000000001	4.8239786352636514e-10
1.885	4.8477318775187604e-10
1.8860000000000001	4.8726396608462798e-10
1.887	4.8978047198521823e-10
1.8880000000000001	4.9232310613801409e-10
1.889	4.9489227759121165e-10
1.8900000000000001	4.9748840397621731e-10
1.891	5.0015621129393705e-10
1.8920000000000001	5.0285278538463555e-10
1.893	5.0557859405551967e-10
1.8940000000000001	5.0833411531243239e-10
1.895	5.111198376392956e-10
1.8960000000000001	5.1387132918419016e-10
1.897	5.1665260506077905e-10
1.8980000000000001	5.1946415151474189e-10
1.899	5.2230646543397534e-10
1.9000000000000001	5.251800546413507e-10
1.901	5.2812158879629782e-10
1.9020000000000001	5.3109625962288241e-10
1.903	5.3410463022460993e-10
1.9040000000000001	5.3714727653636889e-10
1.905	5.4022478769200175e-10
1.9060000000000001	5.4311228916095768e-10
1.907	5.460308238931799e-10
1.9080000000000001	5.4898089488406304e-10
1.909	5.519630160582921e-10
1.9100000000000001	5.5497771256831382e-10
1.915	5.5919422721931112e-10
1.9160000000000001	5.5878833941919176e-10
1.917	5.5838304041418462e-10
1.9180000000000001	5.5797832892402815e-10
1.919	5.5757420367216944e-10
1.9200000000000002	5.5717066338575147e-10
1.921	5.5677676067560158e-10
1.9220000000000002	5.5638341452644728e-10
1.923	5.5599062375954036e-10
1.9240000000000002	5.5559838719945884e-10
1.925	5.5520670367409513e-10
1.9260000000000002	5.5482346113961713e-10
1.927	5.5444074732183478e-10
1.9280000000000002	5.5405856112738549e-10
1.929	5.5367690146591991e-10
1.93	5.5329576725009008e-10
1.931	5.5292211130089618e-10
1.932	5.5254895969152144e-10
1.933	5.521763114015601e-10
1.934	5.5180416541335729e-10
1.935	5.5143252071199973e-10
1.936	5.5106760325439798e-10
1.937	5.5070316845489375e-10
1.938	5.5033921535653832e-10
1.939	5.4997574300491074e-10
1.94	5.4961275044811049e-10
1.941	5.4925583790785282e-10
1.942	5.4889938861700676e-10
1.943	5.4854340167425554e-10
1.944	5.4818787618061916e-10
1.945	5.4783281123944646e-10
1.946	5.4748337728044616e-10
1.947	5.4713438880866384e-10
1.948	5.4678584497272665e-10
1.949	5.4643774492342925e-10
1.95	5.4609008781372815e-10
1.951	5.4574767734746939e-10
1.952	5.4540569600988727e-10
1.953	5.450641429947732e-10
1.954	5.4472301749793754e-10
1.955	5.4438231871720203e-10
1.956	5.4404653550190308e-10
1.957	5.4371116626354826e-10
1.958	5.433762102370402e-10
1.959	5.4304166665916486e-10
1.96	5.4270753476858739e-10
1.961	5.4237803449638667e-10
1.962	5.4204893408799793e-10
1.963	5.4172023281598239e-10
1.964	5.4139192995466527e-10
1.965	5.4106402478012933e-10
1.966	5.4074053698959058e-10
1.967	5.4041743577742025e-10
1.968	5.400947204510716e-10
1.969	5.3977239031965111e-10
1.97	5.3945044469391386e-10
1.971	5.3913272489789605e-10
1.972	5.3881537913604863e-10
1.973	5.3849840674826502e-10
1.974	5.3818180707599118e-10
1.975	5.3786557946222091e-10
1.976	5.3755347392048457e-10
1.977	5.3724173037766404e-10
1.978	5.3693034820432152e-10
1.979	5.3661932677247832e-10
1.98	5.3630866545560956e-10
1.981	5.3600194217770048e-10
1.982	5.356955695388941e-10
1.983	5.3538954693826987e-10
1.984	5.3508387377627973e-10
1.985	5.3477854945474378e-10
1.986	5.3447695029840826e-10
1.987	5.3417569113618886e-10
1.988	5.3387477139349419e-10
1.989	5.3357419049702657e-10
1.99	5.3327394787477901e-10
1.991	5.3297727671285666e-10
1.992	5.326809354558248e-10
1.993	5.3238492355369692e-10
1.994	5.3208924045770839e-10
1.995	5.3179388562031279e-10
1.996	5.3150190375145749e-10
1.997	5.3121024233242785e-10
1.998	5.3091890083597336e-10
1.999	5.3062787873599888e-10
2.	5.3033717550756286e-10
2.001	5.3004981220624468e-10
2.002	5.2976276015199809e-10
2.003	5.2947601883942297e-10
2.004	5.2918958776421315e-10
2.005	5.2890346642315228e-10
2.006	5.2862061003690074e-10
2.007	5.2833805603085727e-10
2.008	5.2805580392040363e-10
2.009	5.2777385322195649e-10
2.01	5.2749220345296474e-10
2.0109999999999997	5.272137496281867e-10
2.012	5.2693558963002232e-10
2.013	5.266577229936449e-10
2.014	5.2638014925520734e-10
2.0149999999999997	5.2610286795184015e-10
2.016	5.2582871498214985e-10
2.017	5.2555484758666903e-10
2.018	5.2528126531942295e-10
2.0189999999999997	5.2500796773536527e-10
2.02	5.2473495439037498e-10
2.021	5.2446505740158392e-10
2.022	5.2419543791264577e-10
2.0229999999999997	5.2392609549580559e-10
2.024	5.2365702972418597e-10
2.025	5.2338824017178712e-10
2.026	5.2312253984410581e-10
2.0269999999999997	5.2285710914741041e-10
2.028	5.2259194767147929e-10
2.029	5.2232705500692289e-10
2.03	5.2206243074518067e-10
2.0309999999999997	5.2180090418687163e-10
2.032	5.2153963952020938e-10
2.033	5.21278636352005e-10
2.034	5.210178942898564e-10
2.0349999999999997	5.2075741294214569e-10
2.036	5.2050000177272034e-10
2.037	5.2024284495502207e-10
2.038	5.1998594211224384e-10
2.0389999999999997	5.1972929286832298e-10
2.04	5.1947289684793849e-10
2.041	5.1921951156797191e-10
2.042	5.1896637335690404e-10
2.0429999999999997	5.1871348185354617e-10
2.044	5.1846083669741286e-10
2.045	5.1820843752872129e-10
2.046	5.1795902255110485e-10
2.0469999999999997	5.1770984754605613e-10
2.048	5.1746091216740998e-10
2.049	5.1721221606966753e-10
2.05	5.169637589079927e-10
2.0509999999999997	5.1671825428446781e-10
2.052	5.1647298272915878e-10
2.053	5.1622794391033061e-10
2.054	5.1598313749687737e-10
2.0549999999999997	5.1573856315832056e-10
2.056	5.154969320586016e-10
2.057	5.1525552726829908e-10
2.058	5.1501434846962312e-10
2.0589999999999997	5.147733953453782e-10
2.0599999999999996	5.1453266757896227e-10
2.061	5.1429487633324443e-10
2.062	5.1405730477642122e-10
2.0629999999999997	5.1381995260418623e-10
2.0639999999999996	5.1358281951279501e-10
2.065	5.1334590519906303e-10
2.066	5.1311192270066464e-10
2.0669999999999997	5.1287815340302003e-10
2.0679999999999996	5.1264459701486432e-10
2.069	5.1241125324546358e-10
2.07	5.1217812180461278e-10
2.0709999999999997	5.1194796391327711e-10
2.0719999999999996	5.1171801278150027e-10
2.073	5.1148826813079743e-10
2.074	5.112587296831837e-10
2.0749999999999997	5.1102939716117307e-10
2.0759999999999996	5.1080298052045622e-10
2.077	5.1057676442316123e-10
2.078	5.1035074860296601e-10
2.0789999999999997	5.1012493279401948e-10
2.0799999999999996	5.0989931673094121e-10
2.081	5.0967660139136793e-10
2.082	5.0945408052338914e-10
2.0829999999999997	5.0923175387240173e-10
2.0839999999999996	5.0900962118424651e-10
2.085	5.0878768220520774e-10
2.086	5.085686333759155e-10
2.0869999999999997	5.0834977308004218e-10
2.0879999999999996	5.0813110107428885e-10
2.089	5.079126171157748e-10
2.09	5.0769432096203757e-10
2.0909999999999997	5.0747891246502345e-10
2.0919999999999996	5.0726368668087313e-10
2.093	5.0704864337721503e-10
2.094	5.0683378232207194e-10
2.0949999999999998	5.0661910328385944e-10
2.0959999999999996	5.0640729976622705e-10
2.097	5.0619567327303996e-10
2.098	5.059842235824565e-10
2.0989999999999998	5.0577295047300567e-10
2.0999999999999996	5.0556185372358592e-10
2.101	5.0535362833473742e-10
2.102	5.0514557439854849e-10
2.1029999999999998	5.0493769170334486e-10
2.1039999999999996	5.0472998003780142e-10
2.105	5.0452243919093975e-10
2.106	5.0431774458091624e-10
2.1069999999999998	5.041132160007356e-10
2.1079999999999997	5.0390885324847704e-10
2.109	5.0370465612254704e-10
2.11	5.0350062442167881e-10
2.1109999999999998	5.0329941191679468e-10
2.1119999999999997	5.0309836016761614e-10
2.113	5.0289746898157015e-10
2.114	5.026967381663911e-10
2.1149999999999998	5.0249616753012024e-10
2.1159999999999997	5.0229851495292227e-10
2.117	5.021010178044951e-10
2.118	5.0190367590157313e-10
2.1189999999999998	5.0170648906117885e-10
2.1199999999999997	5.0150945710062207e-10
2.121	5.0131538474051437e-10
2.122	5.0112146252517842e-10
2.1229999999999998	5.0092769028044162e-10
2.1239999999999997	5.0073406783240042e-10
2.125	5.005405950074203e-10
2.126	5.003501265039139e-10
2.127	5.0015980290154693e-10
2.1279999999999997	4.9996962403502926e-10
2.129	4.9977958973932255e-10
2.13	4.9958969984963876e-10
2.131	4.9940286100685393e-10
2.1319999999999997	4.992161618615157e-10
2.133	4.9902960225700713e-10
2.134	4.988431820369454e-10
2.135	4.9865690104518123e-10
2.1359999999999997	4.9847371744042066e-10
2.137	4.9829066837269526e-10
2.138	4.9810775369384601e-10
2.139	4.9792497325593094e-10
2.1399999999999997	4.9774232691122531e-10
2.141	4.9756282816342524e-10
2.142	4.9738345883272966e-10
2.143	4.9720421877922584e-10
2.1439999999999997	4.9702510786320318e-10
2.145	4.9684612594515166e-10
2.146	4.9667039422939224e-10
2.147	4.9649478678034437e-10
2.1479999999999997	4.9631930346624399e-10
2.149	4.9614394415551312e-10
2.15	4.9596870871675991e-10
2.151	4.9579677501465091e-10
2.1519999999999997	4.9562496047713118e-10
2.153	4.9545326498035668e-10
2.154	4.9528168840065554e-10
2.155	4.9511023061452659e-10
2.1559999999999997	4.9494202563187166e-10
2.157	4.9477393489976411e-10
2.158	4.9460595830183926e-10
2.159	4.9443809572189023e-10
2.1599999999999997	4.9427034704386783e-10
2.161	4.9410586854328735e-10
2.162	4.9394149947341756e-10
2.163	4.9377723972508511e-10
2.1639999999999997	4.9361308918926201e-10
2.165	4.9344904775706512e-10
2.166	4.9328820796763796e-10
2.167	4.9312747299555139e-10
2.1679999999999997	4.9296684273837655e-10
2.169	4.9280631709381799e-10
2.17	4.9264589595971331e-10
2.171	4.9248871663348131e-10
2.1719999999999997	4.9233163757180455e-10
2.173	4.9217465867877578e-10
2.174	4.9201777985860966e-10
2.175	4.9186100101564328e-10
2.1759999999999997	4.9170766429511007e-10
2.177	4.9155442314963666e-10
2.178	4.9140127748989271e-10
2.179	4.9124822722665915e-10
2.1799999999999997	4.9109527227082814e-10
2.181	4.9094585975655104e-10
2.182	4.9079653813017631e-10
2.183	4.9064730730879804e-10
2.1839999999999997	4.9049816720961128e-10
2.185	4.9034911774991175e-10
2.186	4.902038087247696e-10
2.187	4.9005858579525513e-10
2.1879999999999997	4.8991344888487366e-10
2.1889999999999996	4.897683979172208e-10
2.19	4.8962343281598263e-10
2.191	4.8948230235671641e-10
2.1919999999999997	4.8934125323370024e-10
2.1929999999999996	4.8920028537664103e-10
2.194	4.8905939871532655e-10
2.195	4.8891859317962523e-10
2.1959999999999997	4.8878154041820243e-10
2.1969999999999996	4.8864456447200332e-10
2.198	4.8850766527646603e-10
2.199	4.8837084276710078e-10
2.1999999999999997	4.8823409687949034e-10
2.2009999999999996	4.88101138816035e-10
2.202	4.8796825314831722e-10
2.203	4.878354398172242e-10
2.2039999999999997	4.8770269876370704e-10
2.2049999999999996	4.8757002992878102e-10
2.206	4.8744110422017288e-10
2.207	4.873122466759032e-10
2.2079999999999997	4.8718345724192742e-10
2.2089999999999996	4.8705473586425835e-10
2.21	4.8692608248896548e-10
2.211	4.8680120318224249e-10
2.2119999999999997	4.8667638791334071e-10
2.2129999999999996	4.865516366330155e-10
2.214	4.8642694929207185e-10
2.215	4.8630232584136591e-10
2.2159999999999997	4.8618171951682962e-10
2.2169999999999996	4.8606117299985809e-10
2.218	4.8594068624597516e-10
2.219	4.8582025921074924e-10
2.2199999999999998	4.8569989184979248e-10
2.2209999999999996	4.8558366602018603e-10
2.222	4.8546749580192285e-10
2.223	4.8535138115509965e-10
2.2239999999999998	4.8523532203985077e-10
2.2249999999999996	4.8511931841634912e-10
2.226	4.8500764515366215e-10
2.227	4.8489602329295836e-10
2.2279999999999998	4.8478445279875591e-10
2.2289999999999996	4.846729336356063e-10
2.23	4.8456146576809308e-10
2.231	4.8445450965935529e-10
2.2319999999999998	4.8434760075653685e-10
2.2329999999999997	4.8424073902839248e-10
2.234	4.8413392444370457e-10
2.235	4.8402715697128325e-10
2.2359999999999998	4.8392483871967824e-10
2.2369999999999997	4.838225637169361e-10
2.238	4.8372033193564108e-10
2.239	4.8361814334840108e-10
2.2399999999999998	4.8351599792784698e-10
2.2409999999999997	4.834183732551729e-10
2.242	4.8332078799651142e-10
2.243	4.8322324212799861e-10
2.2439999999999998	4.8312573562578921e-10
2.2449999999999997	4.8302826846605806e-10
2.246	4.8293537672845941e-10
2.247	4.8284252071223075e-10
2.2479999999999998	4.8274970039677168e-10
2.2489999999999997	4.8265691576149666e-10
2.25	4.825641667858366e-10
2.251	4.8247601480977483e-10
2.252	4.8238789503399718e-10
2.2529999999999997	4.8229980744086351e-10
2.254	4.8221175201274681e-10
2.255	4.8212372873203268e-10
2.256	4.8204051415296079e-10
2.2569999999999997	4.8195732829461254e-10
2.258	4.8187417114212144e-10
2.259	4.8179104268063132e-10
2.26	4.8170794289529604e-10
2.2609999999999997	4.8162978171192769e-10
2.262	4.8155164588906886e-10
2.263	4.8147353541437894e-10
2.264	4.8139545027552508e-10
2.2649999999999997	4.813173904601824e-10
2.266	4.8124440542266496e-10
2.267	4.8117144251610817e-10
2.268	4.8109850173044743e-10
2.2689999999999997	4.8102558305562441e-10
2.27	4.8095268648158661e-10
2.271	4.8088503400709033e-10
2.272	4.8081740056238107e-10
2.2729999999999997	4.8074978613943084e-10
2.274	4.8068219073021568e-10
2.275	4.806146143267169e-10
2.276	4.805523903053209e-10
2.2769999999999997	4.8049018239382878e-10
2.278	4.8042799058598499e-10
2.279	4.8036581487553748e-10
2.28	4.8030365525623691e-10
2.2809999999999997	4.8024699138292656e-10
2.282	4.8019034087789148e-10
2.283	4.8013370373640183e-10
2.284	4.8007707995372936e-10
2.2849999999999997	4.8002046952514827e-10
2.286	4.7996950512642444e-10
2.287	4.7991855154846503e-10
2.288	4.7986760878782422e-10
2.2889999999999997	4.7981667684105742e-10
2.29	4.79765755704722e-10
2.291	4.7972062906765473e-10
2.292	4.7967551091898753e-10
2.2929999999999997	4.7963040125632569e-10
2.294	4.7958530007727526e-10
2.295	4.7954020737944321e-10
2.296	4.7950108479468408e-10
2.2969999999999997	4.7946196859292184e-10
2.298	4.7942285877259405e-10
2.299	4.7938375533213962e-10
2.3	4.7934465826999734e-10
2.3009999999999997	4.793117108057513e-10
2.302	4.7927876787044184e-10
2.303	4.7924582946313518e-10
2.304	4.7921289558289806e-10
2.3049999999999997	4.7917996622879701e-10
2.306	4.7915337234591396e-10
2.307	4.7912678141472101e-10
2.308	4.7910019343472672e-10
2.3089999999999997	4.7907360840543973e-10
2.31	4.7904702632636891e-10
2.311	4.7902698391169735e-10
2.312	4.790069431740286e-10
2.3129999999999997	4.7898690411315194e-10
2.314	4.7896686672885716e-10
2.315	4.7894683102093384e-10
2.316	4.7893353580328424e-10
2.3169999999999997	4.7892024132374538e-10
2.3179999999999996	4.7890694758225582e-10
2.319	4.7889365457875417e-10
2.32	4.788803623131789e-10
2.3209999999999997	4.7887401686242767e-10
2.3219999999999996	4.7886767157983627e-10
2.323	4.7886132646539817e-10
2.324	4.7885498151910635e-10
2.3249999999999997	4.7884863674095419e-10
2.3259999999999996	4.7884946222229974e-10
2.327	4.7885028770649142e-10
2.328	4.7885111319352911e-10
2.3289999999999997	4.7885193868341303e-10
2.3299999999999996	4.7885276417614286e-10
2.331	4.7886099177843729e-10
2.332	4.7886921966346815e-10
2.3329999999999997	4.7887744783125043e-10
2.3339999999999996	4.788856762817982e-10
2.335	4.7889390501512656e-10
2.336	4.7890978147381262e-10
2.3369999999999997	4.7892565898521743e-10
2.3379999999999996	4.7894153754944583e-10
2.339	4.7895741716660226e-10
2.34	4.7897329783679166e-10
2.3409999999999997	4.7899710258904193e-10
2.3419999999999996	4.7902090970758027e-10
2.343	4.7904471919275937e-10
2.344	4.7906853104493244e-10
2.3449999999999998	4.7909234526445207e-10
2.3459999999999996	4.7912436638615474e-10
2.347	4.7915639178853837e-10
2.348	4.7918842147246159e-10
2.3489999999999998	4.7922045543878301e-10
2.3499999999999996	4.7925249368836154e-10
2.351	4.7929303875826418e-10
2.352	4.7933359068902522e-10
2.3529999999999998	4.7937414948238661e-10
2.3539999999999996	4.7941471514009019e-10
2.355	4.7945528766387892e-10
2.356	4.7950469930492054e-10
2.3569999999999998	4.7955412113152902e-10
2.3579999999999997	4.7960355314685403e-10
2.359	4.7965299535404653e-10
2.36	4.797024477562589e-10
2.3609999999999998	4.79761057828801e-10
2.3619999999999997	4.7981968222505725e-10
2.363	4.7987832095027911e-10
2.364	4.7993697400972064e-10
2.3649999999999998	4.7999564140863855e-10
2.3659999999999997	4.8006381975282598e-10
2.367	4.8013201746780181e-10
2.368	4.8020023456182223e-10
2.3689999999999998	4.8026847104314883e-10
2.3699999999999997	4.8033672692004751e-10
2.371	4.8041487040956657e-10
2.372	4.8049303932874031e-10
2.3729999999999998	4.8057123368998367e-10
2.3739999999999997	4.8064945350571998e-10
2.375	4.8072769878838042e-10
2.376	4.8081624203277009e-10
2.377	4.8090481789999566e-10
2.3779999999999997	4.8099342640808957e-10
2.379	4.8108206757509788e-10
2.38	4.8117074141907972e-10
2.381	4.8127013698182426e-10
2.3819999999999997	4.8136957361738656e-10
2.383	4.8146905135123055e-10
2.384	4.8156857020884114e-10
2.385	4.8166813021572425e-10
2.3859999999999997	4.8177886236057748e-10
2.387	4.8188964543023416e-10
2.388	4.820004794598322e-10
2.389	4.8211136448454166e-10
2.3899999999999997	4.8222230053956539e-10
2.391	4.82344897274887e-10
2.392	4.8246755636228815e-10
2.393	4.825902778493487e-10
2.3939999999999997	4.8271306178369708e-10
2.395	4.8283590821301043e-10
2.396	4.829709340160038e-10
2.397	4.8310603536046868e-10
2.3979999999999997	4.8324121230981634e-10
2.399	4.8337646492752927e-10
2.4	4.8351179327716068e-10
2.401	4.8365985438626842e-10
2.4019999999999997	4.8380800620177619e-10
2.403	4.8395624880706359e-10
2.404	4.8410458228561206e-10
2.405	4.8425300672100593e-10
2.4059999999999997	4.8441480203026091e-10
2.407	4.8457670549153967e-10
2.408	4.8473871721331962e-10
2.409	4.8490083730422363e-10
2.4099999999999997	4.8506306587301964e-10
2.411	4.852393328964672e-10
2.412	4.854157280737999e-10
2.413	4.8559225154482862e-10
2.4139999999999997	4.8576890344956828e-10
2.415	4.8594568392823704e-10
2.416	4.8613722540829127e-10
2.417	4.8632891794475599e-10
2.4179999999999997	4.8652076171639446e-10
2.419	4.8671275690225199e-10
2.42	4.8690490368165647e-10
2.421	4.8711259534251405e-10
2.4219999999999997	4.8732046426276352e-10
2.423	4.8752851066943174e-10
2.424	4.8773673478993236e-10
2.425	4.8794513685206824e-10
2.4259999999999997	4.8816993697864622e-10
2.427	4.8839494433503655e-10
2.428	4.8862015920792049e-10
2.429	4.8884558188450839e-10
2.4299999999999997	4.8907121265254071e-10
2.431	4.8931417198037658e-10
2.432	4.8955737282140045e-10
2.433	4.8980081553590521e-10
2.4339999999999997	4.9004450048490029e-10
2.435	4.9028842803011425e-10
2.436	4.905507023557853e-10
2.437	4.9081325743309119e-10
2.4379999999999997	4.9107609371306951e-10
2.439	4.9133921164772432e-10
2.44	4.9160261169002882e-10
2.441	4.9188548077579953e-10
2.4419999999999997	4.9216867557581589e-10
2.4429999999999996	4.9245219665297575e-10
2.444	4.9273604457147428e-10
2.445	4.9302021989680836e-10
2.4459999999999997	4.9332509857210106e-10
2.4469999999999996	4.9363035454843901e-10
2.448	4.9393598852664644e-10
2.449	4.9424200120928425e-10
2.4499999999999997	4.9454839330065524e-10
2.4509999999999996	4.9487683212734661e-10
2.452	4.9520570748866974e-10
2.453	4.9553502025551337e-10
2.4539999999999997	4.9586477130108503e-10
2.4549999999999996	4.9619496150091797e-10
2.456	4.9654870101814436e-10
2.457	4.9690294526003043e-10
2.4579999999999997	4.972576953075787e-10
2.4589999999999996	4.9761295224488093e-10
2.46	4.9796871715912912e-10
2.461	4.9834970590741059e-10
2.4619999999999997	4.9873127808015372e-10
2.4629999999999996	4.991134350185201e-10
2.464	4.994961780677849e-10
2.465	4.9987950857735287e-10
2.4659999999999997	5.0028993738702896e-10
2.4669999999999996	5.0070104072017283e-10
2.468	5.0111282024098076e-10
2.469	5.0152527761912779e-10
2.4699999999999998	5.0193841452979135e-10
2.4709999999999996	5.0238075678476845e-10
2.472	5.0282387937156229e-10
2.473	5.0326778435685944e-10
2.4739999999999998	5.037124738146516e-10
2.4749999999999996	5.0415794982626696e-10
2.476	5.0463501361025783e-10
2.477	5.0511298110078297e-10
2.4779999999999998	5.0559185486812694e-10
2.4789999999999996	5.0607163749233069e-10
2.48	5.0655233156323768e-10
2.481	5.0706732285094999e-10
2.4819999999999998	5.0758336234599909e-10
2.4829999999999997	5.0810045325190907e-10
2.484	5.0861859878527153e-10
2.485	5.0913780217581142e-10
2.4859999999999998	5.0969442308808543e-10
2.4869999999999997	5.1025226239715185e-10
2.488	5.1081132410784769e-10
2.489	5.1137161224258021e-10
2.4899999999999998	5.1193313084142466e-10
2.4909999999999997	5.1253568035998358e-10
2.492	5.131396499615013e-10
2.493	5.1374504467215695e-10
2.4939999999999998	5.1435186954187775e-10
2.4949999999999997	5.1496012964447851e-10
2.496	5.1561348274534487e-10
2.497	5.1626849582929461e-10
2.4979999999999998	5.1692517523068703e-10
2.4989999999999997	5.1758352731615097e-10
2.5	5.1824355848479092e-10
2.501	5.1895352298367761e-10
2.502	5.1966543537385302e-10
2.5029999999999997	5.2037930368281592e-10
2.504	5.2109513598223555e-10
2.505	5.2181294038825495e-10
2.506	5.2258641081084347e-10
2.5069999999999997	5.233621776294984e-10
2.508	5.2414025108625646e-10
2.509	5.2492064148415055e-10
2.51	5.25703359187667e-10
2.5109999999999997	5.26548525064589e-10
2.512	5.2739641283999217e-10
2.513	5.2824703568409629e-10
2.514	5.2910040685222718e-10
2.5149999999999997	5.2995653968550354e-10
2.516	5.3088350256569072e-10
2.517	5.3181371388497786e-10
2.518	5.3274719074903194e-10
2.5189999999999997	5.3368395038383174e-10
2.52	5.3462401013672669e-10
2.521	5.3564523655982914e-10
2.522	5.3667037189584985e-10
2.5229999999999997	5.3769943863083876e-10
2.524	5.3873245942364584e-10
2.525	5.3976945710758211e-10
2.526	5.4090048740869747e-10
2.5269999999999997	5.4203626757346304e-10
2.528	5.4317682758606045e-10
2.529	5.4432219768357449e-10
2.53	5.4547240835866817e-10
2.5309999999999997	5.4673307797812615e-10
2.532	5.4799958829441758e-10
2.533	5.4927197999180992e-10
2.534	5.5055029413330859e-10
2.5349999999999997	5.5183457216507157e-10
2.536	5.5325086257854038e-10
2.537	5.5467444155273354e-10
2.538	5.5610536549574556e-10
2.5389999999999997	5.5754369139925244e-10
2.54	5.5898947684607883e-10
2.541	5.6059617271219713e-10
2.542	5.6221213141058887e-10
2.5429999999999997	5.6383743327515879e-10
2.544	5.6547215957145605e-10
2.545	5.6711639251021693e-10
2.546	5.6896208888471173e-10
2.5469999999999997	5.7081983822827116e-10
2.548	5.7268975899209002e-10
2.549	5.7457197118457558e-10
2.55	5.7646659639702689e-10
2.5509999999999997	5.7862233062224605e-10
2.552	5.8079424838274613e-10
2.553	5.829825326047938e-10
2.554	5.8518736898196265e-10
2.5549999999999997	5.8740894602765827e-10
2.556	5.8998536113175116e-10
2.557	5.925844764600529e-10
2.558	5.9520659335006325e-10
2.5589999999999997	5.9785201849651875e-10
2.56	6.0052106407097836e-10
2.561	6.0370700474587489e-10
2.562	6.0692693042378382e-10
2.5629999999999997	6.1018138780681213e-10
2.564	6.1347093538636726e-10
2.565	6.1679614376265906e-10
2.566	6.2096415143687608e-10
2.5669999999999997	6.2518887308470656e-10
2.568	6.294714741939112e-10
2.569	6.3381315240730297e-10
2.57	6.382151386393809e-10
2.5709999999999997	6.4433221210695983e-10
2.5719999999999996	6.5056768045618666e-10
2.573	6.5692501454416087e-10
2.574	6.6340782223538591e-10
2.5749999999999997	6.7001985522939301e-10
2.5759999999999996	6.8782522607597113e-10
2.577	7.0660276555289996e-10
2.578	7.2643432851983422e-10
2.5789999999999997	7.4741122457071424e-10
2.5799999999999996	7.6963562372433839e-10
2.581	6.7179175233728449e-10
2.582	5.960196952627391e-10
2.5829999999999997	5.3560794472262982e-10
2.5839999999999996	4.8631564809246142e-10
2.585	4.4533153920197341e-10
2.586	4.4273751575407031e-10
2.5869999999999997	4.4017353728778638e-10
2.5879999999999996	4.3763908481977948e-10
2.589	4.3513365125118709e-10
2.59	4.326567410293802e-10
2.5909999999999997	4.306097115856213e-10
2.5919999999999996	4.2858196115358595e-10
2.593	4.2657321865394386e-10
2.594	4.2458321806580085e-10
2.5949999999999998	4.2261169830925035e-10
2.5959999999999996	4.2085617961237104e-10
2.597	4.1911518534514339e-10
2.598	4.173885359965572e-10
2.5989999999999998	4.1567605500162402e-10
2.5999999999999996	4.1397756868119222e-10
2.601	4.1241356027940296e-10
2.602	4.1086132505467196e-10
2.6029999999999998	4.0932073057040331e-10
2.6039999999999996	4.0779164636895598e-10
2.605	4.0627394393481588e-10
2.606	4.0484950216455558e-10
2.6069999999999998	4.0343501399935246e-10
2.6079999999999997	4.0203037547289225e-10
2.609	4.0063548406175325e-10
2.61	3.99250238660464e-10
2.6109999999999998	3.9793411668903759e-10
2.6119999999999997	3.9662664335720705e-10
2.613	3.9532773369487429e-10
2.614	3.9403730384138115e-10
2.6149999999999998	3.9275527102745822e-10
2.6159999999999997	3.9152683023607955e-10
2.617	3.9030604999884334e-10
2.618	3.8909285888168332e-10
2.6189999999999998	3.8788718633593517e-10
2.6199999999999997	3.8668896268466411e-10
2.621	3.8553366716613063e-10
2.622	3.8438525434706742e-10
2.6229999999999998	3.8324366290438161e-10
2.6239999999999997	3.8210883224132114e-10
2.625	3.8098070247675151e-10
2.626	3.7988782409001824e-10
2.627	3.7880119781401977e-10
2.6279999999999997	3.7772077015140624e-10
2.629	3.7664648821343837e-10
2.63	3.7557829971135867e-10
2.631	3.7453965849877019e-10
2.6319999999999997	3.7350674605433461e-10
2.633	3.7247951511169285e-10
2.634	3.7145791892303567e-10
2.635	3.7044191125200852e-10
2.6359999999999997	3.6945100992273141e-10
2.637	3.6846539560855381e-10
2.638	3.6748502610826781e-10
2.639	3.6650985966860871e-10
2.6399999999999997	3.6553985497832858e-10
2.641	3.6459147762261965e-10
2.642	3.6364800858062761e-10
2.643	3.6270940984633832e-10
2.6439999999999997	3.6177564380511202e-10
2.645	3.6084667322865721e-10
2.646	3.5993653705311018e-10
2.647	3.5903098046161799e-10
2.6479999999999997	3.5812996897589276e-10
2.649	3.5723346846288187e-10
2.65	3.56341445130459e-10
2.651	3.5546596956242425e-10
2.6519999999999997	3.5459478526630747e-10
2.653	3.537278607677982e-10
2.654	3.528651648996339e-10
2.655	3.5200666679786242e-10
2.6559999999999997	3.5116276863523506e-10
2.657	3.5032290710555956e-10
2.658	3.4948705331519425e-10
2.659	3.4865517864559525e-10
2.6599999999999997	3.4782725475005166e-10
2.661	3.4701242932509185e-10
2.662	3.462014126226642e-10
2.663	3.4539417800047946e-10
2.6639999999999997	3.4459069906415687e-10
2.665	3.4379094966434691e-10
2.666	3.4300297438853917e-10
2.667	3.4221860296073465e-10
2.6679999999999997	3.4143781071374776e-10
2.669	3.4066057320499901e-10
2.67	3.3988686621396535e-10
2.671	3.3912380280296079e-10
2.6719999999999997	3.3836415794994548e-10
2.673	3.3760790873332626e-10
2.674	3.3685503243597478e-10
2.675	3.3610550654295016e-10
2.6759999999999997	3.3536566959313643e-10
2.677	3.3462908255443371e-10
2.678	3.3389572405975252e-10
2.679	3.331655729289016e-10
2.6799999999999997	3.3243860816654999e-10
2.681	3.3172055568867181e-10
2.682	3.310055984474912e-10
2.683	3.3029371647256126e-10
2.6839999999999997	3.2958488996486554e-10
2.685	3.2887909929498205e-10
2.686	3.2818137015544032e-10
2.687	3.2748659526456028e-10
2.6879999999999997	3.2679475589914336e-10
2.689	3.261058334938736e-10
2.69	3.2541980963965834e-10
2.691	3.2474117422841577e-10
2.6919999999999997	3.2406536339992346e-10
2.693	3.2339235955629569e-10
2.694	3.2272214524553056e-10
2.695	3.2205470315999955e-10
2.6959999999999997	3.2139405232953743e-10
2.697	3.2073610641853052e-10
2.698	3.2008084884868722e-10
2.699	3.1942826317691562e-10
2.6999999999999997	3.1877833309394864e-10
2.7009999999999996	3.1813463840881341e-10
2.702	3.1749353805225669e-10
2.703	3.1685501637166078e-10
2.7039999999999997	3.1621905784007242e-10
2.7049999999999996	3.1558564705494539e-10
2.706	3.1495793678893598e-10
2.707	3.1433271863889178e-10
2.7079999999999997	3.1370997779303209e-10
2.7089999999999996	3.1308969955672198e-10
2.71	3.1247186935131572e-10
2.711	3.1185942180932715e-10
2.7119999999999997	3.1124937037580808e-10
2.7129999999999996	3.1064170101659329e-10
2.714	3.1003639980690232e-10
2.715	3.0943345293027734e-10
2.7159999999999997	3.0883552751931438e-10
2.7169999999999996	3.0823990842198323e-10
2.718	3.0764658232012419e-10
2.719	3.070555359979251e-10
2.7199999999999998	3.064667563409383e-10
2.7209999999999996	3.0588267297799107e-10
2.722	3.0530081174461145e-10
2.723	3.0472115998382754e-10
2.7239999999999998	3.0414370513460789e-10
2.7249999999999996	3.0356843473095524e-10
2.726	3.0299758537682159e-10
2.727	3.0242887891577811e-10
2.7279999999999998	3.0186230330422299e-10
2.7289999999999996	3.0129784658863692e-10
2.73	3.0073549690474159e-10
2.731	3.001773495697578e-10
2.7319999999999998	2.996212701738329e-10
2.7329999999999997	2.9906724724562849e-10
2.734	2.9851526939849498e-10
2.735	2.9796532532969244e-10
2.7359999999999998	2.9741925255951158e-10
2.7369999999999997	2.9687517767264271e-10
2.738	2.9633308972480442e-10
2.739	2.9579297785150642e-10
2.7399999999999998	2.9525483126732254e-10
2.7409999999999997	2.9472031505707541e-10
2.742	2.9418773067825782e-10
2.743	2.9365706767681628e-10
2.7439999999999998	2.9312831567398991e-10
2.7449999999999997	2.9260146436563489e-10
2.746	2.9207802185082599e-10
2.747	2.9155644879207439e-10
2.7479999999999998	2.9103673519218967e-10
2.7489999999999997	2.9051887112513715e-10
2.75	2.900028467354046e-10
2.751	2.8949001973577596e-10
2.752	2.8897900325141606e-10
2.7529999999999997	2.8846978771129194e-10
2.754	2.8796236361171325e-10
2.755	2.8745672151574134e-10
2.756	2.8695405920860231e-10
2.7569999999999997	2.8645315179753001e-10
2.758	2.8595399010849127e-10
2.759	2.854565650312874e-10
2.76	2.8496086751899905e-10
2.7609999999999997	2.8446802179011715e-10
2.762	2.8397687789169792e-10
2.763	2.8348742702412681e-10
2.764	2.8299966044835091e-10
2.7649999999999997	2.8251356948535952e-10
2.766	2.8203017829707659e-10
2.767	2.8154843848370861e-10
2.768	2.8106834159747337e-10
2.7689999999999997	2.8058987924811127e-10
2.77	2.8011304310239639e-10
2.771	2.796387659782786e-10
2.772	2.7916609219668015e-10
2.7729999999999997	2.7869501364092473e-10
2.774	2.7822552224902926e-10
2.775	2.7775761001324511e-10
2.776	2.7729212697454964e-10
2.7769999999999997	2.768282014949838e-10
2.778	2.7636582576995007e-10
2.779	2.7590499204690769e-10
2.78	2.7544569262493794e-10
2.7809999999999997	2.7498871030353785e-10
2.782	2.7453324179741404e-10
2.783	2.7407927959693081e-10
2.784	2.7362681624204084e-10
2.7849999999999997	2.7317584432187768e-10
2.786	2.7272706476526595e-10
2.787	2.7227975732097808e-10
2.788	2.7183391475751412e-10
2.7889999999999997	2.7138952989066146e-10
2.79	2.7094659558310899e-10
2.791	2.7050574618168246e-10
2.792	2.7006632903659889e-10
2.7929999999999997	2.6962833717938553e-10
2.794	2.6919176368670202e-10
2.795	2.6875660167997613e-10
2.796	2.6832342421150866e-10
2.7969999999999997	2.6789164087263838e-10
2.798	2.674612449439203e-10
2.799	2.6703222974902251e-10
2.8	2.6660458865438028e-10
2.8009999999999997	2.6617883815946157e-10
2.802	2.6575444528918181e-10
2.803	2.653314035601293e-10
2.804	2.6490970653010841e-10
2.8049999999999997	2.6448934779781368e-10
2.806	2.6407077868177779e-10
2.807	2.6365353229030949e-10
2.808	2.6323760236336655e-10
2.8089999999999997	2.6282298268034701e-10
2.81	2.6240966705977912e-10
2.811	2.6199807325537277e-10
2.812	2.6158776861196696e-10
2.8129999999999997	2.6117874708232267e-10
2.814	2.6077100265696351e-10
2.815	2.6036452936388238e-10
2.816	2.5995970499367892e-10
2.8169999999999997	2.595561375408882e-10
2.818	2.5915382116078063e-10
2.819	2.5875275004480885e-10
2.82	2.5835291842032695e-10
2.8209999999999997	2.5795466618181437e-10
2.822	2.5755763986892808e-10
2.823	2.5716183382978275e-10
2.824	2.5676724244718194e-10
2.8249999999999997	2.5637386013835278e-10
2.8259999999999996	2.559819919603145e-10
2.827	2.5559131989727139e-10
2.828	2.5520183848114413e-10
2.8289999999999997	2.5481354227713225e-10
2.8299999999999996	2.544264258834619e-10
2.831	2.5404078369590108e-10
2.832	2.5365630879918308e-10
2.8329999999999997	2.5327299590145073e-10
2.8339999999999996	2.5289083974278593e-10
2.835	2.5250983509496889e-10
2.836	2.5213022961400142e-10
2.8369999999999997	2.5175176376401932e-10
2.8379999999999996	2.5137443242070712e-10
2.839	2.5099823049042488e-10
2.84	2.5062315290997981e-10
2.8409999999999997	2.5024940554697962e-10
2.8419999999999996	2.4987677124227774e-10
2.843	2.4950524503106282e-10
2.844	2.4913482197800754e-10
2.8449999999999998	2.4876549717704931e-10
2.8459999999999996	2.4839744498802944e-10
2.847	2.4803048026727047e-10
2.848	2.4766459820223747e-10
2.8489999999999998	2.4729979400875021e-10
2.8499999999999996	2.4693606293077505e-10
2.851	2.4657354981366878e-10
2.852	2.4621209950705016e-10
2.8529999999999998	2.4585170734386267e-10
2.8539999999999996	2.4549236868433574e-10
2.855	2.451340789157852e-10
2.856	2.4477694385186881e-10
2.8569999999999998	2.4442084789197419e-10
2.8579999999999997	2.440657865076941e-10
2.859	2.4371175519689607e-10
2.86	2.4335874948353245e-10
2.8609999999999998	2.4300685068534576e-10
2.8619999999999997	2.4265596811492782e-10
2.863	2.4230609737656925e-10
2.864	2.4195723409987632e-10
2.8649999999999998	2.4160937393958781e-10
2.8659999999999997	2.4126259080048001e-10
2.867	2.409168017137411e-10
2.868	2.4057200241131828e-10
2.8689999999999998	2.4022818864955714e-10
2.8699999999999997	2.3988535620902804e-10
2.871	2.3954356118706531e-10
2.872	2.3920273877653682e-10
2.8729999999999998	2.3886288483184826e-10
2.8739999999999997	2.3852399523093175e-10
2.875	2.3818606587507921e-10
2.876	2.3784913642911279e-10
2.877	2.3751315885322834e-10
2.8779999999999997	2.3717812911937824e-10
2.879	2.3684404322220994e-10
2.88	2.3651089717890716e-10
2.881	2.3617871645809196e-10
2.8819999999999997	2.3584746752749203e-10
2.883	2.3551714647199311e-10
2.884	2.3518774939838404e-10
2.885	2.348592724352034e-10
2.8859999999999997	2.3453172989124464e-10
2.887	2.3420509967834575e-10
2.888	2.3387937799002266e-10
2.889	2.3355456104093709e-10
2.8899999999999997	2.3323064506675028e-10
2.891	2.3290762656183864e-10
2.892	2.3258550156425149e-10
2.893	2.3226426637178894e-10
2.8939999999999997	2.3194391730267615e-10
2.895	2.3162445069542242e-10
2.896	2.3130585011924144e-10
2.897	2.3098812481245597e-10
2.8979999999999997	2.306712711731628e-10
2.899	2.3035528561919482e-10
2.9	2.3004016458798661e-10
2.901	2.2972587969927915e-10
2.9019999999999997	2.2941245240191846e-10
2.903	2.2909987919051368e-10
2.904	2.2878815657875293e-10
2.905	2.2847728109927253e-10
2.9059999999999997	2.2816721330470706e-10
2.907	2.2785798595903599e-10
2.908	2.2754959564978802e-10
2.909	2.272420389829408e-10
2.9099999999999997	2.2693531258279675e-10
2.911	2.266293850332128e-10
2.912	2.2632428120440735e-10
2.913	2.2601999777400689e-10
2.9139999999999997	2.2571653143748132e-10
2.915	2.2541387890802387e-10
2.916	2.2511198061038104e-10
2.917	2.2481088989990161e-10
2.9179999999999997	2.2451060354043344e-10
2.919	2.2421111831309177e-10
2.92	2.2391243101614465e-10
2.921	2.2361446567229697e-10
2.9219999999999997	2.2331729229302873e-10
2.923	2.2302090772507655e-10
2.924	2.2272530883189489e-10
2.925	2.2243049249354515e-10
2.9259999999999997	2.2213637007778494e-10
2.927	2.2184302447778414e-10
2.928	2.2155045262009373e-10
2.929	2.2125865144745629e-10
2.9299999999999997	2.2096761791869998e-10
2.931	2.2067725139246352e-10
2.932	2.2038764698760125e-10
2.933	2.2009880170754987e-10
2.9339999999999997	2.1981071257143527e-10
2.935	2.1952337661396953e-10
2.936	2.1923665638105594e-10
2.937	2.1895068414373619e-10
2.9379999999999997	2.1866545697876761e-10
2.939	2.1838097197811995e-10
2.94	2.1809722624887723e-10
2.941	2.1781407308282142e-10
2.9419999999999997	2.175316541925798e-10
2.943	2.1724996672565295e-10
2.944	2.1696900784429788e-10
2.945	2.1668877472543198e-10
2.9459999999999997	2.1640914920090865e-10
2.947	2.1613024443050312e-10
2.948	2.1585205763111205e-10
2.949	2.1557458603394223e-10
2.9499999999999997	2.152978268844191e-10
2.951	2.1502166320084471e-10
2.952	2.1474620708296456e-10
2.953	2.1447145581495057e-10
2.9539999999999997	2.1419740669485607e-10
2.9549999999999996	2.1392405703452678e-10
2.956	2.1365129148050517e-10
2.957	2.133792206244401e-10
2.9579999999999997	2.1310784181575041e-10
2.9589999999999996	2.1283715241732221e-10
2.96	2.1256714980542297e-10
2.961	2.1229772334983693e-10
2.9619999999999997	2.1202897901962846e-10
2.9629999999999996	2.1176091422759745e-10
2.964	2.1149352639961097e-10
2.965	2.1122681297452146e-10
2.9659999999999997	2.1096073490729924e-10
2.9669999999999996	2.1069532634284388e-10
2.968	2.1043058475743677e-10
2.969	2.1016650764002822e-10
2.9699999999999998	2.0990309249215721e-10
2.9709999999999996	2.096402169167787e-10
2.972	2.0937799895089573e-10
2.973	2.0911643612997746e-10
2.9739999999999998	2.0885552600179243e-10
2.9749999999999996	2.0859526612633251e-10
2.976	2.0833552188363954e-10
2.977	2.0807642370705251e-10
2.9779999999999998	2.0781796918910912e-10
2.9789999999999996	2.0756015593429375e-10
2.98	2.0730298155896327e-10
2.981	2.0704629954467947e-10
2.9819999999999998	2.0679025239032291e-10
2.9829999999999997	2.065348377434734e-10
2.984	2.0628005326331848e-10
2.985	2.0602589662058248e-10
2.9859999999999998	2.057722097258764e-10
2.9869999999999997	2.055191468099418e-10
2.988	2.0526670557346029e-10
2.989	2.0501488372839708e-10
2.9899999999999998	2.0476367899793131e-10
2.9909999999999997	2.0451288586494811e-10
2.992	2.0426270631982424e-10
2.993	2.0401313811351466e-10
2.9939999999999998	2.037641790079522e-10
2.9949999999999997	2.0351582677598089e-10
2.996	2.0326787765482326e-10
2.997	2.0302053196542306e-10
2.9979999999999998	2.0277378750760699e-10
2.9989999999999997	2.0252764209188503e-10
3.	2.0228209353938528e-10
3.001	2.0203688459357829e-10
3.002	2.0179226941884677e-10
3.0029999999999997	2.0154824586108246e-10
3.004	2.0130481177658413e-10
3.005	2.0106196503199518e-10
3.006	2.0081970350424067e-10
3.0069999999999997	2.0057802508046602e-10
3.008	2.003369276579751e-10
3.009	2.0009640914416998e-10
3.01	1.9985646745648945e-10
3.0109999999999997	1.9961685252619939e-10
3.012	1.9937781147335979e-10
3.013	1.9913934223878315e-10
3.014	1.9890144277312151e-10
3.0149999999999997	1.9866411103680834e-10
3.016	1.9842718335082409e-10
3.017	1.9819082011366079e-10
3.018	1.9795501931063138e-10
3.0189999999999997	1.9771977893662563e-10
3.02	1.9748509699605286e-10
3.021	1.9725086594102415e-10
3.022	1.970171898563939e-10
3.0229999999999997	1.96784066772135e-10
3.024	1.9655149472753309e-10
3.025	1.963194717711328e-10
3.026	1.9608783024918805e-10
3.0269999999999997	1.9585673472053519e-10
3.028	1.9562618325703692e-10
3.029	1.9539617393962437e-10
3.03	1.9516670485824318e-10
3.0309999999999997	1.9493760111853328e-10
3.032	1.9470903463214437e-10
3.033	1.9448100351148359e-10
3.034	1.942535058777899e-10
3.0349999999999997	1.9402653986108289e-10
3.036	1.9379992347619605e-10
3.037	1.9357383583418162e-10
3.038	1.9334827508669621e-10
3.0389999999999997	1.931232393940015e-10
3.04	1.9289872692491415e-10
3.041	1.9267454874505329e-10
3.042	1.9245089101983555e-10
3.0429999999999997	1.9222775193892213e-10
3.044	1.9200512970036048e-10
3.045	1.9178302251053619e-10
3.046	1.9156121514653747e-10
3.0469999999999997	1.9133992025409222e-10
3.048	1.9111913605920127e-10
3.049	1.9089886079604411e-10
3.05	1.9067909270693151e-10
3.0509999999999997	1.9045960627768153e-10
3.052	1.9024062455928724e-10
3.053	1.9002214581286803e-10
3.054	1.8980416830752167e-10
3.0549999999999997	1.8958669032027912e-10
3.056	1.8936951455786511e-10
3.057	1.8915283578545209e-10
3.058	1.8893665229900465e-10
3.0589999999999997	1.8872096240226886e-10
3.06	1.8850576440672775e-10
3.061	1.882908633707729e-10
3.062	1.8807645176140149e-10
3.0629999999999997	1.8786252790854763e-10
3.064	1.8764909014973509e-10
3.065	1.8743613683003453e-10
3.066	1.8722347549554327e-10
3.0669999999999997	1.8701129617685637e-10
3.068	1.867995972370313e-10
3.069	1.8658837704652983e-10
3.07	1.863776339831752e-10
3.0709999999999997	1.8616717820919077e-10
3.072	1.8595719718826109e-10
3.073	1.8574768931575087e-10
3.074	1.8553865299424792e-10
3.0749999999999997	1.8533008663352275e-10
3.076	1.8512182918510502e-10
3.077	1.8491403925368538e-10
3.078	1.8470671526673597e-10
3.0789999999999997	1.8449985565877358e-10
3.08	1.8429345887131988e-10
3.081	1.8408734359704956e-10
3.082	1.8388168884965569e-10
3.0829999999999997	1.8367649308741592e-10
3.0839999999999996	1.8347175477548206e-10
3.085	1.8326747238584159e-10
3.086	1.8306345389864347e-10
3.0869999999999997	1.8285988914453408e-10
3.0879999999999996	1.8265677661155439e-10
3.089	1.8245411479445586e-10
3.09	1.8225190219466289e-10
3.0909999999999997	1.8204994349619241e-10
3.0919999999999996	1.8184843189503946e-10
3.093	1.8164736590816559e-10
3.094	1.8144674405908457e-10
3.0949999999999998	1.8124656487782544e-10
3.0959999999999996	1.8104662982895189e-10
3.097	1.808471353950671e-10
3.098	1.8064808012123962e-10
3.0989999999999998	1.8044946255893638e-10
3.0999999999999996	1.8025128126598792e-10
3.101	1.8005333283750434e-10
3.102	1.798558186982711e-10
3.1029999999999998	1.7965873742063992e-10
3.1039999999999996	1.7946208758321322e-10
3.105	1.792658677708099e-10
3.106	1.7906985615841256e-10
3.1069999999999998	1.7887427272109429e-10
3.1079999999999997	1.7867911605740329e-10
3.109	1.7848438477199723e-10
3.11	1.7829007747561008e-10
3.1109999999999998	1.7809598996687592e-10
3.1119999999999997	1.7790232456798046e-10
3.113	1.7770907990338557e-10
3.114	1.7751625460352343e-10
3.1149999999999998	1.7732384730476394e-10
3.1159999999999997	1.7713165442895663e-10
3.117	1.7693987771950213e-10
3.118	1.7674851582613889e-10
3.1189999999999998	1.7655756740444004e-10
3.1199999999999997	1.7636703111578234e-10
3.121	1.7617670407484732e-10
3.122	1.7598678737515093e-10
3.1229999999999998	1.7579727969109101e-10
3.1239999999999997	1.756081797027691e-10
3.125	1.754194860959597e-10
3.126	1.7523099674400479e-10
3.127	1.7504291202328265e-10
3.1279999999999997	1.7485523063225395e-10
3.129	1.7466795127495508e-10
3.13	1.7448107266096919e-10
3.131	1.7429439225279625e-10
3.1319999999999997	1.741081108830741e-10
3.133	1.7392222727372255e-10
3.134	1.7373674015211378e-10
3.135	1.7355164825104312e-10
3.1359999999999997	1.7336674900655762e-10
3.137	1.7318224332037747e-10
3.138	1.7299812993730456e-10
3.139	1.7281440760747256e-10
3.1399999999999997	1.7263107508631894e-10
3.141	1.7244793369633938e-10
3.142	1.7226518047776626e-10
3.143	1.7208281419780171e-10
3.1439999999999997	1.7190083362886288e-10
3.145	1.7171923754855397e-10
3.146	1.7153782891613711e-10
3.147	1.7135680316874889e-10
3.1479999999999997	1.7117615909547886e-10
3.149	1.7099589549051737e-10
3.15	1.7081601115312893e-10
3.151	1.706363107309413e-10
3.1519999999999997	1.7045698800526352e-10
3.153	1.7027804178657502e-10
3.154	1.7009947089034529e-10
3.155	1.6992127413700713e-10
3.1559999999999997	1.6974325791127711e-10
3.157	1.6956561428882544e-10
3.158	1.6938834210103919e-10
3.159	1.6921144018418705e-10
3.1599999999999997	1.6903490737939394e-10
3.161	1.6885856060928681e-10
3.162	1.6868258140555101e-10
3.163	1.6850696862018368e-10
3.1639999999999997	1.6833172110995777e-10
3.165	1.6815683773639715e-10
3.166	1.6798213441023211e-10
3.167	1.6780779371666677e-10
3.1679999999999997	1.6763381452779421e-10
3.169	1.6746019572038004e-10
3.17	1.6728693617583876e-10
3.171	1.6711384358987323e-10
3.1719999999999997	1.6694110883309882e-10
3.173	1.6676873079706655e-10
3.174	1.6659670837790125e-10
3.175	1.6642504047627736e-10
3.1759999999999997	1.6625353382864639e-10
3.177	1.6608238030394244e-10
3.178	1.6591157881269564e-10
3.179	1.6574112826991311e-10
3.1799999999999997	1.6557102759505603e-10
3.181	1.6540108259342644e-10
3.182	1.6523148610312908e-10
3.183	1.6506223705320802e-10
3.1839999999999997	1.6489333437709082e-10
3.185	1.647247770125661e-10
3.186	1.6455636986029678e-10
3.187	1.643883067000375e-10
3.1879999999999997	1.6422058647889564e-10
3.189	1.6405320814827094e-10
3.19	1.6388617066383412e-10
3.191	1.6371925958179027e-10
3.1919999999999997	1.6355268813749062e-10
3.193	1.6338645529532488e-10
3.194	1.6322056002388894e-10
3.195	1.6305500129596327e-10
3.1959999999999997	1.6288957694747902e-10
3.197	1.6272448791505536e-10
3.198	1.6255973318019341e-10
3.199	1.6239531172851481e-10
3.1999999999999997	1.6223122254974102e-10
3.201	1.6206727548962464e-10
3.202	1.6190365945707018e-10
3.203	1.6174037345051578e-10
3.2039999999999997	1.615774164724361e-10
3.205	1.6141478752932189e-10
3.206	1.6125230034603754e-10
3.207	1.6109013996718511e-10
3.2079999999999997	1.609283054078206e-10
3.209	1.6076679568695403e-10
3.21	1.6060560982752986e-10
3.211	1.6044456546634378e-10
3.2119999999999997	1.6028384375025348e-10
3.2129999999999996	1.6012344371062199e-10
3.214	1.5996336438268571e-10
3.215	1.5980360480553546e-10
3.2159999999999997	1.5964398655876559e-10
3.2169999999999996	1.5948468686002463e-10
3.218	1.5932570475667994e-10
3.219	1.591670392998939e-10
3.2199999999999998	1.5900868954460436e-10
3.2209999999999996	1.5885051027111899e-10
3.222	1.5869264539324548e-10
3.223	1.5853509397457999e-10
3.2239999999999998	1.5837785508243349e-10
3.2249999999999996	1.5822092778781356e-10
3.226	1.5806414508940561e-10
3.227	1.5790767279849694e-10
3.2279999999999998	1.5775150999415489e-10
3.2289999999999996	1.5759565575908634e-10
3.23	1.5744010917961959e-10
3.231	1.5728469289843051e-10
3.2319999999999998	1.5712958315158478e-10
3.2329999999999997	1.5697477903308927e-10
3.234	1.568202796405174e-10
3.235	1.566660840749923e-10
3.2359999999999998	1.5651201257973988e-10
3.2369999999999997	1.5635824382651141e-10
3.238	1.5620477692387555e-10
3.239	1.5605161098389733e-10
3.2399999999999998	1.5589874512212096e-10
3.2409999999999997	1.5574599718720585e-10
3.242	1.5559354828091471e-10
3.243	1.554413975260114e-10
3.2439999999999998	1.5528954404868765e-10
3.2449999999999997	1.5513798697854643e-10
3.246	1.5498654177413418e-10
3.247	1.5483539196200486e-10
3.2479999999999998	1.546845366787611e-10
3.2489999999999997	1.5453397506436717e-10
3.25	1.5438370626213242e-10
3.251	1.5423352047659028e-10
3.252	1.5408362661109075e-10
3.2529999999999997	1.5393402381534131e-10
3.254	1.5378471124234835e-10
3.255	1.5363568804840161e-10
3.256	1.5348676358223243e-10
3.2569999999999997	1.5333812755189909e-10
3.258	1.5318977912025151e-10
3.259	1.5304171745337637e-10
3.26	1.5289394172058096e-10
3.2609999999999997	1.5274626842286138e-10
3.262	1.5259888011171689e-10
3.263	1.5245177596297301e-10
3.264	1.5230495515562995e-10
3.2649999999999997	1.5215841687184776e-10
3.266	1.520119799570454e-10
3.267	1.5186582463234986e-10
3.268	1.5171995008631785e-10
3.2689999999999997	1.5157435551062096e-10
3.27	1.5142904010003051e-10
3.271	1.5128382505960692e-10
3.272	1.5113888826442947e-10
3.2729999999999997	1.5099422891554873e-10
3.274	1.5084984621707112e-10
3.275	1.507057393761444e-10
3.276	1.5056173197168968e-10
3.2769999999999997	1.5041799951807818e-10
3.278	1.502745412286225e-10
3.279	1.5013135631963377e-10
3.28	1.4998844401040689e-10
3.2809999999999997	1.4984563714295337e-10
3.282	1.4970310195513039e-10
3.283	1.495608376723989e-10
3.284	1.4941884352316103e-10
3.2849999999999997	1.492771187387464e-10
3.286	1.4913549227367893e-10
3.287	1.4899413428972589e-10
3.288	1.4885304402417113e-10
3.2889999999999997	1.4871222071718494e-10
3.29	1.4857166361181012e-10
3.291	1.4843120104464274e-10
3.292	1.4829100381875296e-10
3.2929999999999997	1.4815107118298451e-10
3.294	1.4801140238901367e-10
3.295	1.478719966913362e-10
3.296	1.4773268342915965e-10
3.2969999999999997	1.4759363241971264e-10
3.298	1.47454842923168e-10
3.299	1.4731631420247881e-10
3.3	1.471780455233653e-10
3.3009999999999997	1.470398672338269e-10
3.302	1.4690194815863982e-10
3.303	1.4676428756908131e-10
3.304	1.4662688473915748e-10
3.3049999999999997	1.4648973894559071e-10
3.306	1.4635268155080084e-10
3.307	1.4621588038106589e-10
3.308	1.4607933471854816e-10
3.3089999999999997	1.4594304384808897e-10
3.31	1.4580700705719605e-10
3.311	1.456710511692732e-10
3.312	1.4553534858583433e-10
3.3129999999999997	1.4539989859962673e-10
3.314	1.4526470050602828e-10
3.315	1.4512975360303511e-10
3.316	1.4499489013141835e-10
3.3169999999999997	1.4486027707392643e-10
3.318	1.4472591373375375e-10
3.319	1.4459179941667789e-10
3.32	1.4445793343104705e-10
3.3209999999999997	1.4432415224077063e-10
3.322	1.4419061860834244e-10
3.323	1.4405733184725079e-10
3.324	1.4392429127351994e-10
3.3249999999999997	1.4379149620569853e-10
3.326	1.4365878537102994e-10
3.327	1.435263192785907e-10
3.328	1.4339409725198255e-10
3.3289999999999997	1.4326211861729752e-10
3.33	1.4313038270310634e-10
3.331	1.4299873050636365e-10
3.332	1.4286732027604175e-10
3.3329999999999997	1.4273615134568007e-10
3.334	1.4260522305126333e-10
3.335	1.4247453473121052e-10
3.336	1.4234392965798098e-10
3.3369999999999997	1.4221356381434974e-10
3.338	1.4208343654362205e-10
3.339	1.4195354719150477e-10
3.34	1.418238951060949e-10
3.3409999999999997	1.4169433641117305e-10
3.3419999999999996	1.4156501420863624e-10
3.343	1.4143592785154624e-10
3.344	1.4130707669532238e-10
3.3449999999999998	1.4117846009773063e-10
3.3459999999999996	1.4104993113888097e-10
3.347	1.4092163599285784e-10
3.348	1.4079357402223192e-10
3.3489999999999998	1.4066574459188874e-10
3.3499999999999996	1.4053814706901823e-10
3.351	1.4041062737350533e-10
3.352	1.4028333888256594e-10
3.3529999999999998	1.4015628096797782e-10
3.3539999999999996	1.4002945300379264e-10
3.355	1.3990285436632563e-10
3.356	1.3977633050225478e-10
3.3569999999999998	1.3965003528003582e-10
3.3579999999999997	1.3952396808045866e-10
3.359	1.3939812828654703e-10
3.36	1.3927251528354871e-10
3.3609999999999998	1.3914697404122986e-10
3.3619999999999997	1.3902165892263063e-10
3.363	1.3889656931736274e-10
3.364	1.3877170461723297e-10
3.3649999999999998	1.3864706421623304e-10
3.3659999999999997	1.385224926034442e-10
3.367	1.3839814463991361e-10
3.368	1.3827401972388954e-10
3.3689999999999998	1.3815011725577698e-10
3.3699999999999997	1.3802643663812804e-10
3.371	1.3790281779995601e-10
3.372	1.3777942019393768e-10
3.3729999999999998	1.3765624322671793e-10
3.3739999999999997	1.3753328630706171e-10
3.375	1.3741054884584437e-10
3.376	1.3728786948093589e-10
3.377	1.3716540897552446e-10
3.3779999999999997	1.3704316674446524e-10
3.379	1.3692114220469758e-10
3.38	1.3679933477523566e-10
3.381	1.3667758947357022e-10
3.3819999999999997	1.3655606067499498e-10
3.383	1.3643474780250273e-10
3.384	1.3631365028113485e-10
3.385	1.3619276753797213e-10
3.3859999999999997	1.3607194558463193e-10
3.387	1.3595133781308328e-10
3.388	1.3583094365430865e-10
3.389	1.3571076254130418e-10
3.3899999999999997	1.3559079390907098e-10
3.391	1.3547088476305782e-10
3.392	1.3535118751195022e-10
3.393	1.3523170159457554e-10
3.3939999999999997	1.3511242645174102e-10
3.395	1.3499336152622502e-10
3.396	1.3487435481679393e-10
3.397	1.3475555774911619e-10
3.3979999999999997	1.3463696976972319e-10
3.399	1.3451859032709275e-10
3.4	1.3440041887164089e-10
3.401	1.3428230312026381e-10
3.4019999999999997	1.3416439479503456e-10
3.403	1.3404669335003274e-10
3.404	1.3392919824125212e-10
3.405	1.3381190892659207e-10
3.4059999999999997	1.3369467001758051e-10
3.407	1.3357763636578144e-10
3.408	1.3346080743263229e-10
3.409	1.3334418268145269e-10
3.4099999999999997	1.3322776157743662e-10
3.411	1.3311139625021164e-10
3.412	1.3299523401988636e-10
3.413	1.3287927435521505e-10
3.4139999999999997	1.3276351672680315e-10
3.415	1.3264796060709927e-10
3.416	1.3253246016895446e-10
3.417	1.3241716069500727e-10
3.4179999999999997	1.3230206166121421e-10
3.419	1.3218716254535208e-10
3.42	1.3207246282701055e-10
3.421	1.3195781872340765e-10
3.4219999999999997	1.3184337347838934e-10
3.423	1.317291265750017e-10
3.424	1.3161507749808141e-10
3.425	1.3150122573424738e-10
3.4259999999999997	1.3138742954593572e-10
3.427	1.3127383013717524e-10
3.428	1.3116042699799187e-10
3.429	1.3104721962017221e-10
3.4299999999999997	1.3093420749725584e-10
3.431	1.3082125093746644e-10
3.432	1.3070848910427786e-10
3.433	1.3059592149458792e-10
3.4339999999999997	1.3048354760702604e-10
3.435	1.3037136694194578e-10
3.436	1.3025924819497795e-10
3.437	1.3014732212547201e-10
3.4379999999999997	1.3003558823717647e-10
3.439	1.2992404603554245e-10
3.44	1.2981269502771665e-10
3.441	1.2970139957767116e-10
3.4419999999999997	1.2959029480337621e-10
3.443	1.2947938021524134e-10
3.444	1.2936865532535099e-10
3.445	1.2925811964745689e-10
3.4459999999999997	1.2914763766283855e-10
3.447	1.2903734438349749e-10
3.448	1.2892723932637818e-10
3.449	1.2881732201007231e-10
3.4499999999999997	1.2870759195481179e-10
3.451	1.2859791459179523e-10
3.452	1.2848842399137696e-10
3.453	1.2837911967692355e-10
3.4539999999999997	1.2827000117342209e-10
3.455	1.2816106800747326e-10
3.456	1.28052186556981e-10
3.457	1.2794348995368501e-10
3.4579999999999997	1.2783497772726403e-10
3.459	1.2772664940899095e-10
3.46	1.2761850453172634e-10
3.461	1.2751041041678002e-10
3.4619999999999997	1.2740249926040002e-10
3.463	1.272947705984695e-10
3.464	1.2718722396844014e-10
3.465	1.2707985890932541e-10
3.4659999999999997	1.2697254455390531e-10
3.4669999999999996	1.2686541129176029e-10
3.468	1.267584586648837e-10
3.469	1.266516862168121e-10
3.4699999999999998	1.2654509349261862e-10
3.4709999999999996	1.2643855035724125e-10
3.472	1.2633218647639218e-10
3.473	1.2622600139806901e-10
3.4739999999999998	1.2611999467178756e-10
3.4749999999999996	1.2601416584857572e-10
3.476	1.2590838470736239e-10
3.477	1.2580278101071839e-10
3.4779999999999998	1.2569735431253125e-10
3.4789999999999996	1.255921041681827e-10
3.48	1.2548703013454238e-10
3.481	1.253820026751508e-10
3.4819999999999998	1.252771508760269e-10
3.4829999999999997	1.2517247429684652e-10
3.484	1.2506797249875605e-10
3.485	1.249636450443662e-10
3.4859999999999998	1.2485936307763656e-10
3.4869999999999997	1.2475525501206363e-10
3.488	1.2465132041301197e-10
3.489	1.2454755884729361e-10
3.4899999999999998	1.2444396988316145e-10
3.4909999999999997	1.2434042534079217e-10
3.492	1.2423705296520281e-10
3.493	1.241338523273494e-10
3.4939999999999998	1.2403082299961231e-10
3.4949999999999997	1.2392796455579043e-10
3.496	1.2382514931465856e-10
3.497	1.2372250453079271e-10
3.4979999999999998	1.2362002978064257e-10
3.4989999999999997	1.2351772464205995e-10
3.5	1.2341558869429297e-10
3.501	1.2331349374621858e-10
3.502	1.2321156757362824e-10
3.5029999999999997	1.2310980975835765e-10
3.504	1.2300821988362285e-10
3.505	1.2290679753401449e-10
3.506	1.2280541676534292e-10
3.5069999999999997	1.2270420310849107e-10
3.508	1.2260315615060892e-10
3.509	1.2250227548020543e-10
3.51	1.2240156068714264e-10
3.5109999999999997	1.2230088671383685e-10
3.512	1.2220037821096391e-10
3.513	1.221000347709015e-10
3.514	1.2199985598736485e-10
3.5149999999999997	1.2189984145540156e-10
3.516	1.2179986700083017e-10
3.517	1.2170005639718745e-10
3.518	1.2160040924199347e-10
3.5189999999999997	1.2150092513408523e-10
3.52	1.2140160367361165e-10
3.521	1.2130232156716781e-10
3.522	1.2120320171364251e-10
3.5229999999999997	1.2110424371561491e-10
3.524	1.2100544717696107e-10
3.525	1.2090681170284872e-10
3.526	1.2080821487966699e-10
3.5269999999999997	1.2070977873250232e-10
3.528	1.206115028689115e-10
3.529	1.2051338689772853e-10
3.53	1.2041543042905899e-10
3.5309999999999997	1.2031751589106351e-10
3.532	1.2021976046004078e-10
3.533	1.2012216374849261e-10
3.534	1.2002472537017795e-10
3.5349999999999997	1.1992744494010805e-10
3.536	1.1983020373736111e-10
3.537	1.1973312009972544e-10
3.538	1.1963619364454431e-10
3.5389999999999997	1.1953942399039903e-10
3.54	1.1944281075710403e-10
3.541	1.1934702467345863e-10
3.542	1.1925131619704472e-10
3.5429999999999997	1.1915569574436919e-10
3.544	1.1906017184089757e-10
3.545	1.1896475151827444e-10
3.546	1.1886903486990806e-10
3.5469999999999997	1.1877346501778658e-10
3.548	1.1867804198454255e-10
3.549	1.1858276576770269e-10
3.55	1.1848763634183167e-10
3.5509999999999997	1.1839249172800925e-10
3.552	1.1829749651886279e-10
3.553	1.1820265048273605e-10
3.554	8.2477691139261259e-11
3.5549999999999997	8.1493948482761901e-11
3.556	8.0674856795056332e-11
3.557	7.9872066563146663e-11
3.558	7.9085095937717211e-11
3.5589999999999997	7.8313481874599308e-11
3.56	7.7556779226248784e-11
3.561	7.6896639811914289e-11
3.562	7.624764335881969e-11
3.5629999999999997	7.5609510093298644e-11
3.564	7.4981969529898416e-11
3.565	7.4364760089104074e-11
3.566	7.3811288976571999e-11
3.5669999999999997	7.3265995587071941e-11
3.568	7.2728700006808449e-11
3.569	7.2199227561150829e-11
3.57	7.1677408625301763e-11
3.5709999999999997	7.1200875281158785e-11
3.572	7.0730636368667772e-11
3.573	7.0266567993284085e-11
3.574	6.9808549490789275e-11
3.5749999999999997	6.9356463322692489e-11
3.576	6.893821265888941e-11
3.577	6.8524976236142529e-11
3.578	6.8116664421124726e-11
3.5789999999999997	6.7713189704205562e-11
3.58	6.7314466636925043e-11
3.581	6.6941974620795411e-11
3.582	6.6573582369372057e-11
3.5829999999999997	6.6209222568140706e-11
3.584	6.5848829368225214e-11
3.585	6.5492338346715071e-11
3.586	6.5156766039473943e-11
3.5869999999999997	6.4824615040072258e-11
3.588	6.4495833291267059e-11
3.589	6.4170369786595858e-11
3.59	6.3848174543996193e-11
3.5909999999999997	6.354303912071367e-11
3.592	6.3240806357530369e-11
3.593	6.2941435032334567e-11
3.594	6.2644884699890691e-11
3.5949999999999998	6.2351115673624278e-11
3.5959999999999996	6.2071516353668342e-11
3.597	6.1794413437584666e-11
3.598	6.1519773640235793e-11
3.5989999999999998	6.1247564265597004e-11
3.5999999999999996	6.0977753193780869e-11
3.601	6.0719888789527918e-11
3.602	6.0464196129550387e-11
3.6029999999999998	6.021064789312116e-11
3.6039999999999996	5.9959217215862396e-11
3.605	5.9709877680256682e-11
3.606	5.9470737786753913e-11
3.6069999999999998	5.92335057773493e-11
3.6079999999999997	5.8998158910798413e-11
3.609	5.8764674805848939e-11
3.61	5.8533031434145798e-11
3.6109999999999998	5.8310192504310433e-11
3.6119999999999997	5.8089043863065543e-11
3.613	5.7869566351187075e-11
3.614	5.7651741097918041e-11
3.6149999999999998	5.7435549515559387e-11
3.6159999999999997	5.7227029887728789e-11
3.617	5.7020018843030322e-11
3.618	5.6814500069184936e-11
3.6189999999999998	5.6610457488247904e-11
3.6199999999999997	5.6407875252416171e-11
3.621	5.6212033390461312e-11
3.622	5.6017546705758107e-11
3.6229999999999998	5.5824401180568967e-11
3.6239999999999997	5.5632582989821721e-11
3.625	5.5442078497810736e-11
3.626	5.5257539060794059e-11
3.627	5.5074224030548031e-11
3.6279999999999997	5.489212126157992e-11
3.629	5.4711218768503615e-11
3.63	5.4531504723410443e-11
3.631	5.4357104662083759e-11
3.6319999999999997	5.4183816560481013e-11
3.633	5.401162981775843e-11
3.634	5.3840533967396207e-11
3.635	5.3670518675077177e-11
3.6359999999999997	5.3505263228037866e-11
3.637	5.3341022324328512e-11
3.638	5.3177786649748419e-11
3.639	5.3015547003763138e-11
3.6399999999999997	5.2854294297776103e-11
3.641	5.2697327704619172e-11
3.642	5.2541290669105469e-11
3.643	5.2386174958338895e-11
3.6439999999999997	5.2231972436359924e-11
3.645	5.2078675062722967e-11
3.646	5.1929255550976119e-11
3.647	5.1780690988684052e-11
3.6479999999999997	5.1632974058997234e-11
3.649	5.1486097528320855e-11
3.65	5.1340054245134373e-11
3.651	5.1197534506340795e-11
3.6519999999999997	5.1055803845263185e-11
3.653	5.0914855726756937e-11
3.654	5.0774683687644405e-11
3.655	5.0635281335726595e-11
3.6559999999999997	5.049909312949075e-11
3.657	5.0363635539393581e-11
3.658	5.0228902701800618e-11
3.659	5.0094888815655378e-11
3.6599999999999997	4.9961588141647016e-11
3.661	4.9831229868360406e-11
3.662	4.9701550078567925e-11
3.663	4.9572543489003217e-11
3.6639999999999997	4.9444204871111454e-11
3.665	4.9316529050342933e-11
3.666	4.9191555519977617e-11
3.667	4.9067213782032719e-11
3.6679999999999997	4.8943499057633336e-11
3.669	4.8820406615979845e-11
3.67	4.8697931773745041e-11
3.671	4.857794695448122e-11
3.6719999999999997	4.8458551933302144e-11
3.673	4.8339742372047672e-11
3.674	4.8221513974998606e-11
3.675	4.8103862488358587e-11
3.6759999999999997	4.7988511633301775e-11
3.677	4.7873712666956473e-11
3.678	4.7759461638061247e-11
3.679	4.7645754632983604e-11
3.6799999999999997	4.7532587775273268e-11
3.681	4.7421552165611278e-11
3.682	4.7311034102925694e-11
3.683	4.7201029977130365e-11
3.6839999999999997	4.7091536211636852e-11
3.685	4.6982549262966863e-11
3.686	4.6875541499476348e-11
3.687	4.676902007147804e-11
3.6879999999999997	4.6662981670997725e-11
3.689	4.6557423019993644e-11
3.69	4.6452340870018938e-11
3.691	4.6349100910039686e-11
3.6919999999999997	4.6246318832408668e-11
3.693	4.6143991597716244e-11
3.694	4.6042116193394268e-11
3.695	4.5940689633420051e-11
3.6959999999999997	4.5840980936243857e-11
3.697	4.5741704113015403e-11
3.698	4.5642856363898075e-11
3.699	4.5544434913204675e-11
3.6999999999999997	4.5446437009137852e-11
3.701	4.5350044326595253e-11
3.702	4.5254059679711036e-11
3.703	4.5158480483100268e-11
3.7039999999999997	4.5063304173173995e-11
3.705	4.496852820790988e-11
3.706	4.4875256483827982e-11
3.707	4.4782370879010138e-11
3.7079999999999997	4.4689869000767667e-11
3.709	4.4597748476140346e-11
3.71	4.4506006951693595e-11
3.711	4.4415676759359892e-11
3.7119999999999997	4.4325712495897023e-11
3.713	4.4236111942225252e-11
3.714	4.4146872897171474e-11
3.715	4.4057993177288715e-11
3.7159999999999997	4.3970439868267939e-11
3.717	4.3883233846007883e-11
3.718	4.3796373048290151e-11
3.719	4.3709855429191499e-11
3.7199999999999998	4.3623678958923307e-11
3.721	4.3538751091347651e-11
3.722	4.3454153261410589e-11
3.723	4.3369883549007241e-11
3.7239999999999998	4.3285940048898383e-11
3.7249999999999996	4.320232087056688e-11
3.726	4.3119878840803905e-11
3.727	4.3037750856345406e-11
3.7279999999999998	4.2955935126169838e-11
3.7289999999999996	4.2874429872848945e-11
3.73	4.2793233332418931e-11
3.731	4.2713148118632991e-11
3.7319999999999998	4.2633362095191274e-11
3.7329999999999997	4.2553873588602011e-11
3.734	4.2474680937830854e-11
3.735	4.2395782494185297e-11
3.7359999999999998	4.2317934738991002e-11
3.7369999999999997	4.2240372350173589e-11
3.738	4.2163093761503171e-11
3.739	4.2086097418190667e-11
3.7399999999999998	4.2009381776783332e-11
3.7409999999999997	4.0822998427792079e-11
3.742	3.9701783756640186e-11
3.743	3.8640511673318006e-11
3.7439999999999998	3.7634500335866358e-11
3.7449999999999997	3.667954310022365e-11
3.746	3.6265000842609305e-11
3.747	3.5859723958797476e-11
3.7479999999999998	3.5463405248347602e-11
3.7489999999999997	3.5075750942983836e-11
3.75	3.4696479980390667e-11
3.751	3.4399439019748186e-11
3.752	3.4107440897318421e-11
3.7529999999999997	3.3820358276264578e-11
3.754	3.3538068071146662e-11
3.755	3.3260451271963833e-11
3.756	3.3022933429171293e-11
3.7569999999999997	3.2788783833895586e-11
3.758	3.2557931342754103e-11
3.759	3.2330306801923359e-11
3.76	3.2105842978072519e-11
3.7609999999999997	3.1905783755206379e-11
3.762	3.170820232679424e-11
3.763	3.1513052943784904e-11
3.764	3.1320290976495102e-11
3.7649999999999997	3.1129872880582692e-11
3.766	3.0956080180146426e-11
3.767	3.0784217215551985e-11
3.768	3.0614252023544814e-11
3.7689999999999997	3.044615334289393e-11
3.77	3.0279890595223413e-11
3.771	3.0125768371119212e-11
3.772	2.9973207141294925e-11
3.7729999999999997	2.9822183309943555e-11
3.774	2.9672673754435827e-11
3.775	2.9524655813518533e-11
3.776	2.9385934049593394e-11
3.7769999999999997	2.9248509759479939e-11
3.778	2.911236482487171e-11
3.779	2.897748146324525e-11
3.78	2.8843842220116886e-11
3.7809999999999997	2.8717572076734634e-11
3.782	2.8592402664264905e-11
3.783	2.846831965211705e-11
3.784	2.8345308957388341e-11
3.7849999999999997	2.8223356739535947e-11
3.786	2.810740215652265e-11
3.787	2.7992396464974606e-11
3.788	2.7878328064756176e-11
3.7889999999999997	2.7765185544045595e-11
3.79	2.7652957675529006e-11
3.791	2.754571380496495e-11
3.792	2.7439298548541498e-11
3.7929999999999997	2.7333702339850288e-11
3.794	2.7228915759178175e-11
3.795	2.7124929530706316e-11
3.796	2.702515526793334e-11
3.7969999999999997	2.6926112319160132e-11
3.798	2.6827792673293267e-11
3.799	2.6730188435822504e-11
3.8	2.6633291826707526e-11
3.8009999999999997	2.6540004253307262e-11
3.802	2.6447367909622565e-11
3.803	2.6355376000134355e-11
3.804	2.6264021823543176e-11
3.8049999999999997	2.6173298771142004e-11
3.806	2.6085704893551364e-11
3.807	2.5998695359188841e-11
3.808	2.5912264340218054e-11
3.8089999999999997	2.5826406086042962e-11
3.81	2.5741114922032382e-11
3.811	2.565856415455028e-11
3.812	2.55765411687777e-11
3.8129999999999997	2.549504091934819e-11
3.814	2.5414058424999695e-11
3.815	2.5333588767559836e-11
3.816	2.525553960159606e-11
3.8169999999999997	2.5177969875196438e-11
3.818	2.5100875184243544e-11
3.819	2.5024251178396837e-11
3.82	2.4948093560274153e-11
3.8209999999999997	2.4874089955945181e-11
3.822	2.4800524087383699e-11
3.823	2.4727392082192445e-11
3.824	2.4654690113515591e-11
3.8249999999999997	2.4582414399371374e-11
3.826	2.4512068236682936e-11
3.827	2.4442123536751004e-11
3.828	2.4372576872656185e-11
3.8289999999999997	2.4303424856371741e-11
3.83	2.4234664138213344e-11
3.831	2.4167642031492105e-11
3.832	2.4100989607989061e-11
3.8329999999999997	2.4034703817446355e-11
3.834	2.3968781643070965e-11
3.835	2.3903220101077177e-11
3.836	2.3839233289419564e-11
3.8369999999999997	2.3775588137270384e-11
3.838	2.3712281915463967e-11
3.839	2.3649311923824896e-11
3.84	2.3586675490783857e-11
3.8409999999999997	2.3525472095812161e-11
3.842	2.3464585503507956e-11
3.843	2.3404013260457214e-11
3.844	2.3343752938513887e-11
3.8449999999999998	2.328380213447555e-11
3.846	2.322516097731784e-11
3.847	2.3166814458152399e-11
3.848	2.3108760361964833e-11
3.8489999999999998	2.3050996495887831e-11
3.8499999999999996	2.299352068892503e-11
3.851	2.2937246356293796e-11
3.852	2.2881246802723316e-11
3.8529999999999998	2.2825520020558184e-11
3.8539999999999996	2.2770064021653877e-11
3.855	2.2714876837140328e-11
3.856	2.2660795763284732e-11
3.8569999999999998	2.2606971597326352e-11
3.8579999999999997	2.2553402512971809e-11
3.859	2.2500086701197006e-11
3.86	2.2447022370043555e-11
3.8609999999999998	2.2394979633282134e-11
3.8619999999999997	2.2343177657320033e-11
3.863	2.2291614775296664e-11
3.864	2.2240289335702968e-11
3.8649999999999998	2.2189199702204992e-11
3.8659999999999997	2.2139056397299887e-11
3.867	2.208913920977835e-11
3.868	2.2039446613592755e-11
3.8689999999999998	2.1989977096396814e-11
3.8699999999999997	2.1940729159392232e-11
3.871	2.1892360155888164e-11
3.872	2.1844203945149207e-11
3.8729999999999998	2.1796259126028744e-11
3.8739999999999997	2.17485243096545e-11
3.875	2.1700998119294351e-11
3.876	2.165429039437604e-11
3.877	2.160778329857996e-11
3.8779999999999997	2.156147554199806e-11
3.879	2.1515365845756259e-11
3.88	2.1469452941896787e-11
3.881	2.1424304067894017e-11
3.8819999999999997	2.1379344685738793e-11
3.883	2.133457360497065e-11
3.884	2.1289989645080227e-11
3.885	2.1245591635405433e-11
3.8859999999999997	2.1201908338181424e-11
3.887	2.1158404307791283e-11
3.888	2.111507844298602e-11
3.889	2.1071929651518253e-11
3.8899999999999997	2.1028956850050449e-11
3.891	2.0986653992515367e-11
3.892	2.0944520990203057e-11
3.893	2.0902556822154394e-11
3.8939999999999997	2.0860760475576238e-11
3.895	2.0819130945759911e-11
3.896	2.0778130595922667e-11
3.897	2.0737291417524181e-11
3.8979999999999997	2.0696612462086803e-11
3.899	2.0656092788560567e-11
3.9	2.061573146325067e-11
3.901	2.0575962093750835e-11
3.9019999999999997	2.0536345865321097e-11
3.903	2.0496881895104076e-11
3.904	2.0457569307015683e-11
3.905	2.041840723168012e-11
3.9059999999999997	2.037980324257322e-11
3.907	2.0341344950993557e-11
3.908	2.0303031533666676e-11
3.909	2.0264862173509035e-11
3.9099999999999997	2.0226836059569984e-11
3.911	2.018933695704925e-11
3.912	2.0151976638523032e-11
3.913	2.0114754334956097e-11
3.9139999999999997	2.0077669282984603e-11
3.915	2.004072072486394e-11
3.916	2.0004269868382283e-11
3.917	1.9967951367689175e-11
3.9179999999999997	1.9931764503200384e-11
3.919	1.9895708560538491e-11
3.92	1.9859782830485916e-11
3.921	1.9824328182007691e-11
3.9219999999999997	1.9788999898655804e-11
3.923	1.9753797306058595e-11
3.924	1.9718719734634503e-11
3.925	1.968376651954947e-11
3.9259999999999997	1.9649259781776436e-11
3.927	1.9614873816744106e-11
3.928	1.9580607991507676e-11
3.929	1.9546461677537448e-11
3.9299999999999997	1.9512434250680415e-11
3.931	1.9478830514325538e-11
3.932	1.944534232170366e-11
3.933	1.9411969077905848e-11
3.9339999999999997	1.9378710192100258e-11
3.935	1.9345565077497245e-11
3.936	1.9312822509597169e-11
3.937	1.9280190588691905e-11
3.9379999999999997	1.9247668754863242e-11
3.939	1.9215256451964505e-11
3.94	1.9182953127588849e-11
3.941	1.9151032638611497e-11
3.9419999999999997	1.9119218204728431e-11
3.943	1.9087509298267792e-11
3.944	1.9055905395052502e-11
3.945	1.9024405974371301e-11
3.9459999999999997	1.899327056466492e-11
3.947	1.896223690108245e-11
3.948	1.893130448569954e-11
3.949	1.890047282383548e-11
3.9499999999999997	1.8869741424026913e-11
3.951	1.8839357620997134e-11
3.952	1.8809071507847774e-11
3.953	1.8778882614196846e-11
3.9539999999999997	1.8748790472677416e-11
3.955	1.8718794618913472e-11
3.956	1.8689130487103467e-11
3.957	1.8659560225485963e-11
3.9579999999999997	1.8630083389195772e-11
3.959	1.8600699536174291e-11
3.96	1.8571408227147482e-11
3.961	1.8542433791694962e-11
3.9619999999999997	1.8513549625128306e-11
3.963	1.8484755306259052e-11
3.964	1.8456050416515021e-11
3.965	1.8427434539919963e-11
3.9659999999999997	1.8399121628989193e-11
3.967	1.8370895587574533e-11
3.968	1.8342756016489544e-11
3.969	1.8314702518989837e-11
3.9699999999999998	1.8286734700754438e-11
3.971	1.8259056803597876e-11
3.972	1.8231462563614269e-11
3.973	1.8203951602091923e-11
3.9739999999999998	1.8176523542601593e-11
3.975	1.8149178010979288e-11
3.976	1.8122110149790228e-11
3.977	1.8095122906910858e-11
3.9779999999999998	1.8068215922709096e-11
3.9789999999999996	1.8041388839688727e-11
3.98	1.8014641302473595e-11
3.981	1.7988160204609579e-11
3.9819999999999998	1.7961756845649889e-11
3.9829999999999997	1.7935430883776384e-11
3.984	1.7909181979171947e-11
3.985	1.7883009794005906e-11
3.9859999999999998	1.7857092963314274e-11
3.9869999999999997	1.7831251143495958e-11
3.988	1.7805484009366475e-11
3.989	1.7779791237618337e-11
3.9899999999999998	1.7754172506807397e-11
3.9909999999999997	1.7728798791529778e-11
3.992	1.7703497499408392e-11
3.993	1.7678268320813473e-11
3.9939999999999998	1.7653110947877712e-11
3.9949999999999997	1.7628025074483784e-11
3.996	1.7603174533989316e-11
3.997	1.7578393959360622e-11
3.9979999999999998	1.7553683055533239e-11
3.9989999999999997	1.7529041529099528e-11
4.	1.7504469088297051e-11
4.001	1.7480122833649123e-11
4.002	1.7455844209369131e-11
4.003	1.7431632934046845e-11
4.0040000000000004	1.7407488727831208e-11
4.005	1.7383411312419468e-11
4.006	1.7359551433881161e-11
4.007	1.7335756964078986e-11
4.008	1.7312027634416817e-11
4.009	1.7288363177767215e-11
4.01	1.7264763328461321e-11
4.011	1.7241372829166218e-11
4.012	1.721804562355336e-11
4.013	1.7194781455064853e-11
4.014	1.7171580068527602e-11
4.015	1.7148441210143899e-11
4.016	1.7125503804936723e-11
4.0169999999999995	1.7102627678974454e-11
4.018	1.7079812587015516e-11
4.019	1.7057058285125252e-11
4.02	1.7034364530667202e-11
4.021	1.7011864835781328e-11
4.022	1.6989424499551689e-11
4.023	1.696704328738788e-11
4.024	1.6944720965934007e-11
4.0249999999999995	1.6922457303060647e-11
4.026	1.6900380947033843e-11
4.027	1.6878362115811815e-11
4.028	1.685640058484683e-11
4.029	1.6834496130758274e-11
4.03	1.6812648531325183e-11
4.031	1.6790981642685498e-11
4.032	1.6769370527512262e-11
4.0329999999999995	1.6747814970729809e-11
4.034	1.6726314758366797e-11
4.035	1.6704869677549301e-11
4.036	1.6683599037872284e-11
4.037	1.6662382497958094e-11
4.038	1.6641219851672823e-11
4.039	1.6620110893928455e-11
4.04	1.65990554206762e-11
4.0409999999999995	1.6578168424484835e-11
4.042	1.6557333927465709e-11
4.043	1.6536551731933377e-11
4.044	1.6515821641193662e-11
4.045	1.6495143459537396e-11
4.046	1.6474628077238308e-11
4.047	1.6454163662438008e-11
4.048	1.6433750025440041e-11
4.0489999999999995	1.6413386977488217e-11
4.05	1.6393074330760687e-11
4.051	1.6372919074343739e-11
4.052	1.6352813318771122e-11
4.053	1.6332756881907064e-11
4.054	1.63127495825083e-11
4.055	1.6292791240218554e-11
4.056	1.6272985462233066e-11
4.0569999999999995	1.625322777822566e-11
4.058	1.623351801323026e-11
4.059	1.6213855993128505e-11
4.06	1.6194241544644596e-11
4.061	1.617477438199771e-11
4.062	1.6155353966264611e-11
4.063	1.613598012926569e-11
4.064	1.6116652703627072e-11
4.0649999999999995	1.6097371522775894e-11
4.066	1.6078232889171057e-11
4.067	1.6059139710480806e-11
4.068	1.6040091824961744e-11
4.069	1.6021089071636896e-11
4.07	1.600213129029128e-11
4.071	1.5983311534260711e-11
4.072	1.596453599323534e-11
4.0729999999999995	1.5945804511580382e-11
4.074	1.5927116934390567e-11
4.075	1.5908473107485985e-11
4.076	1.5889962982419256e-11
4.077	1.5871495881787829e-11
4.078	1.5853071655758611e-11
4.079	1.5834690155193408e-11
4.08	1.5816351231644884e-11
4.0809999999999995	1.5798141873654472e-11
4.082	1.5779974396298061e-11
4.083	1.5761848655256508e-11
4.084	1.5743764506873009e-11
4.085	1.5725721808149234e-11
4.086	1.5707804715427063e-11
4.087	1.5689928403900877e-11
4.088	1.5672092734495447e-11
4.0889999999999995	1.565429756876728e-11
4.09	1.5636542768900893e-11
4.091	1.5618909685929119e-11
4.092	1.5601316327260713e-11
4.093	1.5583762558808635e-11
4.094	1.5566248247088704e-11
4.095	1.5548773259216128e-11
4.096	1.5531416355037483e-11
4.0969999999999995	1.5514098158247203e-11
4.098	1.5496818539508269e-11
4.099	1.5479577370059286e-11
4.1	1.546237452171125e-11
4.101	1.5445286396833416e-11
4.102	1.542823599988174e-11
4.103	1.5411223206047915e-11
4.104	1.5394247891073478e-11
4.1049999999999995	1.5377309931246916e-11
4.106	1.5360483371760704e-11
4.107	1.5343693596813111e-11
4.108	1.5326940485913843e-11
4.109	1.531022391909823e-11
4.109999999999999	1.529354377692444e-11
4.111	1.5276971845760573e-11
4.112	1.5260435790080305e-11
4.1129999999999995	1.5243935493512908e-11
4.114	1.5227470840190346e-11
4.115	1.52110417147447e-11
4.116	1.5194717737850703e-11
4.117	1.5178428760079589e-11
4.117999999999999	1.5162174668993081e-11
4.119	1.5145955352633966e-11
4.12	1.5129770699523596e-11
4.1209999999999996	1.5113688252890555e-11
4.122	1.5097639960172403e-11
4.123	1.5081625712686746e-11
4.124	1.5065645402211838e-11
4.125	1.5049698920984082e-11
4.1259999999999994	1.5033851818461504e-11
4.127	1.5018038054346692e-11
4.128	1.5002257523546482e-11
4.129	1.4986510121408962e-11
4.13	1.4970795743721124e-11
4.131	1.4955178113946357e-11
4.132	1.4939593035036666e-11
4.133	1.4924040405332327e-11
4.1339999999999995	1.4908520123596537e-11
4.135	1.489303208901314e-11
4.136	1.4877638098736958e-11
4.137	1.4862275899199179e-11
4.138	1.4846945392022887e-11
4.139	1.4831646479236693e-11
4.14	1.4816379063272613e-11
4.141	1.4801203154381626e-11
4.1419999999999995	1.478605830200645e-11
4.143	1.4770944410911782e-11
4.144	1.4755861386251345e-11
4.145	1.4740809133565872e-11
4.146	1.4725845953710214e-11
4.147	1.4710913120860006e-11
4.148	1.4696010542788091e-11
4.149	1.4681138127640614e-11
4.1499999999999995	1.4666295783935216e-11
4.151	1.4651540167933914e-11
4.152	1.463681421305124e-11
4.153	1.4622117829941707e-11
4.154	1.4607450929618265e-11
4.155	1.459281342345058e-11
4.156	1.4578260384780462e-11
4.157	1.45637363439362e-11
4.1579999999999995	1.4549241214334149e-11
4.159	1.4534774909734976e-11
4.16	1.4520337344242032e-11
4.161	1.4505982067002916e-11
4.162	1.4491655145916887e-11
4.163	1.4477356497048473e-11
4.164	1.4463086036793157e-11
4.165	1.4448843681875691e-11
4.1659999999999995	1.4434681515756555e-11
4.167	1.4420547084805503e-11
4.168	1.4406440307627472e-11
4.169	1.4392361103145585e-11
4.17	1.4378309390599559e-11
4.171	1.4364335842857331e-11
4.172	1.4350389429105925e-11
4.173	1.4336470070388353e-11
4.1739999999999995	1.4322577688053708e-11
4.175	1.430871220375561e-11
4.176	1.4294922918301547e-11
4.177	1.4281160184688803e-11
4.178	1.426742392630111e-11
4.179	1.4253714066816725e-11
4.18	1.4240030530206977e-11
4.181	1.4226421300803697e-11
4.1819999999999995	1.4212838059306404e-11
4.183	1.4199280731347123e-11
4.184	1.4185749242841392e-11
4.185	1.4172243519986883e-11
4.186	1.4158810276986914e-11
4.187	1.4145402475426293e-11
4.188	1.4132020043097474e-11
4.189	1.411866290806586e-11
4.1899999999999995	1.4105330998668617e-11
4.191	1.4092069803250203e-11
4.192	1.4078833519565415e-11
4.193	1.4065622077483464e-11
4.194	1.4052435407136526e-11
4.195	1.4039273438918578e-11
4.196	1.4026180477620726e-11
4.197	1.4013111914439258e-11
4.1979999999999995	1.4000067681240575e-11
4.199	1.398704771014447e-11
4.2	1.397405193352307e-11
4.201	1.3961123513061342e-11
4.202	1.3948218992548177e-11
4.203	1.3935338305771328e-11
4.204	1.3922481386762879e-11
4.205	1.3909648169798123e-11
4.2059999999999995	1.3896880616428717e-11
4.207	1.3884136480032658e-11
4.208	1.387141569624537e-11
4.209	1.385871820093794e-11
4.21	1.3846043930216014e-11
4.211	1.3833433803272416e-11
4.212	1.3820846624488276e-11
4.213	1.3808282331278247e-11
4.2139999999999995	1.37957408612844e-11
4.215	1.3783222152375101e-11
4.216	1.3770766187809633e-11
4.217	1.375833271594833e-11
4.218	1.3745921675920893e-11
4.219	1.3733533007076494e-11
4.22	1.3721166648982756e-11
4.221	1.3708861604216652e-11
4.2219999999999995	1.369657860982938e-11
4.223	1.3684317606603263e-11
4.224	1.3672078535532507e-11
4.225	1.3659861337822228e-11
4.226	1.3647704067820907e-11
4.227	1.3635568418506058e-11
4.228	1.3623454332253064e-11
4.229	1.3611361751641864e-11
4.2299999999999995	1.3599290619456149e-11
4.231	1.3587278072924365e-11
4.232	1.3575286729545933e-11
4.233	1.3563316533232344e-11
4.234	1.3551367428092713e-11
4.234999999999999	1.3539439358432979e-11
4.236	1.3527568574192447e-11
4.237	1.3515718587279553e-11
4.2379999999999995	1.350388934308752e-11
4.239	1.3492080787200541e-11
4.24	1.3480292865393008e-11
4.241	1.3468560968932156e-11
4.242	1.3456849475249525e-11
4.242999999999999	1.3445158331168095e-11
4.244	1.3433487483695441e-11
4.245	1.3421836880023003e-11
4.2459999999999996	1.3410241154923877e-11
4.247	1.3398665448660509e-11
4.248	1.3387109709436908e-11
4.249	1.3375573885635609e-11
4.25	1.3364057925816888e-11
4.2509999999999994	1.3352595602223974e-11
4.252	1.3341152924201422e-11
4.253	1.3329729841285914e-11
4.254	1.3318326303186822e-11
4.255	1.330694225978543e-11
4.256	1.329561067068295e-11
4.257	1.3284298364096069e-11
4.258	1.3273005290848178e-11
4.2589999999999995	1.3261731401929776e-11
4.26	1.3250476648497698e-11
4.261	1.3239273225357283e-11
4.262	1.3228088731445965e-11
4.263	1.3216923118830167e-11
4.264	1.3205776339738046e-11
4.265	1.3194648346558783e-11
4.266	1.3183570592715581e-11
4.2669999999999995	1.3172511424238956e-11
4.268	1.3161470794396542e-11
4.269	1.3150448656612538e-11
4.27	1.3139444964467037e-11
4.271	1.3128490452511842e-11
4.272	1.3117554191155406e-11
4.273	1.31066361348265e-11
4.274	1.3095736238105457e-11
4.2749999999999995	1.3084854455723617e-11
4.276	1.3074020825011351e-11
4.277	1.3063205118909633e-11
4.278	1.3052407292969927e-11
4.279	1.3041627302890507e-11
4.28	1.3030865104515914e-11
4.281	1.3020150058784246e-11
4.282	1.3009452620152888e-11
4.2829999999999995	1.2998772745259172e-11
4.284	1.2988110390882657e-11
4.285	1.2977465513944631e-11
4.286	1.2966866931628626e-11
4.287	1.295628564672449e-11
4.288	1.2945721616921412e-11
4.289	1.2935174800046459e-11
4.29	1.292464515406399e-11
4.2909999999999995	1.2914160748954838e-11
4.292	1.2903693339848691e-11
4.293	1.2893242885451345e-11
4.294	1.2882809344602263e-11
4.295	1.2872392676274003e-11
4.296	1.286202030767726e-11
4.297	1.2851664641400243e-11
4.298	1.284132563713251e-11
4.2989999999999995	1.2831003254693263e-11
4.3	1.2820697454030767e-11
4.301	1.2810435049759833e-11
4.302	1.2800189061554829e-11
4.303	1.2789959450057729e-11
4.304	1.2779746176036249e-11
4.305	1.2769549200383319e-11
4.306	1.2759394742402796e-11
4.3069999999999995	1.2749256421418826e-11
4.308	1.2739134198995676e-11
4.309	1.27290280368196e-11
4.31	1.2718937896698344e-11
4.311	1.2708889419286064e-11
4.312	1.2698856806750268e-11
4.313	1.2688840021548597e-11
4.314	1.2678839026257023e-11
4.3149999999999995	1.2668853783569446e-11
4.316	1.2658909371555138e-11
4.317	1.2648980559020971e-11
4.318	1.263906730929011e-11
4.319	1.2629169585800585e-11
4.32	1.2619287352104893e-11
4.321	1.2609445139181725e-11
4.322	1.2599618266849473e-11
4.3229999999999995	1.2589806699270115e-11
4.324	1.2580010400717123e-11
4.325	1.2570229335575112e-11
4.326	1.2560487382660204e-11
4.327	1.2550760518117819e-11
4.328	1.254104870692169e-11
4.329	1.2531351914153898e-11
4.33	1.2521670105004399e-11
4.3309999999999995	1.2512026767479654e-11
4.332	1.2502398271808315e-11
4.333	1.2492784583752572e-11
4.334	1.2483185669179844e-11
4.335	1.247360149406235e-11
4.336	1.2464055057838302e-11
4.337	1.2454523222810226e-11
4.338	1.2445005955505091e-11
4.3389999999999995	1.2435503222552128e-11
4.34	1.2426014990682393e-11
4.341	1.2416563780718638e-11
4.342	1.2407126936982633e-11
4.343	1.2397704426743357e-11
4.344	1.238829621736916e-11
4.345	1.2378902276327377e-11
4.346	1.236954465878646e-11
4.3469999999999995	1.2360201178018072e-11
4.348	1.235087180201125e-11
4.349	1.2341556498851621e-11
4.35	1.2332255236721026e-11
4.351	1.2322989617655283e-11
4.352	1.2313737911250328e-11
4.353	1.2304500086194144e-11
4.354	1.2295276111268571e-11
4.3549999999999995	1.2286065955349016e-11
4.356	1.2276890779438781e-11
4.357	1.2267729297258031e-11
4.358	1.2258581478173284e-11
4.359	1.2249447291642349e-11
4.36	1.2240326707214016e-11
4.361	1.2231240456554883e-11
4.362	1.2222167685717397e-11
4.3629999999999995	1.2213108364727019e-11
4.364	1.2204062463697977e-11
4.365	1.2195029952832999e-11
4.366	1.2186031240710248e-11
4.367	1.2177045799093825e-11
4.367999999999999	1.216807359865012e-11
4.369	1.2159114610131879e-11
4.37	1.2150168804377942e-11
4.3709999999999996	1.2141256083046461e-11
4.372	1.2132356427932409e-11
4.373	1.2123469810323862e-11
4.374	1.2114596201592951e-11
4.375	1.2105735573195537e-11
4.3759999999999994	1.2096907417955305e-11
4.377	1.2088092129265884e-11
4.378	1.2079289679019335e-11
4.379	1.2070500039189523e-11
4.38	1.2061723181831803e-11
4.381	1.2052978204332483e-11
4.382	1.2044245898194458e-11
4.383	1.2035526235896682e-11
4.3839999999999995	1.2026819189997795e-11
4.385	1.2018124733135748e-11
4.386	1.2009461577178701e-11
4.387	1.2000810901739622e-11
4.388	1.199217267986795e-11
4.389	1.1983546884690679e-11
4.39	1.1974933489412075e-11
4.391	1.196635082998374e-11
4.3919999999999995	1.1957780464450116e-11
4.393	1.1949222366415233e-11
4.394	1.1940676509558651e-11
4.395	1.1932142867635171e-11
4.396	1.192363940997615e-11
4.397	1.1915148063687018e-11
4.398	1.1906668802911075e-11
4.399	1.1898201601865166e-11
4.3999999999999995	1.1889746434839443e-11
4.401	1.1881320913547705e-11
4.402	1.1872907325082173e-11
4.403	1.18645056441106e-11
4.404	1.185611584537239e-11
4.405	1.184773790367835e-11
4.406	1.1839388843476413e-11
4.407	1.1831051542096154e-11
4.4079999999999995	1.1822725974713374e-11
4.409	1.1814412116573665e-11
4.41	1.1806109942992228e-11
4.411	1.1797836366423735e-11
4.412	1.1789574377775856e-11
4.413	1.1781323952720686e-11
4.414	1.1773085066998362e-11
4.415	1.1764857696416818e-11
4.4159999999999995	1.175665847519224e-11
4.417	1.1748470674489812e-11
4.418	1.1740294270465038e-11
4.419	1.1732129239339766e-11
4.42	1.1723975557401905e-11
4.421	1.1715849559057939e-11
4.422	1.1707734817324532e-11
4.423	1.1699631308827886e-11
4.4239999999999995	1.1691539010258887e-11
4.425	1.1683457898372848e-11
4.426	1.1675404015431759e-11
4.427	1.1667361228580158e-11
4.428	1.1659329514902661e-11
4.429	1.1651308851546968e-11
4.43	1.1643299215723614e-11
4.431	1.1635316364983206e-11
4.4319999999999995	1.1627344453108688e-11
4.433	1.161938345763122e-11
4.434	1.1611433356143473e-11
4.435	1.1603494126299409e-11
4.436	1.1595581248147793e-11
4.437	1.1587679154846047e-11
4.438	1.1579787824360387e-11
4.439	1.1571907234716996e-11
4.4399999999999995	1.1564037364001857e-11
4.441	1.1556193421755971e-11
4.442	1.1548360113464641e-11
4.443	1.1540537417518e-11
4.444	1.1532725312364674e-11
4.445	1.152492377651163e-11
4.446	1.1517148027477782e-11
4.447	1.1509382763807378e-11
4.4479999999999995	1.1501627964305927e-11
4.449	1.1493883607835989e-11
4.45	1.148614967331704e-11
4.451	1.1478440924270878e-11
4.452	1.1470742515496821e-11
4.453	1.1463054426203651e-11
4.454	1.1455376635655848e-11
4.455	1.1447709123173396e-11
4.4559999999999995	1.1440066272447128e-11
4.457	1.1432433620127218e-11
4.458	1.1424811145814571e-11
4.459	1.141719882916448e-11
4.46	1.1409596649886386e-11
4.461	1.1402018714154234e-11
4.462	1.1394450837847833e-11
4.463	1.138689300095018e-11
4.4639999999999995	1.1379345183497393e-11
4.465	1.1371807365578443e-11
4.466	1.1364293381902267e-11
4.467	1.1356789321480565e-11
4.468	1.1349295164668743e-11
4.469	1.1341810891874059e-11
4.47	1.1334336483555411e-11
4.471	1.1326885508833854e-11
4.4719999999999995	1.1319444323931502e-11
4.473	1.1312012909566776e-11
4.474	1.1304591246508718e-11
4.475	1.1297179315576809e-11
4.476	1.1289790426012716e-11
4.477	1.1282411195497604e-11
4.478	1.127504160510381e-11
4.479	1.1267681635953079e-11
4.4799999999999995	1.1260331269216442e-11
4.481	1.125300355980183e-11
4.482	1.1245685381262329e-11
4.483	1.1238376715015359e-11
4.484	1.1231077542526591e-11
4.485	1.1223787845309838e-11
4.486	1.1216520271494444e-11
4.487	1.1209262103318529e-11
4.4879999999999995	1.1202013322534859e-11
4.489	1.1194773910943323e-11
4.49	1.118754385039087e-11
4.491	1.1180335564295441e-11
4.492	1.1173136561011771e-11
4.492999999999999	1.1165946822619843e-11
4.494	1.1158766331245708e-11
4.495	1.1151595069061383e-11
4.4959999999999996	1.1144445398054381e-11
4.497	1.1137304888973149e-11
4.498	1.1130173524218176e-11
4.499	1.1123051286235012e-11
4.5	1.1115938157514083e-11
4.5009999999999994	1.1108846293479037e-11
4.502	1.110176347275959e-11
4.503	1.1094689678069151e-11
4.504	1.1087624892165174e-11
4.505	1.1080569097848965e-11
4.506	1.1073534248780779e-11
4.507	1.1066508326637055e-11
4.508	1.1059491314436724e-11
4.5089999999999995	1.1052483195241781e-11
4.51	1.1045483952157103e-11
4.511	1.1038505341748548e-11
4.512	1.1031535544037253e-11
4.513	1.1024574542340521e-11
4.514	1.1017622320017763e-11
4.515	1.1010678860470326e-11
4.516	1.1003755727711477e-11
4.5169999999999995	1.0996841295533255e-11
4.518	1.0989935547544392e-11
4.519	1.0983038467394783e-11
4.52	1.0976150038775341e-11
4.521	1.0969281637565609e-11
4.522	1.0962421826878679e-11
4.523	1.0955570590607977e-11
4.524	1.0948727912687158e-11
4.5249999999999995	1.0941893777090008e-11
4.526	1.0935079441788521e-11
4.527	1.0928273588796567e-11
4.528	1.0921476202286164e-11
4.529	1.0914687266468664e-11
4.53	1.0907906765594669e-11
4.531	1.0901145961459771e-11
4.532	1.0894393532929944e-11
4.5329999999999995	1.0887649464450688e-11
4.534	1.0880913740505973e-11
4.535	1.0874186345618156e-11
4.536	1.0867478085871272e-11
4.537	1.0860778097640737e-11
4.538	1.0854086365637383e-11
4.539	1.0847402874609698e-11
4.54	1.0840727609343701e-11
4.5409999999999995	1.0834071176602982e-11
4.542	1.082742291322303e-11
4.543	1.0820782804173834e-11
4.544	1.0814150834462231e-11
4.545	1.0807526989131771e-11
4.546	1.0800921679488953e-11
4.547	1.0794324438938378e-11
4.548	1.0787735252703167e-11
4.5489999999999995	1.078115410604253e-11
4.55	1.0774580984251599e-11
4.551	1.0768026106941354e-11
4.552	1.0761479200297117e-11
4.553	1.0754940249789337e-11
4.554	1.0748409240923773e-11
4.555	1.0741886159241357e-11
4.556	1.0735381036320568e-11
4.5569999999999995	1.0728883787438437e-11
4.558	1.0722394398307067e-11
4.559	1.071591285467312e-11
4.56	1.0709439142317703e-11
4.561	1.0702983108354365e-11
4.562	1.0696534853559049e-11
4.563	1.0690094363880013e-11
4.564	1.0683661625299335e-11
4.5649999999999995	1.067723662383282e-11
4.566	1.0670829025604191e-11
4.567	1.0664429113388722e-11
4.568	1.0658036873365477e-11
4.569	1.0651652291746606e-11
4.57	1.0645275354777309e-11
4.571	1.0638915228367772e-11
4.572	1.0632562697262823e-11
4.5729999999999995	1.0626217747865049e-11
4.574	1.0619880366609449e-11
4.575	1.0613550539963384e-11
4.576	1.0607237537506598e-11
4.577	1.0600932040607643e-11
4.578	1.0594634035889386e-11
4.579	1.0588343510006473e-11
4.58	1.0582060449645197e-11
4.5809999999999995	1.0575794055452113e-11
4.582	1.0569535078426395e-11
4.583	1.0563283505406928e-11
4.584	1.055703932326372e-11
4.585	1.0550802518897794e-11
4.586	1.0544582158321167e-11
4.587	1.0538369128009174e-11
4.588	1.0532163415012121e-11
4.5889999999999995	1.0525965006410818e-11
4.59	1.0519773889316452e-11
4.591	1.0513598998168319e-11
4.592	1.0507431351836121e-11
4.593	1.0501270937577126e-11
4.594	1.0495117742678502e-11
4.595	1.0488971754457174e-11
4.596	1.0482841778765522e-11
4.5969999999999995	1.0476718963862392e-11
4.598	1.0470603297207685e-11
4.599	1.0464494766290583e-11
4.6	1.0458393358629441e-11
4.601	1.0452307754401823e-11
4.602	1.0446229228324767e-11
4.603	1.0440157768056584e-11
4.604	1.0434093361284253e-11
4.6049999999999995	1.0428035995723357e-11
4.606	1.0421994228717238e-11
4.607	1.0415959458582214e-11
4.608	1.0409931673170884e-11
4.609	1.0403910860363928e-11
4.61	1.0397897008070074e-11
4.611	1.0391898659985304e-11
4.612	1.0385907228575202e-11
4.6129999999999995	1.0379922701883273e-11
4.614	1.0373945067980564e-11
4.615	1.0367974314965575e-11
4.616	1.0362018939703224e-11
4.617	1.0356070402060859e-11
4.618	1.0350128690269398e-11
4.619	1.034419379258675e-11
4.62	1.0338265697297729e-11
4.6209999999999996	1.0332352578900215e-11
4.622	1.0326446220820708e-11
4.623	1.0320546611472486e-11
4.624	1.0314653739295293e-11
4.625	1.0308767592755243e-11
4.6259999999999994	1.0302896209971435e-11
4.627	1.0297031511500252e-11
4.628	1.0291173485933499e-11
4.629	1.0285322121888923e-11
4.63	1.0279477408010126e-11
4.631	1.0273647248538959e-11
4.632	1.0267823698643494e-11
4.633	1.0262006747090305e-11
4.6339999999999995	1.0256196382671423e-11
4.635	1.025039259420423e-11
4.636	1.0244603154494676e-11
4.637	1.0238820250864934e-11
4.638	1.0233043872252722e-11
4.639	1.0227274007620726e-11
4.64	1.0221510645956505e-11
4.641	1.021576143101296e-11
4.6419999999999995	1.0210018679867723e-11
4.643	1.0204282381626113e-11
4.644	1.0198552525417925e-11
4.645	1.0192829100397366e-11
4.646	1.0187119623590405e-11
4.647	1.0181416539488665e-11
4.648	1.0175719837361621e-11
4.649	1.0170029506502731e-11
4.6499999999999995	1.0164345536229415e-11
4.651	1.0158675319111641e-11
4.652	1.0153011424769161e-11
4.653	1.0147353842632222e-11
4.654	1.0141702562154602e-11
4.655	1.0136057572813572e-11
4.656	1.0130426060476212e-11
4.657	1.0124800802310308e-11
4.6579999999999995	1.0119181787903131e-11
4.659	1.0113569006865046e-11
4.66	1.0107962448829466e-11
4.661	1.0102369252627538e-11
4.662	1.0096782242942958e-11
4.663	1.0091201409517239e-11
4.664	1.0085626742114561e-11
4.665	1.0080058230521698e-11
4.6659999999999995	1.0074502921518382e-11
4.667	1.0068953732412081e-11
4.668	1.0063410653095571e-11
4.669	1.0057873673483872e-11
4.67	1.0052342783514173e-11
4.671	1.0046824922451702e-11
4.672	1.0041313115716647e-11
4.673	1.0035807353350038e-11
4.6739999999999995	1.0030307625414749e-11
4.675	1.0024813921995412e-11
4.676	1.0019333076866541e-11
4.677	1.0013858221524424e-11
4.678	1.0008389346155426e-11
4.679	1.0002926440967361e-11
4.68	9.9974694961894123e-12
4.681	9.9920252420827493e-12
4.6819999999999995	9.9865869142298863e-12
4.683	9.9811545029596828e-12
4.684	9.9757279986220528e-12
4.685	9.970307391587882e-12
4.686	9.9648993105372919e-12
4.687	9.9594970931945679e-12
4.688	9.9541007300283031e-12
4.689	9.9487102115277187e-12
4.6899999999999995	9.9433255282026475e-12
4.691	9.9379532090405601e-12
4.692	9.9325866920072804e-12
4.693	9.9272259677083952e-12
4.694	9.9218710267697511e-12
4.695	9.9165218598374249e-12
4.696	9.9111849139113638e-12
4.697	9.9058537094481397e-12
4.6979999999999995	9.9005282371877791e-12
4.699	9.8952084878901963e-12
4.7	9.8898944523351677e-12
4.701	9.8845925228936054e-12
4.702	9.8792962750888064e-12
4.703	9.8740056997928633e-12
4.704	9.8687207878974062e-12
4.705	9.8634415303135408e-12
4.7059999999999995	9.8581741612149145e-12
4.707	9.8529124149748558e-12
4.708	9.8476562825946638e-12
4.709	9.842405755094831e-12
4.71	9.837160823514967e-12
4.711	9.8319276235005416e-12
4.712	9.8266999884700697e-12
4.713	9.8214779095515594e-12
4.7139999999999995	9.8162613778918775e-12
4.715	9.8110503846566786e-12
4.716	9.805850968643884e-12
4.717	9.8006570606259855e-12
4.718	9.7954686518552733e-12
4.719	9.790285733602572e-12
4.72	9.7851082971571655e-12
4.721	9.779942286112773e-12
4.7219999999999995	9.7747817269422078e-12
4.723	9.769626611019679e-12
4.724	9.7644769297376001e-12
4.725	9.7593326745065178e-12
4.726	9.7541996953230203e-12
4.727	9.7490721127431319e-12
4.728	9.7439499182606767e-12
4.729	9.7388331033873371e-12
4.7299999999999995	9.7337216596526254e-12
4.731	9.7286213450277194e-12
4.732	9.7235263725703417e-12
4.733	9.7184367338916613e-12
4.734	9.7133524206203842e-12
4.735	9.7082734244027358e-12
4.736	9.7032054127218132e-12
4.737	9.6981426895901598e-12
4.7379999999999995	9.693085246734076e-12
4.739	9.6880330758970923e-12
4.74	9.6829861688399617e-12
4.741	9.6779500707518855e-12
4.742	9.6729192084659616e-12
4.743	9.6678935738213051e-12
4.744	9.6628731586739708e-12
4.745	9.6578579548969139e-12
4.7459999999999996	9.6528534246181515e-12
4.747	9.6478540781704377e-12
4.748	9.6428599075036137e-12
4.749	9.6378709045841789e-12
4.75	9.6328870613952394e-12
4.7509999999999994	9.6279137900401906e-12
4.752	9.6229456512409331e-12
4.753	9.6179826370561599e-12
4.754	9.6130247395609363e-12
4.755	9.6080719508466434e-12
4.756	9.6031296034331694e-12
4.757	9.5981923380464611e-12
4.758	9.5932601468520535e-12
4.7589999999999995	9.5883330220316033e-12
4.76	9.5834109557827942e-12
4.761	9.5784992024260743e-12
4.762	9.5735924812990329e-12
4.763	9.5686907846721293e-12
4.764	9.5637941048316604e-12
4.765	9.5589024340797008e-12
4.766	9.5540209498919429e-12
4.7669999999999995	9.549144448854808e-12
4.768	9.5442729233417781e-12
4.769	9.5394063657419046e-12
4.77	9.5345447684597501e-12
4.771	9.5296932334523607e-12
4.772	9.5248466332209638e-12
4.773	9.5200049602402192e-12
4.774	9.515168207000078e-12
4.7749999999999995	9.5103363660057526e-12
4.776	9.5055144649938394e-12
4.777	9.5006974510744412e-12
4.778	9.495885316821578e-12
4.779	9.4910780548242899e-12
4.78	9.486275657686637e-12
4.781	9.4814830801958105e-12
4.782	9.4766953427921932e-12
4.7829999999999995	9.4719124381473932e-12
4.784	9.4671343589477895e-12
4.785	9.4623610978945167e-12
4.786	9.4575975247898466e-12
4.787	9.4528387454593173e-12
4.788	9.4480847526703181e-12
4.789	9.443335539204784e-12
4.79	9.4385910978591478e-12
4.7909999999999995	9.4338562374657611e-12
4.792	9.4291261251670651e-12
4.793	9.4244007538245929e-12
4.794	9.4196801163141853e-12
4.795	9.4149642055259309e-12
4.796	9.4102577670441097e-12
4.797	9.4055560316063837e-12
4.798	9.4008589921667864e-12
4.7989999999999995	9.3961666416934394e-12
4.8	9.3914789731684712e-12
4.801	9.3868006654456406e-12
4.802	9.3821270163428231e-12
4.803	9.3774580189049451e-12
4.804	9.3727936661907949e-12
4.805	9.3681339512729545e-12
4.806	9.3634834874214473e-12
4.8069999999999995	9.3588376383808847e-12
4.808	9.354196397285519e-12
4.809	9.3495597572832266e-12
4.81	9.3449277115354615e-12
4.811	9.3403048088519619e-12
4.812	9.3356864777741172e-12
4.813	9.3310727115239625e-12
4.814	9.3264635033369183e-12
4.8149999999999995	9.3218588464617803e-12
4.816	9.317263226348651e-12
4.817	9.3126721352286814e-12
4.818	9.3080855664101676e-12
4.819	9.3035035132145812e-12
4.82	9.2989259689765458e-12
4.821	9.294357356864957e-12
4.822	9.2897932317160704e-12
4.8229999999999995	9.2852335869229862e-12
4.824	9.2806784158917421e-12
4.825	9.2761277120413278e-12
4.826	9.2715858373161305e-12
4.827	9.2670484080947439e-12
4.828	9.2625154178535967e-12
4.829	9.2579868600818777e-12
4.83	9.2534627282814853e-12
4.8309999999999995	9.248947297231753e-12
4.832	9.2444362708408337e-12
4.833	9.2399296426669663e-12
4.834	9.2354274062809477e-12
4.835	9.2309295552660857e-12
4.836	9.2264403304161648e-12
4.837	9.2219554698815472e-12
4.838	9.2174749673009974e-12
4.8389999999999995	9.2129988163256539e-12
4.84	9.2085270106189578e-12
4.841	9.2040637387444431e-12
4.842	9.1996047913715813e-12
4.843	9.1951501622183346e-12
4.844	9.1906998450148469e-12
4.845	9.1862538335033902e-12
4.846	9.1818162613830546e-12
4.8469999999999995	9.1773829744781556e-12
4.848	9.1729539665845479e-12
4.849	9.168529231510064e-12
4.85	9.1641087630744821e-12
4.851	9.1596966410717194e-12
4.852	9.1552887655162975e-12
4.853	9.1508851302806774e-12
4.854	9.146485729249096e-12
4.8549999999999995	9.142090556317555e-12
4.856	9.13770363831528e-12
4.857	9.1333209285012667e-12
4.858	9.128942420823306e-12
4.859	9.1245681092407871e-12
4.86	9.1201979877246748e-12
4.861	9.1158360310616936e-12
4.862	9.1114782448279774e-12
4.8629999999999995	9.1071246230454222e-12
4.864	9.1027751597473353e-12
4.865	9.0984298489784218e-12
4.866	9.0940926143871621e-12
4.867	9.0897595129575496e-12
4.868	9.0854305387843598e-12
4.869	9.0811056859736238e-12
4.87	9.0767849486425688e-12
4.8709999999999996	9.0724722001882527e-12
4.872	9.068163548110791e-12
4.873	9.0638589865766685e-12
4.874	9.0595585097634383e-12
4.875	9.0552621118596882e-12
4.8759999999999994	9.0509736949858964e-12
4.877	9.0466893380307956e-12
4.878	9.0424090352317256e-12
4.879	9.0381327808369265e-12
4.88	9.0338605691054996e-12
4.881	9.029596174946552e-12
4.882	9.0253358048650862e-12
4.883	9.0210794531678217e-12
4.8839999999999995	9.0168271141722312e-12
4.885	9.012578782206486e-12
4.886	9.0083381736288263e-12
4.887	9.0041015537661118e-12
4.888	8.9998689169933043e-12
4.889	8.9956402576959462e-12
4.89	8.9914155702701311e-12
4.891	8.9871985179789817e-12
4.8919999999999995	8.9829854195020403e-12
4.893	8.9787762692813964e-12
4.894	8.9745710617695551e-12
4.895	8.9703697914294162e-12
4.896	8.9661760692242997e-12
4.897	8.9619862663866032e-12
4.898	8.9578003774244598e-12
4.899	8.9536183968562406e-12
4.8999999999999995	8.9494403192105642e-12
4.901	8.9452697039310855e-12
4.902	8.9411029740185127e-12
4.903	8.936940124045935e-12
4.904	8.9327811485965359e-12
4.905	8.9286260422635819e-12
4.906	8.9244783137363715e-12
4.907	8.9203344370142911e-12
4.9079999999999995	8.9161944067343459e-12
4.909	8.9120582175434802e-12
4.91	8.9079258640985742e-12
4.911	8.9038008050853494e-12
4.912	8.8996795647468617e-12
4.913	8.8955621377829932e-12
4.914	8.8914485189034378e-12
4.915	8.8873387028276519e-12
4.9159999999999995	8.8832360989744315e-12
4.917	8.8791372810897147e-12
4.918	8.8750422439352606e-12
4.919	8.8709509822824977e-12
4.92	8.8668634909124739e-12
4.921	8.8627829992824657e-12
4.922	8.858706261573572e-12
4.923	8.8546332726079347e-12
4.9239999999999995	8.8505640272172355e-12
4.925	8.8464985202426301e-12
4.926	8.8424400618844997e-12
4.927	8.8383853255710499e-12
4.928	8.834334306184346e-12
4.929	8.8302869986158387e-12
4.93	8.8262433977663422e-12
4.931	8.8222067886749483e-12
4.9319999999999995	8.8181738701149879e-12
4.933	8.8141446370275814e-12
4.934	8.8101190843631012e-12
4.935	8.8060972070811368e-12
4.936	8.8020822543109371e-12
4.937	8.7980709609369942e-12
4.938	8.7940633219586088e-12
4.939	8.7900593323841612e-12
4.9399999999999995	8.7860589872311466e-12
4.941	8.7820655004076993e-12
4.942	8.7780756422171998e-12
4.943	8.7740894077162294e-12
4.944	8.7701067919703294e-12
4.945	8.7661277900540125e-12
4.946	8.7621555813306557e-12
4.947	8.7581869708426954e-12
4.9479999999999995	8.7542219537031452e-12
4.949	8.7502605250338544e-12
4.95	8.746302679965505e-12
4.951	8.7423515639808814e-12
4.952	8.7384040161939054e-12
4.953	8.7344600317731814e-12
4.954	8.7305196058960218e-12
4.955	8.7265827337484424e-12
4.9559999999999995	8.7226525275849576e-12
4.957	8.7187258599353208e-12
4.958	8.7148027260228984e-12
4.959	8.7108831210796517e-12
4.96	8.706967040346103e-12
4.961	8.7030575634891902e-12
4.962	8.6991515958105494e-12
4.963	8.6952491325874964e-12
4.9639999999999995	8.6913501691058238e-12
4.965	8.6874547006597706e-12
4.966	8.6835659120211198e-12
4.967	8.6796806033225058e-12
4.968	8.6757987698948981e-12
4.969	8.6719204070776234e-12
4.97	8.6680455102183401e-12
4.971	8.6641771179438108e-12
4.9719999999999995	8.6603121769163714e-12
4.973	8.6564506825194445e-12
4.974	8.6525926301447002e-12
4.975	8.6487380151920159e-12
4.976	8.6448898025428265e-12
4.977	8.6410450128564831e-12
4.978	8.6372036415679616e-12
4.979	8.6333656841203403e-12
4.9799999999999995	8.6295311359648107e-12
4.981	8.6257029196986111e-12
4.982	8.6218780984584214e-12
4.983	8.618056667729968e-12
4.984	8.6142386230069599e-12
4.985	8.6104239597911065e-12
4.986	8.6066155589592152e-12
4.987	8.6028105255584011e-12
4.9879999999999995	8.599008855124364e-12
4.989	8.5952105432006812e-12
4.99	8.5914155853388013e-12
4.991	8.5876268212487089e-12
4.992	8.583841397331283e-12
4.993	8.580059309171431e-12
4.994	8.5762805523618375e-12
4.995	8.5725051225029423e-12
4.9959999999999996	8.5687358186815879e-12
4.997	8.5649698281057234e-12
4.998	8.5612071464087223e-12
4.999	8.5574477692316253e-12
5.	8.5536916922231183e-12
5.001	8.5499416743808876e-12
5.002	8.5461949431830281e-12
5.003	8.5424514943106423e-12
5.004	8.538711323452394e-12
5.005	8.534974426304493e-12
5.006	8.5312435222999305e-12
5.007	8.5275158786595973e-12
5.008	8.5237914911115982e-12
5.0089999999999995	8.5200703553915134e-12
5.01	8.5163524672423549e-12
5.011	8.5126404632758068e-12
5.012	8.508931693785596e-12
5.013	8.5052261545459878e-12
5.014	8.5015238413386133e-12
5.015	8.4978247499524494e-12
5.016	8.4941314987827067e-12
5.0169999999999995	8.4904414564761852e-12
5.018	8.4867546188526887e-12
5.019	8.4830709817392819e-12
5.02	8.4793905409702765e-12
5.021	8.4757159078492314e-12
5.022	8.4720444582304455e-12
5.023	8.4683761879786929e-12
5.024	8.464711092965898e-12
5.0249999999999995	8.4610491690711423e-12
5.026	8.4573929949856019e-12
5.027	8.4537399793346173e-12
5.028	8.4500901180272795e-12
5.029	8.4464434069797266e-12
5.03	8.4427998421151555e-12
5.031	8.4391619700018893e-12
5.032	8.4355272315442387e-12
5.0329999999999995	8.4318956226949707e-12
5.034	8.4282671394138006e-12
5.035	8.4246417776674056e-12
5.036	8.4210220523823645e-12
5.037	8.4174054362583587e-12
5.038	8.4137919252911924e-12
5.039	8.4101815154835396e-12
5.04	8.4065742028449324e-12
5.0409999999999995	8.4029724711330864e-12
5.042	8.3993738243677183e-12
5.043	8.3957782585870611e-12
5.044	8.3921857698361299e-12
5.045	8.3885963541666933e-12
5.046	8.3850124646324335e-12
5.047	8.3814316361058831e-12
5.048	8.3778538646670865e-12
5.0489999999999995	8.3742791464027992e-12
5.05	8.3707074774064297e-12
5.051	8.3671412804845542e-12
5.052	8.3635781209032272e-12
5.053	8.3600179947837262e-12
5.054	8.3564608982539395e-12
5.055	8.3529068274483439e-12
5.056	8.3493581416808427e-12
5.0569999999999995	8.3458124699114799e-12
5.058	8.3422698083020714e-12
5.059	8.3387301530209565e-12
5.06	8.3351935002429711e-12
5.061	8.3316621533853886e-12
5.062	8.3281337974912571e-12
5.063	8.3246084287622811e-12
5.064	8.3210860434065823e-12
5.0649999999999995	8.3175666376387141e-12
5.066	8.3140525544725639e-12
5.067	8.3105414393777285e-12
5.068	8.3070332885954524e-12
5.069	8.3035280983733129e-12
5.07	8.300025864965229e-12
5.071	8.2965289095509918e-12
5.072	8.2930348995606236e-12
5.0729999999999995	8.289543831274377e-12
5.074	8.2860557009787589e-12
5.075	8.2825705049665315e-12
5.076	8.2790905430168245e-12
5.077	8.2756135040845925e-12
5.078	8.272139384488575e-12
5.079	8.2686681805536829e-12
5.08	8.2651998886109919e-12
5.0809999999999995	8.2617367874653914e-12
5.082	8.2582765871683441e-12
5.083	8.2548192840765557e-12
5.084	8.2513648745528354e-12
5.085	8.2479133549660641e-12
5.086	8.2444669835663937e-12
5.087	8.2410234910803143e-12
5.088	8.2375828739019922e-12
5.0889999999999995	8.2341451284316262e-12
5.09	8.2307102510754042e-12
5.091	8.2272804799414897e-12
5.092	8.2238535660167095e-12
5.093	8.2204295057321977e-12
5.094	8.2170082955250419e-12
5.095	8.2135899318382588e-12
5.096	8.2101766330441208e-12
5.0969999999999995	8.2067661699817796e-12
5.098	8.2033585391188525e-12
5.099	8.1999537369288344e-12
5.1	8.1965517598910667e-12
5.101	8.193154807041564e-12
5.102	8.1897606686703134e-12
5.103	8.1863693412809469e-12
5.104	8.1829808213828721e-12
5.1049999999999995	8.1795951054912918e-12
5.106	8.1762145299848902e-12
5.107	8.1728367476655156e-12
5.108	8.1694617550728083e-12
5.109	8.1660895487521178e-12
5.11	8.1627201252545049e-12
5.111	8.1593556381421886e-12
5.112	8.1559939234168984e-12
5.1129999999999995	8.1526349776533198e-12
5.114	8.1492787974317685e-12
5.115	8.1459253793381923e-12
5.116	8.142576846349009e-12
5.117	8.1392310651812224e-12
5.118	8.1358880324440674e-12
5.119	8.132547744752338e-12
5.12	8.1292101987263793e-12
5.1209999999999996	8.1258774886925479e-12
5.122	8.1225475101428957e-12
5.123	8.1192202597207268e-12
5.124	8.1158957340748322e-12
5.125	8.1125739298594877e-12
5.126	8.109256913096892e-12
5.127	8.105942607706414e-12
5.128	8.1026310103649414e-12
5.129	8.0993221177548028e-12
5.13	8.0960159265637281e-12
5.131	8.0927144748499979e-12
5.132	8.0894157146182605e-12
5.133	8.086119642578536e-12
5.1339999999999995	8.0828262554462146e-12
5.135	8.0795355499420307e-12
5.136	8.0762495364950012e-12
5.137	8.0729661948586273e-12
5.138	8.0696855217756091e-12
5.139	8.0664075139939507e-12
5.14	8.0631321682669358e-12
5.141	8.0598614677235014e-12
5.1419999999999995	8.0565934195350823e-12
5.143	8.0533280204766146e-12
5.144	8.0500652673282669e-12
5.145	8.0468051568754281e-12
5.146	8.0435496452707784e-12
5.147	8.0402967667781637e-12
5.148	8.0370465182043195e-12
5.149	8.0337988963611365e-12
5.1499999999999995	8.0305538980656609e-12
5.151	8.0273133976043189e-12
5.152	8.0240755113107583e-12
5.153	8.0208402360229148e-12
5.154	8.0176075685838165e-12
5.155	8.0143775058415836e-12
5.156	8.0111519075679733e-12
5.157	8.0079289047045057e-12
5.1579999999999995	8.0047084941199338e-12
5.159	8.0014906726880335e-12
5.16	7.99827543728761e-12
5.161	7.9950646747959642e-12
5.162	7.9918564890745599e-12
5.163	7.9886508770226993e-12
5.164	7.9854478355446509e-12
5.165	7.9822473615496429e-12
5.1659999999999995	7.9790513229949291e-12
5.167	7.9758578427608799e-12
5.168	7.9726669177769523e-12
5.169	7.9694785449775181e-12
5.17	7.9662927213018378e-12
5.171	7.9631112961006176e-12
5.172	7.9599324109581614e-12
5.173	7.9567560628336917e-12
5.1739999999999995	7.9535822486912959e-12
5.175	7.9504109654998884e-12
5.176	7.9472440443122878e-12
5.177	7.9440796451066063e-12
5.178	7.940917764871467e-12
5.179	7.9377584006002833e-12
5.18	7.9346015492912603e-12
5.181	7.9314490240032255e-12
5.1819999999999995	7.9282990028027729e-12
5.183	7.9251514827075418e-12
5.184	7.9220064607399176e-12
5.185	7.9188639339270021e-12
5.186	7.9157256976328964e-12
5.187	7.9125899477120143e-12
5.188	7.9094566812106601e-12
5.189	7.9063258951798041e-12
5.1899999999999995	7.9031975866750985e-12
5.191	7.9000735336605805e-12
5.192	7.8969519494824415e-12
5.193	7.8938328312152749e-12
5.194	7.8907161759382962e-12
5.195	7.8876019807353319e-12
5.196	7.8844920069266743e-12
5.197	7.8813844845918861e-12
5.1979999999999995	7.8782794108335068e-12
5.199	7.8751767827586356e-12
5.2	7.872076597478929e-12
