0.003	2.7186799752736373e-11
0.004	2.031605000069271e-11
0.005	1.6237059853730372e-11
0.006	1.3526211766201361e-11
0.007	1.1592189391793078e-11
0.008	1.0142443580786068e-11
0.009000000000000001	9.015164566095336e-12
0.01	8.113473088765627e-12
0.011	7.375788511520799e-12
0.012	6.761083714726044e-12
0.013000000000000001	6.24096650289812e-12
0.013999999999999999	5.795161824606374e-12
0.015	5.408803776828921e-12
0.016	5.0707441970045e-12
0.017	4.7724586989369914e-12
0.018	4.507317584509849e-12
0.019	4.2700871018621205e-12
0.02	4.056580381338615e-12
0.021	3.8634081333872605e-12
0.022	3.687797354104675e-12
0.023	3.527457334170036e-12
0.024	3.3804791709102527e-12
0.024999999999999998	3.2452594006843323e-12
0.026	3.1204412565350535e-12
0.027	3.004868980930489e-12
0.028	2.8975519294206327e-12
0.029	2.797636101636031e-12
0.03	2.7043813664251576e-12
0.031	2.6171430952567627e-12
0.032	2.535357239513719e-12
0.033	2.4585281211126447e-12
0.034	2.3862183777943395e-12
0.035	2.31804063213115e-12
0.036000000000000004	2.253650549070525e-12
0.037000000000000005	2.192741019309271e-12
0.038000000000000006	2.135037261102024e-12
0.03900000000000001	2.0802926756520463e-12
0.04	2.0282853242040694e-12
0.041	1.9788149206924874e-12
0.042	1.931700254017223e-12
0.043000000000000003	1.8867769700065595e-12
0.044000000000000004	1.843895655843058e-12
0.045000000000000005	1.8029201799019952e-12
0.046000000000000006	1.7637262481346747e-12
0.047	1.7262001447448201e-12
0.048	1.6902376302816673e-12
0.049	1.6557429746614112e-12
0.05	1.6226281062268541e-12
0.051000000000000004	1.5908118609182964e-12
0.052000000000000005	1.5602193180790432e-12
0.053000000000000005	1.530781211453139e-12
0.054000000000000006	1.5024334056281078e-12
0.05500000000000001	1.4751164295932865e-12
0.056	1.4487750602742656e-12
0.057	1.4233579499059691e-12
0.058	1.3988172919534879e-12
0.059000000000000004	1.375108521007184e-12
0.060000000000000005	1.3521900426883722e-12
0.061000000000000006	1.330022990121731e-12
0.062000000000000006	1.3085710039749717e-12
0.063	1.2878000334471553e-12
0.064	1.2676781559144048e-12
0.065	1.248175413223737e-12
0.066	1.2292636628693116e-12
0.067	1.2109164424962004e-12
0.068	1.1931088463597305e-12
0.069	1.1758174125275125e-12
0.07	1.1590200197498815e-12
0.07100000000000001	1.142695793045526e-12
0.07200000000000001	1.1268250171549921e-12
0.07300000000000001	1.1113890571076076e-12
0.07400000000000001	1.0963702852289357e-12
0.07500000000000001	1.0817520139876386e-12
0.076	1.06751843414391e-12
0.077	1.0536545577175166e-12
0.078	1.0401461653429196e-12
0.079	1.0269797576227395e-12
0.08	1.0141425101297222e-12
0.081	1.00162223174189e-12
0.082	9.894073260263453e-13
0.083	9.774867554146088e-13
0.084	9.658500079368624e-13
0.085	9.544870663043656e-13
0.08600000000000001	9.43388379148917e-13
0.08700000000000001	9.325448342457977e-13
0.08800000000000001	9.219477335624283e-13
0.08900000000000001	9.115887699891368e-13
0.09000000000000001	9.01460005621212e-13
0.091	8.915538514729095e-13
0.092	8.818630485144564e-13
0.093	8.723806499324791e-13
0.094	8.631000045227407e-13
0.095	8.540147411317625e-13
0.096	8.451187540708406e-13
0.097	8.36406189432293e-13
0.098	8.278714322434838e-13
0.099	8.195090943993954e-13
0.1	8.113140033192423e-13
0.101	8.03281191276955e-13
0.10200000000000001	7.954058853592772e-13
0.10300000000000001	7.87683498008833e-13
0.10400000000000001	7.801096181127834e-13
0.10500000000000001	7.726800026007047e-13
0.10600000000000001	7.653905685180576e-13
0.10700000000000001	7.582373855441339e-13
0.108	7.51216668925676e-13
0.109	7.4432477279947e-13
0.11	7.375581838791579e-13
0.111	7.309135154833094e-13
0.112	7.24387501883414e-13
0.113	7.179769929519808e-13
0.114	7.116789490923179e-13
0.115	7.054904364328449e-13
0.116	6.994086222699756e-13
0.117	6.934307707446988e-13
0.11800000000000001	6.87554238738993e-13
0.11900000000000001	6.817764719791476e-13
0.12000000000000001	6.76095001333915e-13
0.12100000000000001	6.705074392962264e-13
0.12200000000000001	6.650114766379393e-13
0.123	6.596048792277656e-13
0.124	6.542854850031735e-13
0.125	6.490512010876359e-13
0.126	6.43900001045155e-13
0.127	6.388299222644922e-13
0.128	6.338390634660138e-13
0.129	6.289255823244958e-13
0.13	6.240876932016483e-13
0.131	6.193236649824895e-13
0.132	6.146318190100712e-13
0.133	6.100105271133694e-13
0.134	6.05458209723484e-13
0.135	6.009733340735577e-13
0.136	5.965544124781132e-13
0.137	5.922000006877477e-13
0.138	5.879086963153614e-13
0.139	5.8367913733032e-13
0.14	5.795100006150574e-13
0.14100000000000001	5.754000005201635e-13
0.14200000000000002	5.713478875372566e-13
0.14300000000000002	5.673524471139539e-13
0.14400000000000002	5.634124984443552e-13
0.14500000000000002	5.595268933047919e-13
0.14600000000000002	5.556945149374625e-13
0.14700000000000002	5.519142769796672e-13
0.148	5.481851224364879e-13
0.149	5.445060226948646e-13
0.15	5.408759765771374e-13
0.151	5.372940094322229e-13
0.152	5.337591722626877e-13
0.153	5.302705408860779e-13
0.154	5.268272151289431e-13
0.155	5.234283180520794e-13
0.156	5.200729952055897e-13
0.157	5.167604139124223e-13
0.158	5.134897625791425e-13
0.159	5.102602500327192e-13
0.16	5.070711048821966e-13
0.161	5.039215749041662e-13
0.162	5.008109264510132e-13
0.163	4.977384438809509e-13
0.164	4.947034290089193e-13
0.165	4.917052005774627e-13
0.166	4.887430937467327e-13
0.167	4.858164596028323e-13
0.168	4.829246646837174e-13
0.169	4.800670905219411e-13
0.17	4.772431332035431e-13
0.171	4.744522029424198e-13
0.17200000000000001	4.716937236695491e-13
0.17300000000000001	4.689671326364681e-13
0.17400000000000002	4.662718800324191e-13
0.17500000000000002	4.636074286146472e-13
0.17600000000000002	4.609732533512794e-13
0.17700000000000002	4.583688410763352e-13
0.17800000000000002	4.557936901563563e-13
0.179	4.5324731016820964e-13
0.18	4.507292215876629e-13
0.181	4.4823895548824236e-13
0.182	4.4577605325005895e-13
0.183	4.4334006627816365e-13
0.184	4.409305557300901e-13
0.185	4.3854709225224846e-13
0.186	4.3618925572480403e-13
0.187	4.3385663501476413e-13
0.188	4.3154882773694833e-13
0.189	4.2926544002250575e-13
0.19	4.2700608629480873e-13
0.191	4.247703890523455e-13
0.192	4.225579786584049e-13
0.193	4.2036849313730463e-13
0.194	4.1820157797692914e-13
0.195	4.160568859373312e-13
0.196	4.1393407686521303e-13
0.197	4.1183281751402176e-13
0.198	4.0975278136955157e-13
0.199	4.076936484807625e-13
0.2	4.0565510529567113e-13
0.201	4.036368445021961e-13
0.202	4.016385648736512e-13
0.203	3.9965997111888373e-13
0.20400000000000001	3.977007737367596e-13
0.20500000000000002	3.9576068887495145e-13
0.20600000000000002	3.938394381928124e-13
0.20700000000000002	3.9193674872824226e-13
0.20800000000000002	3.900523527683817e-13
0.20900000000000002	3.8818598772402735e-13
0.21000000000000002	3.863373960076322e-13
0.21100000000000002	3.3569499876656825e-13
0.212	3.177806864714819e-13
0.213	3.050764574806759e-13
0.214	2.9500948542455404e-13
0.215	2.8659355228839347e-13
0.216	2.7932783071107834e-13
0.217	2.729176462490943e-13
0.218	2.67172800756943e-13
0.219	2.61962401711485e-13
0.22	2.571920159736948e-13
0.221	2.527909970042383e-13
0.222	2.487049494278872e-13
0.223	2.448909979928433e-13
0.224	2.413146842895384e-13
0.225	2.379478564276399e-13
0.226	2.3476718988086724e-13
0.227	2.3175312368264705e-13
0.228	2.288890781694823e-13
0.229	2.2616086852642404e-13
0.23	2.2355625758637368e-13
0.231	2.2106460964058084e-13
0.232	2.1867661881645988e-13
0.233	2.163840933719568e-13
0.234	2.141797825167465e-13
0.23500000000000001	2.1205723599279312e-13
0.23600000000000002	2.1001068918468312e-13
0.23700000000000002	2.080349683380437e-13
0.23800000000000002	2.0612541177047646e-13
0.23900000000000002	2.0427780391600894e-13
0.24000000000000002	2.0248831975367933e-13
0.24100000000000002	2.0075347770296334e-13
0.24200000000000002	1.99070099471781e-13
0.243	1.9743527565188596e-13
0.244	1.9584633609463624e-13
0.245	1.9430082428600668e-13
0.246	1.9279647508547706e-13
0.247	1.9133119530901363e-13
0.248	1.8990304672799212e-13
0.249	1.8851023112999048e-13
0.25	1.8715107714650676e-13
0.251	1.8582402860129168e-13
0.252	1.8452763417210123e-13
0.253	1.832605381912205e-13
0.254	1.8202147243670883e-13
0.255	1.8080924878828858e-13
0.256	1.796227526404789e-13
0.257	1.7846093698062376e-13
0.258	1.77322817052551e-13
0.259	1.762074655374883e-13
0.26	1.7511400819289096e-13
0.261	1.7404161989781169e-13
0.262	1.729895210600075e-13
0.263	1.7195697434562597e-13
0.264	1.7094328169729827e-13
0.265	1.6994778161046736e-13
0.266	1.6896984664160791e-13
0.267	1.6800888112487678e-13
0.268	1.67064319076693e-13
0.269	1.6613562226987131e-13
0.27	1.652222784610852e-13
0.271	1.6432379975726364e-13
0.272	1.6343972110801725e-13
0.273	1.6256959891255542e-13
0.274	1.6171300973091248e-13
0.275	1.6086954909008489e-13
0.276	1.6003883037698326e-13
0.277	1.592204838106206e-13
0.278	1.5841415548681578e-13
0.279	1.5761950648950898e-13
0.28	1.5682222676612136e-13
0.281	1.560199657810412e-13
0.28200000000000003	1.552195267950988e-13
0.28300000000000003	1.544228691152432e-13
0.28400000000000003	1.5363102057671701e-13
0.28500000000000003	1.5284460755047072e-13
0.28600000000000003	1.520640384512334e-13
0.28700000000000003	1.512895878622025e-13
0.28800000000000003	1.505214415778089e-13
0.28900000000000003	1.4975972330230618e-13
0.29000000000000004	1.490045116374296e-13
0.29100000000000004	1.4825585148844072e-13
0.292	1.475137620529376e-13
0.293	1.4677824258352302e-13
0.294	1.4604927668700303e-13
0.295	1.453268355586549e-13
0.296	1.446108805009716e-13
0.297	1.4390136491538488e-13
0.298	1.4319823582315225e-13
0.299	1.425014351847036e-13
0.3	1.418109008620444e-13
0.301	1.4112656751270056e-13
0.302	1.4044836722688608e-13
0.303	1.3977623013752056e-13
0.304	1.3911008485889137e-13
0.305	1.3844985891963783e-13
0.306	1.3779547907540714e-13
0.307	1.3714687159153243e-13
0.308	1.365039624825784e-13
0.309	1.3586667772459473e-13
0.31	1.3523494339200757e-13
0.311	1.346086858263859e-13
0.312	1.3398783175282022e-13
0.313	1.3337230838023068e-13
0.314	1.327620434860991e-13
0.315	1.3215696547954996e-13
0.316	1.3155700347031015e-13
0.317	1.309620873367464e-13
0.318	1.3037214772609037e-13
0.319	1.2978711612221415e-13
0.32	1.292069248528312e-13
0.321	1.2863150713686294e-13
0.322	1.2806079705305743e-13
0.323	1.2749472960768808e-13
0.324	1.2693324071071954e-13
0.325	1.2637626717928421e-13
0.326	1.2582374675443722e-13
0.327	1.2527561809287863e-13
0.328	1.2473182077845058e-13
0.329	1.2419229529012163e-13
0.33	1.2365698302766672e-13
0.331	1.2312582628134638e-13
0.332	1.2259876824010379e-13
0.333	1.2207575297546145e-13
0.334	1.2155672543864808e-13
0.335	1.210416314280048e-13
0.336	1.205304176180386e-13
0.337	1.2002303151015753e-13
0.338	1.19519421432995e-13
0.339	1.190195365489877e-13
0.34	1.185233268139685e-13
0.341	1.1803074297356029e-13
0.342	1.175417365715584e-13
0.343	1.1705625990046537e-13
0.34400000000000003	1.1657426602297835e-13
0.34500000000000003	1.1609570872998095e-13
0.34600000000000003	1.1562054255146343e-13
0.34700000000000003	1.151487227389261e-13
0.34800000000000003	1.1468020522598126e-13
0.34900000000000003	1.142149466633586e-13
0.35000000000000003	1.1375290435811526e-13
0.35100000000000003	1.1329403630926614e-13
0.35200000000000004	1.1283830114310771e-13
0.35300000000000004	1.1238565814958724e-13
0.35400000000000004	1.1193606725753485e-13
0.355	1.1148948892927939e-13
0.356	1.1104588435076353e-13
0.357	1.1060521527684623e-13
0.358	1.1016744397251054e-13
0.359	1.0973253330512855e-13
0.36	1.0930044678103919e-13
0.361	1.0887114842291149e-13
0.362	1.0844460270325745e-13
0.363	1.0802077468919372e-13
0.364	1.0759962997465489e-13
0.365	1.0718113471857841e-13
0.366	1.0676525547600023e-13
0.367	1.0635195934148004e-13
0.368	1.0594121383340752e-13
0.369	1.0553298708640718e-13
0.37	1.0512724753328647e-13
0.371	1.0472396414855812e-13
0.372	1.043231063355809e-13
0.373	1.0392464396589808e-13
0.374	1.0352854721957338e-13
0.375	1.0313478687331462e-13
0.376	1.0274333399258483e-13
0.377	1.0235416002249528e-13
0.378	1.0196723687612999e-13
0.379	1.0158253692356203e-13
0.38	1.0120003269397003e-13
0.381	1.0081969730189412e-13
0.382	1.0044150414895227e-13
0.383	1.0006542701231468e-13
0.384	9.969143994257422e-14
0.385	9.931951739838456e-14
0.386	9.89496342377938e-14
0.387	9.858176557053052e-14
0.388	9.82158867992996e-14
0.389	9.785197375164402e-14
0.39	9.749000253370168e-14
0.391	9.712994947948179e-14
0.392	9.677179137293712e-14
0.393	9.641550512320821e-14
0.394	9.606106807673094e-14
0.395	9.570845774054499e-14
0.396	9.535765204623422e-14
0.397	9.500862907627043e-14
0.398	9.46613672375644e-14
0.399	9.431584521168299e-14
0.4	9.397204186277915e-14
0.401	9.362993640797575e-14
0.402	9.328950828137977e-14
0.403	9.295073713042429e-14
0.404	9.261360289805476e-14
0.405	9.227808568965936e-14
0.406	9.194416589792368e-14
0.40700000000000003	9.161182419787637e-14
0.40800000000000003	9.128104133218142e-14
0.40900000000000003	9.095179836174242e-14
0.41000000000000003	9.06240766184261e-14
0.41100000000000003	9.029785753507338e-14
0.41200000000000003	8.997312280963897e-14
0.41300000000000003	8.964985431879773e-14
0.41400000000000003	8.932803419700236e-14
0.41500000000000004	8.900764467043765e-14
0.41600000000000004	8.86886682581232e-14
0.41700000000000004	8.837108760662407e-14
0.41800000000000004	8.805488560869416e-14
0.41900000000000004	8.774004528018659e-14
0.42	8.742654983879457e-14
0.421	8.711438266083186e-14
0.422	8.68035273588718e-14
0.423	8.649396762191189e-14
0.424	8.618568737091239e-14
0.425	8.587867071674282e-14
0.426	8.557290180405766e-14
0.427	8.526836508061225e-14
0.428	8.49650450636068e-14
0.429	8.466292645410334e-14
0.43	8.436199405930274e-14
0.431	8.406223294259172e-14
0.432	8.376362815805257e-14
0.433	8.346616501340624e-14
0.434	8.316982895506954e-14
0.435	8.287460549383358e-14
0.436	8.258048031539064e-14
0.437	8.22874392421958e-14
0.438	8.199546823258175e-14
0.439	8.170455334386479e-14
0.44	8.141468076835789e-14
0.441	8.112583686840672e-14
0.442	8.08380080324563e-14
0.443	8.055118085401333e-14
0.444	8.026534198836662e-14
0.445	7.998047825899434e-14
0.446	7.969657651622718e-14
0.447	7.941362381330678e-14
0.448	7.913160726561683e-14
0.449	7.885051412084551e-14
0.45	7.857033165566292e-14
0.451	7.829104734837148e-14
0.452	7.801264874088132e-14
0.453	7.773512340659199e-14
0.454	7.745845915368299e-14
0.455	7.718264378855082e-14
0.456	7.690766521841795e-14
0.457	7.663351145197403e-14
0.458	7.636017059976578e-14
0.459	7.608763090755574e-14
0.46	7.581588059304567e-14
0.461	7.554490804432878e-14
0.462	7.527470172200847e-14
0.463	7.500525016056338e-14
0.464	7.473654200172804e-14
0.465	7.446856589981096e-14
0.466	7.420131068260989e-14
0.467	7.393476519333426e-14
0.468	7.366891832483724e-14
0.46900000000000003	7.340375914639358e-14
0.47000000000000003	7.313927674784047e-14
0.47100000000000003	7.287546021182753e-14
0.47200000000000003	7.261229883211575e-14
0.47300000000000003	7.234978189849424e-14
0.47400000000000003	7.208789873077928e-14
0.47500000000000003	7.182663883286587e-14
0.47600000000000003	7.156599168144804e-14
0.47700000000000004	7.130594685023258e-14
0.47800000000000004	7.10464939814473e-14
0.47900000000000004	7.078762272908289e-14
0.48000000000000004	7.052932293900127e-14
0.48100000000000004	7.02715843554272e-14
0.48200000000000004	7.001439691885198e-14
0.483	6.975775056243388e-14
0.484	6.950163527403378e-14
0.485	6.924604115642969e-14
0.486	6.899095831467709e-14
0.487	6.873637691726874e-14
0.488	6.84822872271698e-14
0.489	6.822867949165271e-14
0.49	6.797554411491705e-14
0.491	6.772287149208964e-14
0.492	6.747065204185121e-14
0.493	6.721887629315849e-14
0.494	6.696753483265806e-14
0.495	6.671661822661679e-14
0.496	6.646611718885968e-14
0.497	6.621602236693374e-14
0.498	6.59663246165115e-14
0.499	6.571701468221295e-14
0.5	6.546808344405182e-14
0.501	6.521952181414624e-14
0.502	6.497132079377521e-14
0.503	6.472347132086253e-14
0.504	6.447596453597718e-14
0.505	6.422879147437973e-14
0.506	6.39819433050311e-14
0.507	6.373541125676237e-14
0.508	6.348918654723486e-14
0.509	6.324326046496803e-14
0.51	6.29976243739363e-14
0.511	6.275226964352065e-14
0.512	6.250718770462254e-14
0.513	6.2262370005668e-14
0.514	6.201780811668341e-14
0.515	6.177349358755265e-14
0.516	6.152941802811244e-14
0.517	6.128557308995983e-14
0.518	6.104195049657762e-14
0.519	6.079854200160833e-14
0.52	6.055533939578195e-14
0.521	6.031233451390349e-14
0.522	6.006951924161693e-14
0.523	5.982688554532247e-14
0.524	5.958442540938481e-14
0.525	5.934213084414309e-14
0.526	5.909999396203879e-14
0.527	5.885800687072204e-14
0.528	5.861616174957138e-14
0.529	5.83744508344996e-14
0.53	5.81328663816047e-14
0.531	5.789140076383869e-14
0.532	5.765004632478053e-14
0.533	5.74087955194604e-14
0.534	5.716764079198518e-14
0.535	5.692657473605933e-14
0.536	5.6685589888397016e-14
0.537	5.644467893138283e-14
0.538	5.6203834531772027e-14
0.539	5.5963049477311526e-14
0.54	5.572231658113211e-14
0.541	5.548162869243158e-14
0.542	5.524097876869871e-14
0.543	5.500035978284793e-14
0.544	5.47597648158288e-14
0.545	5.4519186945751076e-14
0.546	5.4278619399847087e-14
0.547	5.4038055385362187e-14
0.548	5.379748824062917e-14
0.549	5.355691134568108e-14
0.55	5.3316318132119144e-14
0.551	5.307570213747835e-14
0.552	5.2835056940743425e-14
0.553	5.2594376213576644e-14
0.554	5.2353653713431437e-14
0.555	5.2112883221745055e-14
0.556	5.187205866955756e-14
0.557	5.163117402006443e-14
0.558	5.139022337480163e-14
0.559	5.114920084108201e-14
0.56	5.0908100709973195e-14
0.561	5.066691727159953e-14
0.562	5.0425644956364734e-14
0.5630000000000001	5.01842782954216e-14
0.5640000000000001	4.994281191801743e-14
0.5650000000000001	4.9701240515036566e-14
0.5660000000000001	4.9459558924188765e-14
0.5670000000000001	4.921776204242778e-14
0.5680000000000001	4.897584494446431e-14
0.5690000000000001	4.873380272968892e-14
0.5700000000000001	4.849163069037916e-14
0.5710000000000001	4.824932416235698e-14
0.5720000000000001	4.800687867375543e-14
0.5730000000000001	4.7764289799015805e-14
0.5740000000000001	4.752155332292782e-14
0.5750000000000001	4.7278665065314296e-14
0.5760000000000001	4.7035621027807524e-14
0.5770000000000001	4.67924174114162e-14
0.5780000000000001	4.654905047667483e-14
0.5790000000000001	4.6305516567182364e-14
0.58	4.6061812297238955e-14
0.581	4.5817934265724464e-14
0.582	4.557387952996119e-14
0.583	4.53296451697921e-14
0.584	4.508522801996703e-14
0.585	4.4840625725062924e-14
0.586	4.459583586869806e-14
0.587	4.435085586277792e-14
0.588	4.410568368986406e-14
0.589	4.386031762769652e-14
0.59	4.3614755573278686e-14
0.591	4.336899632519447e-14
0.592	4.312303821603441e-14
0.593	4.2876880374893103e-14
0.594	4.263052152514771e-14
0.595	4.238396122231875e-14
0.596	4.213719880381689e-14
0.597	4.1890234079299726e-14
0.598	4.164306670335115e-14
0.599	4.139569723019566e-14
0.6	4.114812585240217e-14
0.601	4.090035319888946e-14
0.602	4.065238022696103e-14
0.603	4.0404208000602686e-14
0.604	4.0155838202965834e-14
0.605	3.990727219205189e-14
0.606	3.96585122323858e-14
0.607	3.940956032410988e-14
0.608	3.916041917662533e-14
0.609	3.891109141579527e-14
0.61	3.866158041607189e-14
0.611	3.841188941239613e-14
0.612	3.816202220906891e-14
0.613	3.79119827390042e-14
0.614	3.766177554114881e-14
0.615	3.7411405328647116e-14
0.616	3.716087719054871e-14
0.617	3.691019657337877e-14
0.618	3.665936910053522e-14
0.619	3.6408401011765946e-14
0.62	3.6157298772671764e-14
0.621	3.5906069205551513e-14
0.622	3.565471961157097e-14
0.623	3.540325759578695e-14
0.624	3.515169109521977e-14
0.625	3.490002859286284e-14
0.626	3.464827903796766e-14
0.627	3.4396451498299874e-14
0.628	3.414455583146633e-14
0.629	3.3892601969144374e-14
0.63	3.364060057476491e-14
0.631	3.3388562609667973e-14
0.632	3.3136499531551635e-14
0.633	3.2884423223777877e-14
0.634	3.263234609727782e-14
0.635	3.2380280936827044e-14
0.636	3.212824100248176e-14
0.637	3.187624028204688e-14
0.638	3.162429285613902e-14
0.639	3.137241371152859e-14
0.64	3.1120618032905686e-14
0.641	3.0868921608447076e-14
0.642	3.061734082827522e-14
0.643	3.0365892609026294e-14
0.644	3.0114594178755064e-14
0.645	2.986346351862315e-14
0.646	2.9612519064689e-14
0.647	2.936177984731036e-14
0.648	2.911126541278376e-14
0.649	2.886099581668631e-14
0.65	2.8610991680740427e-14
0.651	2.8361274242822806e-14
0.652	2.811186533490218e-14
0.653	2.7862787236048906e-14
0.654	2.7614062842780724e-14
0.655	2.736571569939258e-14
0.656	2.711776978417599e-14
0.657	2.6870249837855247e-14
0.658	2.662318102440503e-14
0.659	2.6376589072152786e-14
0.66	2.6130500453032117e-14
0.661	2.588494204652801e-14
0.662	2.5639941369660318e-14
0.663	2.5395526566745384e-14
0.664	2.515172634174643e-14
0.665	2.4908569841565545e-14
0.666	2.4666086946805444e-14
0.667	2.4424308033900312e-14
0.668	2.4183264043280437e-14
0.669	2.3942986439189094e-14
0.67	2.3703507305455676e-14
0.671	2.3464859240789026e-14
0.672	2.3227075346274816e-14
0.673	2.299018929385483e-14
0.674	2.2754235292093123e-14
0.675	2.2519248004361743e-14
0.676	2.2285262632205868e-14
0.677	2.205231481697384e-14
0.678	2.1820440821669932e-14
0.679	2.158967721215464e-14
0.68	2.136006106233979e-14
0.681	2.1131629899287555e-14
0.682	2.0904421680287527e-14
0.683	2.0678474724755247e-14
0.684	2.0453827748101358e-14
0.685	2.0230519914461332e-14
0.686	2.0008590599269988e-14
0.687	1.978807963266728e-14
0.6880000000000001	1.9569027045884575e-14
0.6890000000000001	1.9351473214376713e-14
0.6900000000000001	1.913545878691997e-14
0.6910000000000001	1.8921024552331942e-14
0.6920000000000001	1.8708211605417165e-14
0.6930000000000001	1.8497061216745828e-14
0.6940000000000001	1.828761470530802e-14
0.6950000000000001	1.8079913622394714e-14
0.6960000000000001	1.787399954440327e-14
0.6970000000000001	1.7669914146904418e-14
0.6980000000000001	1.746769910021634e-14
0.6990000000000001	1.7267396094918736e-14
0.7000000000000001	1.706904672741787e-14
0.7010000000000001	1.6872692561218834e-14
0.7020000000000001	1.6678374954058218e-14
0.7030000000000001	1.648613520346121e-14
0.7040000000000001	1.6296014319498974e-14
0.7050000000000001	1.6108053088666502e-14
0.7060000000000001	1.5922291990372812e-14
0.707	1.5738771182552392e-14
0.708	1.555753039867841e-14
0.709	1.5378608937437724e-14
0.71	1.5202045629379432e-14
0.711	1.5027878706193376e-14
0.712	1.4856145842806245e-14
0.713	1.4686884002176834e-14
0.714	1.452012944805936e-14
0.715	1.435591763577447e-14
0.716	1.4194283156539852e-14
0.717	1.4035259694872563e-14
0.718	1.3878879926896473e-14
0.719	1.3725175423909866e-14
0.72	1.357417667237963e-14
0.721	1.3425912832008184e-14
0.722	1.328041178217779e-14
0.723	1.3137699959987518e-14
0.724	1.2997802275293038e-14
0.725	1.286074200147791e-14
0.726	1.2726540648517447e-14
0.727	1.259521787789005e-14
0.728	1.2466791280970996e-14
0.729	1.2341276346902178e-14
0.73	1.221868621100727e-14
0.731	1.2099031515063355e-14
0.732	1.198232021043155e-14
0.733	1.1868557391693621e-14
0.734	1.175774495510309e-14
0.735	1.1649881429329074e-14
0.736	1.1544961673188653e-14
0.737	1.1442976505546161e-14
0.738	1.1343912361282075e-14
0.739	1.124775085466906e-14
0.74	1.1154468346648989e-14
0.741	1.106403533195013e-14
0.742	1.0976415856461286e-14
0.743	1.0891566785960486e-14
0.744	1.0809436926863198e-14
0.745	1.0729966125822887e-14
0.746	1.065308407551171e-14
0.747	1.0578708971216092e-14
0.748	1.0506745998645363e-14
0.749	1.0437085432100587e-14
0.75	1.0369600433342617e-14
0.751	1.0304144435409021e-14
0.752	1.0240548000950651e-14
0.753	1.0178615014260299e-14
0.754	1.0118118116417844e-14
0.755	1.0058793171057138e-14
0.756	1.0000332474378484e-14
0.757	9.942376467297581e-15
0.758	9.88450356607363e-15
0.759	9.826217526453624e-15
0.76	9.766931849167783e-15
0.761	9.705950282254349e-15
0.762	9.642442509607978e-15
0.763	9.575413600722582e-15
0.764	9.503665817158651e-15
0.765	9.425750500363732e-15
0.766	9.339908022491136e-15
0.767	9.24399310760762e-15
0.768	9.135383425091158e-15
0.769	9.010870548523877e-15
0.77	8.866535907053193e-15
0.771	8.697623269959633e-15
0.772	8.498436802949383e-15
0.773	8.262330719361191e-15
0.774	7.98192550982404e-15
0.775	7.649809726848353e-15
0.776	7.260181624116465e-15
0.777	6.81212431919568e-15
0.778	6.315289576836773e-15
0.779	5.798073376757685e-15
0.78	5.315753701033793e-15
0.781	4.951028672508641e-15
0.782	4.79610177353995e-15
0.783	4.914807374663237e-15
0.784	5.306849232005764e-15
0.785	5.905268486992023e-15
0.786	6.610437267712107e-15
0.787	7.331570161175529e-15
0.788	8.008901940810382e-15
0.789	8.614113539479306e-15
0.79	9.140651792751284e-15
0.791	9.593643166018145e-15
0.792	9.98295919082577e-15
0.793	1.0319393524167777e-14
0.794	1.0612907586058302e-14
0.795	1.0872014036417961e-14
0.796	1.1103705945588584e-14
0.797	1.1313609992461266e-14
0.798	1.150620658536173e-14
0.799	1.1685048057914172e-14
0.8	1.1852948820486393e-14
0.801	1.2012142039846707e-14
0.802	1.216440445769246e-14
0.803	1.231115447626279e-14
0.804	1.245352854055505e-14
0.805	1.259244041438211e-14
0.806	1.2728627333800611e-14
0.807	1.2862685791423376e-14
0.808	1.2995099623915448e-14
0.809	1.3126261892930515e-14
0.81	1.3256492306089331e-14
0.811	1.3386050890806468e-14
0.812	1.35151488750616e-14
0.8130000000000001	1.3643957523969021e-14
0.8140000000000001	1.3772614985425438e-14
0.8150000000000001	1.3901232111678295e-14
0.8160000000000001	1.402989693152606e-14
0.8170000000000001	1.4158678604604626e-14
0.8180000000000001	1.4287630384513968e-14
0.8190000000000001	1.441679223084189e-14
0.8200000000000001	1.4546192905126115e-14
0.8210000000000001	1.4675851767691018e-14
0.8220000000000001	1.4805780182881234e-14
0.8230000000000001	1.4935982793297605e-14
0.8240000000000001	1.5066458592595448e-14
0.8250000000000001	1.5197201672405014e-14
0.8260000000000001	1.5328202096305756e-14
0.8270000000000001	1.5459446437306643e-14
0.8280000000000001	1.5590918440230677e-14
0.8290000000000001	1.5722599259249036e-14
0.8300000000000001	1.5854468151624708e-14
0.8310000000000001	1.5986502594209434e-14
0.8320000000000001	1.6118678637611222e-14
0.8330000000000001	1.6250971223168667e-14
0.8340000000000001	1.6383354362000684e-14
0.8350000000000001	1.6515801325660245e-14
0.836	1.6648284794899244e-14
0.837	1.6780777074945334e-14
0.838	1.6913250166775544e-14
0.839	1.704567582441617e-14
0.84	1.7178025652033386e-14
0.841	1.731027124461087e-14
0.842	1.7442384477040837e-14
0.843	1.757433731142316e-14
0.844	1.770610194245191e-14
0.845	1.78376508847715e-14
0.846	1.796895692652978e-14
0.847	1.809999321218513e-14
0.848	1.823073330200759e-14
0.849	1.8361151173869684e-14
0.85	1.848869569749775e-14
0.851	1.8618362773622235e-14
0.852	1.8747624218533537e-14
0.853	1.887645594831838e-14
0.854	1.9004834477723052e-14
0.855	1.9132736756442662e-14
0.856	1.9260140416272422e-14
0.857	1.9387023612123473e-14
0.858	1.951336501713476e-14
0.859	1.96391439774178e-14
0.86	1.9764340336947064e-14
0.861	1.9888934621679816e-14
0.862	2.001290787868199e-14
0.863	2.013624170914676e-14
0.864	2.0258918364504834e-14
0.865	2.0380920621144728e-14
0.866	2.0502231801778553e-14
0.867	2.0622835875741952e-14
0.868	2.0742717343796234e-14
0.869	2.0861861302488047e-14
0.87	2.0980253364913308e-14
0.871	2.1097879651142278e-14
0.872	2.1214726969193214e-14
0.873	2.133078252329483e-14
0.874	2.1446034110080718e-14
0.875	2.1560470121616978e-14
0.876	2.1674079314939437e-14
0.877	2.1786851071589657e-14
0.878	2.189877516105047e-14
0.879	2.2009842006887692e-14
0.88	2.2120042364639146e-14
0.881	2.2229367568774005e-14
0.882	2.23378092859462e-14
0.883	2.244535969938594e-14
0.884	2.255201150499239e-14
0.885	2.265775773823891e-14
0.886	2.2762591936397625e-14
0.887	2.286650786050587e-14
0.888	2.2969499988799652e-14
0.889	2.307156282522382e-14
0.89	2.3172691577493024e-14
0.891	2.3272880820833457e-14
0.892	2.337212252863564e-14
0.893	2.347040819294075e-14
0.894	2.3567729432387223e-14
0.895	2.3664078107133282e-14
0.896	2.3759446242244063e-14
0.897	2.3853826083075282e-14
0.898	2.3947210019281975e-14
0.899	2.4039590633330852e-14
0.9	2.4130960629818072e-14
0.901	2.4221312878721563e-14
0.902	2.431064047467892e-14
0.903	2.4398936656492467e-14
0.904	2.448619459263974e-14
0.905	2.4572407831809748e-14
0.906	2.465756989101767e-14
0.907	2.4741674438777877e-14
0.908	2.4824715281173237e-14
0.909	2.4906686282509333e-14
0.91	2.4987581411813274e-14
0.911	2.50673945734934e-14
0.912	2.5146119104542413e-14
0.913	2.5223748296589028e-14
0.914	2.530027520145213e-14
0.915	2.537569319039572e-14
0.916	2.5449995408895245e-14
0.917	2.5523175124818786e-14
0.918	2.5595198395454797e-14
0.919	2.56659481603896e-14
0.92	2.5735476321104004e-14
0.921	2.5803796874231608e-14
0.922	2.587091341929573e-14
0.923	2.5936825441565234e-14
0.924	2.6001530848777928e-14
0.925	2.6065026338645244e-14
0.926	2.6127307909447884e-14
0.927	2.6188371136654633e-14
0.928	2.6248211125158288e-14
0.929	2.6306822489383625e-14
0.93	2.636419995718864e-14
0.931	2.6420339981570623e-14
0.932	2.647524831611853e-14
0.933	2.652893284392612e-14
0.934	2.6581401411999176e-14
0.935	2.6632661908289684e-14
0.936	2.6682721896455596e-14
0.937	2.6731589141423318e-14
0.9380000000000001	2.6779271026199433e-14
0.9390000000000001	2.6825774383010802e-14
0.9400000000000001	2.68711056325164e-14
0.9410000000000001	2.691527103805491e-14
0.9420000000000001	2.6958277031294507e-14
0.9430000000000001	2.700012976779275e-14
0.9440000000000001	2.7040835328714182e-14
0.9450000000000001	2.7080399134506367e-14
0.9460000000000001	2.711882645324435e-14
0.9470000000000001	2.7156122025968773e-14
0.9480000000000001	2.7192289912006422e-14
0.9490000000000001	2.722733381470778e-14
0.9500000000000001	2.726125668299125e-14
0.9510000000000001	2.7294058630638112e-14
0.9520000000000001	2.732573020731483e-14
0.9530000000000001	2.7356258836365394e-14
0.9540000000000001	2.738563099445765e-14
0.9550000000000001	2.7413832135712246e-14
0.9560000000000001	2.7440847685962005e-14
0.9570000000000001	2.746666634350842e-14
0.9580000000000001	2.749127663038013e-14
0.9590000000000001	2.7514665325634155e-14
0.9600000000000001	2.7536816362485443e-14
0.9610000000000001	2.7557711632954333e-14
0.9620000000000001	2.7577331183078506e-14
0.963	2.7595653005376403e-14
0.964	2.7612654093990695e-14
0.965	2.76283100919803e-14
0.966	2.7642593996832486e-14
0.967	2.7655475774991443e-14
0.968	2.7666922102355263e-14
0.969	2.7676895915697078e-14
0.97	2.7685356106593826e-14
0.971	2.7692256199556727e-14
0.972	2.7697541389281878e-14
0.973	2.7701150438795418e-14
0.974	2.770301583015661e-14
0.975	2.770306298158569e-14
0.976	2.7701209376517408e-14
0.977	2.769736363369772e-14
0.978	2.7691424249090883e-14
0.979	2.76832783723262e-14
0.98	2.7672800178857854e-14
0.981	2.7659859450736263e-14
0.982	2.7644350394119703e-14
0.983	2.762614558422011e-14
0.984	2.7604816759758026e-14
0.985	2.7580150300517167e-14
0.986	2.755227155174195e-14
0.987	2.7520806961152042e-14
0.988	2.7483596026751847e-14
0.989	2.7437754760520687e-14
0.99	2.7383670127551684e-14
0.991	2.7320632085743618e-14
0.992	2.724757417293496e-14
0.993	2.716315517289354e-14
0.994	2.7065748696961523e-14
0.995	2.6953399294201044e-14
0.996	2.681532770468026e-14
0.997	2.6642813688167997e-14
0.998	2.6435390245489458e-14
0.999	2.61884664957912e-14
1.	2.5895796732987662e-14
1.001	2.55496929892173e-14
1.002	2.514076443415432e-14
1.003	2.465746172700977e-14
1.004	2.4085921590533023e-14
1.005	2.340991004676347e-14
1.006	2.260994520404193e-14
1.007	2.1663860495976312e-14
1.008	2.0547547673232603e-14
1.009	1.9236463249273837e-14
1.01	1.7708784453068742e-14
1.011	1.59512085989554e-14
1.012	1.3966961210145812e-14
1.013	1.1787472524837685e-14
1.014	9.485844047612929e-15
1.015	7.186338458690698e-15
1.016	5.0618005947346424e-15
1.017	3.3106948349819707e-15
1.018	2.1134178325383713e-15
1.019	1.5819691898869378e-15
1.02	1.7281146545638007e-15
1.021	2.4691050112541757e-15
1.022	3.660452622915262e-15
1.023	5.138359430766395e-15
1.024	6.755157731621952e-15
1.025	8.39717069082453e-15
1.026	9.987487864241621e-15
1.027	1.1480548971540181e-14
1.0279999999999998	1.2854017243388744e-14
1.029	1.4100877375488291e-14
1.0299999999999998	1.5223636486989155e-14
1.031	1.622953704650788e-14
1.0319999999999998	1.7128070699758352e-14
1.033	1.7929994432437705e-14
1.0339999999999998	1.8645949243394524e-14
1.035	1.928584013428817e-14
1.0359999999999998	1.9858674348528153e-14
1.037	2.0372551768707056e-14
1.0379999999999998	2.083464118305358e-14
1.039	2.125123697347896e-14
1.0399999999999998	2.162784196279631e-14
1.041	2.1969233492982248e-14
1.0419999999999998	2.2279452516111637e-14
1.043	2.256196513868603e-14
1.0439999999999998	2.281976652404576e-14
1.045	2.3055446916623843e-14
1.0459999999999998	2.327124874977534e-14
1.047	2.346913710363869e-14
1.0479999999999998	2.3650908000215674e-14
1.049	2.3818164129774323e-14
1.0499999999999998	2.397232360073538e-14
1.051	2.411463832238993e-14
1.0519999999999998	2.4246195261217977e-14
1.053	2.4367953349133205e-14
1.0539999999999998	2.448076569900105e-14
1.055	2.4585393100158746e-14
1.0559999999999998	2.468251569439147e-14
1.057	2.4772742798777878e-14
1.0579999999999998	2.4856621125597095e-14
1.059	2.4934642612072293e-14
1.0599999999999998	2.500725099558222e-14
1.061	2.5074846195814966e-14
1.0619999999999998	2.5137785393042466e-14
1.063	2.5196389189905278e-14
1.0639999999999998	2.5250953810257484e-14
1.065	2.530175237198851e-14
1.0659999999999998	2.534902974160565e-14
1.067	2.5392991346147202e-14
1.0679999999999998	2.5433818838637576e-14
1.069	2.547167644896334e-14
1.0699999999999998	2.550671287428595e-14
1.071	2.553907029819568e-14
1.0719999999999998	2.556890846964863e-14
1.073	2.5596383509483112e-14
1.0739999999999998	2.5621641321510366e-14
1.075	2.5644818587126865e-14
1.0759999999999998	2.566604355418743e-14
1.077	2.56854367203707e-14
1.0779999999999998	2.5703111566745466e-14
1.079	2.5719175068732873e-14
1.0799999999999998	2.5733728277797367e-14
1.081	2.574685485395555e-14
1.0819999999999999	2.5758585609469248e-14
1.083	2.5768934825571024e-14
1.0839999999999999	2.5777912603494492e-14
1.085	2.5785525198290227e-14
1.0859999999999999	2.579177549163084e-14
1.087	2.5796689534044584e-14
1.0879999999999999	2.580039432556685e-14
1.089	2.5803007772963745e-14
1.0899999999999999	2.5804612561004296e-14
1.091	2.580527905500192e-14
1.0919999999999999	2.58050418686166e-14
1.093	2.580392515861673e-14
1.0939999999999999	2.5801951178302706e-14
1.095	2.5799140423040527e-14
1.0959999999999999	2.5795511745872585e-14
1.097	2.579108249042172e-14
1.0979999999999999	2.5785868597379898e-14
1.099	2.5779884634044627e-14
1.0999999999999999	2.5773142454263352e-14
1.101	2.576565670398959e-14
1.1019999999999999	2.5757462364733337e-14
1.103	2.5748600323419905e-14
1.1039999999999999	2.5739111882019388e-14
1.105	2.572903730767419e-14
1.1059999999999999	2.5718415774368452e-14
1.107	2.5707272598428933e-14
1.1079999999999999	2.5695580905318608e-14
1.109	2.5683300487247707e-14
1.1099999999999999	2.567039088850482e-14
1.111	2.5656828274339258e-14
1.1119999999999999	2.564265609910851e-14
1.113	2.5627933455129787e-14
1.1139999999999999	2.5612704212878716e-14
1.115	2.5596997134521892e-14
1.1159999999999999	2.5580839701905355e-14
1.117	2.5564258786428627e-14
1.1179999999999999	2.5547280651651355e-14
1.119	2.552993098911031e-14
1.1199999999999999	2.5512234909798803e-14
1.121	2.5494207111668875e-14
1.1219999999999999	2.5475822453033226e-14
1.123	2.545704611186075e-14
1.1239999999999999	2.5437843364567155e-14
1.125	2.541817959885216e-14
1.126	2.539802031194155e-14
1.127	2.5377331176142753e-14
1.128	2.535610577061563e-14
1.129	2.533444822282439e-14
1.13	2.531248903677988e-14
1.131	2.5290333211023244e-14
1.132	2.5267988837453697e-14
1.133	2.5245440015348277e-14
1.134	2.5222670889214325e-14
1.135	2.519933050205676e-14
1.136	2.5176088907262516e-14
1.137	2.5152579069971178e-14
1.138	2.512878574592219e-14
1.139	2.5104703612799404e-14
1.14	2.508033714928145e-14
1.141	2.505568797291701e-14
1.142	2.5030744939018244e-14
1.143	2.500549383602566e-14
1.144	2.4979926074472394e-14
1.145	2.4954054826701792e-14
1.146	2.4927898482765876e-14
1.147	2.4901475160147684e-14
1.148	2.4874802691893645e-14
1.149	2.4847898650362817e-14
1.15	2.48207803084606e-14
1.151	2.479346206352292e-14
1.152	2.47659474763245e-14
1.153	2.473823743324552e-14
1.154	2.4710332800580882e-14
1.155	2.468223394873555e-14
1.156	2.4653940966187517e-14
1.1569999999999998	2.462545502001302e-14
1.158	2.459677689074976e-14
1.1589999999999998	2.456790723783602e-14
1.16	2.4538846659881505e-14
1.1609999999999998	2.4509593449922515e-14
1.162	2.4480136803851908e-14
1.1629999999999998	2.445046426711131e-14
1.164	2.442057422579433e-14
1.1649999999999998	2.4390477277361658e-14
1.166	2.4360190783657494e-14
1.1669999999999998	2.4329733479379608e-14
1.168	2.4299123796747222e-14
1.1689999999999998	2.4268379911467335e-14
1.17	2.4237519727991194e-14
1.1709999999999998	2.4206556057752226e-14
1.172	2.4175482196724208e-14
1.1729999999999998	2.414428672458886e-14
1.174	2.411295835500506e-14
1.1749999999999998	2.40814859792311e-14
1.176	2.404985860191756e-14
1.1769999999999998	2.4018065370802837e-14
1.178	2.3986094095312223e-14
1.1789999999999998	2.3953935542440246e-14
1.18	2.3921579508691354e-14
1.1809999999999998	2.3889024612828704e-14
1.182	2.385630333586029e-14
1.1829999999999998	2.3823457770546372e-14
1.184	2.379053160295664e-14
1.1849999999999998	2.3757565987538116e-14
1.186	2.3724601471468874e-14
1.1869999999999998	2.369165554067749e-14
1.188	2.3658657585811692e-14
1.1889999999999998	2.3625556535396042e-14
1.19	2.3592342842943418e-14
1.1909999999999998	2.3559009427986738e-14
1.192	2.3525551792676712e-14
1.1929999999999998	2.349196611541153e-14
1.194	2.3458248658616538e-14
1.1949999999999998	2.3424395722670597e-14
1.196	2.339040371745503e-14
1.1969999999999998	2.3356269014235317e-14
1.198	2.3321988174729065e-14
1.1989999999999998	2.328755771887287e-14
1.2	2.32529742869286e-14
1.2009999999999998	2.321824193426119e-14
1.202	2.3183394103395936e-14
1.2029999999999998	2.3148471122405876e-14
1.204	2.3113512656544724e-14
1.2049999999999998	2.307855007912776e-14
1.206	2.304358340826011e-14
1.2069999999999999	2.3008604951209527e-14
1.208	2.2973607144171805e-14
1.2089999999999999	2.2938582543121037e-14
1.21	2.2903523809482568e-14
1.2109999999999999	2.2868426358593512e-14
1.212	2.2833296209399273e-14
1.2129999999999999	2.2798141326137923e-14
1.214	2.276295559350361e-14
1.2149999999999999	2.2727719097252876e-14
1.216	2.2692411584492667e-14
1.2169999999999999	2.26570131610513e-14
1.218	2.2621504225137415e-14
1.2189999999999999	2.2585865538926437e-14
1.22	2.255007811306965e-14
1.2209999999999999	2.2514135826500094e-14
1.222	2.2478082331412745e-14
1.2229999999999999	2.2441973046586413e-14
1.224	2.2405862499537206e-14
1.2249999999999999	2.2369804348394273e-14
1.226	2.233383563781646e-14
1.2269999999999999	2.2297930174701903e-14
1.228	2.2262046538589487e-14
1.2289999999999999	2.222614397303304e-14
1.23	2.219018239164193e-14
1.2309999999999999	2.2154131090038277e-14
1.232	2.21179947529353e-14
1.2329999999999999	2.2081786714808206e-14
1.234	2.204552009702972e-14
1.2349999999999999	2.2009207834435624e-14
1.236	2.197286263211863e-14
1.2369999999999999	2.1936497028830924e-14
1.238	2.1900122400980078e-14
1.2389999999999999	2.1863729045639707e-14
1.24	2.1827286562811778e-14
1.2409999999999999	2.1790768822186386e-14
1.242	2.1754168751515106e-14
1.2429999999999999	2.171748402355158e-14
1.244	2.1680712397787614e-14
1.2449999999999999	2.1643851695254033e-14
1.246	2.1606899791752628e-14
1.2469999999999999	2.156986222810893e-14
1.248	2.1532774988960194e-14
1.2489999999999999	2.1495681004404092e-14
1.25	2.145862250770631e-14
1.251	2.1421632714452757e-14
1.252	2.1384711097806765e-14
1.253	2.1347848948506585e-14
1.254	2.131103773010601e-14
1.255	2.1274269028142204e-14
1.256	2.1237534547032353e-14
1.257	2.120082613324057e-14
1.258	2.1164135811936322e-14
1.259	2.112745567954994e-14
1.26	2.109077799287568e-14
1.261	2.1054075315740868e-14
1.262	2.101724168671275e-14
1.263	2.098015777169621e-14
1.264	2.0942806858738245e-14
1.265	2.09052727325436e-14
1.266	2.086764206959726e-14
1.267	2.0829988708278335e-14
1.268	2.079233987485953e-14
1.269	2.0754711094042823e-14
1.27	2.0717117568723805e-14
1.271	2.0679570569133042e-14
1.272	2.0642066375105795e-14
1.273	2.0604597716767053e-14
1.274	2.0567157486581115e-14
1.275	2.0529738666749237e-14
1.276	2.0492334378327213e-14
1.277	2.045493785159755e-14
1.278	2.0417542442356353e-14
1.279	2.0380141619226686e-14
1.28	2.0342728999389673e-14
1.281	2.030529674097857e-14
1.282	2.0267831113098888e-14
1.283	2.023031716155852e-14
1.2839999999999998	2.0192740228994844e-14
1.285	2.0155085936883987e-14
1.2859999999999998	2.011734017531368e-14
1.287	2.0079516459365784e-14
1.2879999999999998	2.0041731901669778e-14
1.289	2.0004009990455222e-14
1.2899999999999998	1.996625568691348e-14
1.291	1.9928390606977708e-14
1.2919999999999998	1.9890417692316326e-14
1.293	1.9852359789337283e-14
1.2939999999999998	1.9814239355122754e-14
1.295	1.9776078452880614e-14
1.2959999999999998	1.9737898753386215e-14
1.297	1.9699721521931214e-14
1.2979999999999998	1.9661567680883928e-14
1.299	1.962345771635021e-14
1.2999999999999998	1.95854116539926e-14
1.301	1.9547437188560962e-14
1.3019999999999998	1.950949393062273e-14
1.303	1.9471530316445494e-14
1.3039999999999998	1.9433495750926245e-14
1.305	1.9395340619203065e-14
1.3059999999999998	1.9357031223636848e-14
1.307	1.9318594317882717e-14
1.3079999999999998	1.9280071031414376e-14
1.309	1.9241501735583903e-14
1.3099999999999998	1.9202926074482792e-14
1.311	1.916436945148492e-14
1.3119999999999998	1.9125803048398625e-14
1.313	1.908718669592242e-14
1.3139999999999998	1.9048514742096342e-14
1.315	1.900981531741461e-14
1.3159999999999998	1.8971117435756595e-14
1.317	1.8932449556441608e-14
1.3179999999999998	1.8893839641608092e-14
1.319	1.8855315049738083e-14
1.3199999999999998	1.8816902697687254e-14
1.321	1.877861242267688e-14
1.3219999999999998	1.874038830304556e-14
1.323	1.8702159085838897e-14
1.3239999999999998	1.8663854902258723e-14
1.325	1.862540725732784e-14
1.3259999999999998	1.858674900637559e-14
1.327	1.8547814378001032e-14
1.3279999999999998	1.8508587558966065e-14
1.329	1.8469246513898577e-14
1.3299999999999998	1.8430013916816537e-14
1.331	1.8391058835292668e-14
1.3319999999999999	1.835235728650856e-14
1.333	1.8313847562778107e-14
1.3339999999999999	1.827546695859954e-14
1.335	1.8237153565872985e-14
1.3359999999999999	1.8198846494907515e-14
1.337	1.8160485975862945e-14
1.3379999999999999	1.8122015859519936e-14
1.339	1.808343729772484e-14
1.3399999999999999	1.8044807434064008e-14
1.341	1.8006175727978032e-14
1.3419999999999999	1.7967554949118566e-14
1.343	1.7928948655873547e-14
1.3439999999999999	1.7890360255956446e-14
1.345	1.7851793161305842e-14
1.3459999999999999	1.7813250680577447e-14
1.347	1.777473782382377e-14
1.3479999999999999	1.7736266479312986e-14
1.349	1.7697850066186896e-14
1.3499999999999999	1.7659501758437455e-14
1.351	1.762123509125838e-14
1.3519999999999999	1.7583065705328824e-14
1.353	1.7545009346552213e-14
1.3539999999999999	1.750708144374812e-14
1.355	1.7469297122365577e-14
1.3559999999999999	1.7431671229115076e-14
1.357	1.739421823035715e-14
1.3579999999999999	1.735695232853524e-14
1.359	1.7319887470666274e-14
1.3599999999999999	1.7283037343491895e-14
1.361	1.7246333491617267e-14
1.3619999999999999	1.7209382761279893e-14
1.363	1.7172100641941486e-14
1.3639999999999999	1.7135087610173205e-14
1.365	1.7098346067168227e-14
1.3659999999999999	1.706183475625483e-14
1.367	1.7025513166965917e-14
1.3679999999999999	1.6989341612090998e-14
1.369	1.6953281236134685e-14
1.3699999999999999	1.6917294024104185e-14
1.371	1.688135209599413e-14
1.3719999999999999	1.684546532374893e-14
1.373	1.680965253272143e-14
1.3739999999999999	1.6773932200873786e-14
1.375	1.6738322513981375e-14
1.376	1.670284134679096e-14
1.377	1.66675061647145e-14
1.378	1.663233409572829e-14
1.379	1.6597342007525246e-14
1.38	1.6562546481407183e-14
1.381	1.652796037412232e-14
1.382	1.6493582653305107e-14
1.383	1.6459408800542874e-14
1.384	1.642543441402115e-14
1.385	1.639165515366342e-14
1.386	1.635806679914256e-14
1.387	1.6324665271025975e-14
1.388	1.629144533851319e-14
1.389	1.6258373450485862e-14
1.39	1.6225388443033288e-14
1.391	1.6192446420107875e-14
1.392	1.6159573660041215e-14
1.393	1.6126813055677095e-14
1.394	1.609420651248098e-14
1.395	1.606179492633468e-14
1.396	1.6029611262292003e-14
1.397	1.5997659911988758e-14
1.398	1.5965938041944207e-14
1.399	1.593444251341686e-14
1.4	1.5903169934996666e-14
1.401	1.587126831644149e-14
1.402	1.584045736266822e-14
1.403	1.580985695131488e-14
1.404	1.5779462671698207e-14
1.405	1.5749269804940473e-14
1.406	1.5719273278304747e-14
1.407	1.5689467859646075e-14
1.408	1.5659848023328282e-14
1.409	1.563040796346336e-14
1.41	1.5601141594521608e-14
1.4109999999999998	1.557203870035688e-14
1.412	1.5543073378912326e-14
1.4129999999999998	1.5514216666053592e-14
1.414	1.5485452441086508e-14
1.4149999999999998	1.5456777128380332e-14
1.416	1.542818768258457e-14
1.4169999999999998	1.5399681121141113e-14
1.418	1.537125454123974e-14
1.4189999999999998	1.534290521184885e-14
1.42	1.5314630564375524e-14
1.4209999999999998	1.528642832665354e-14
1.422	1.5258296578292224e-14
1.4229999999999998	1.5230233867992686e-14
1.424	1.520223909888113e-14
1.4249999999999998	1.5174311562921833e-14
1.426	1.5146450873158855e-14
1.4269999999999998	1.5118656966610116e-14
1.428	1.5090930128748633e-14
1.4289999999999998	1.5063271046276615e-14
1.43	1.5035680753350458e-14
1.4309999999999998	1.500816070264668e-14
1.432	1.4980712897346676e-14
1.4329999999999998	1.495333981060751e-14
1.434	1.4926044206431572e-14
1.4349999999999998	1.489882910734109e-14
1.436	1.48716977180141e-14
1.4369999999999998	1.484465337753873e-14
1.438	1.4817700065214387e-14
1.4389999999999998	1.4790840140835122e-14
1.44	1.476407228411669e-14
1.4409999999999998	1.4737395124676375e-14
1.442	1.471080746246369e-14
1.4429999999999998	1.4684308339325023e-14
1.444	1.465789687187923e-14
1.4449999999999998	1.4631572280573613e-14
1.446	1.460533382928964e-14
1.4469999999999998	1.4579180777344112e-14
1.448	1.4553112424569417e-14
1.4489999999999998	1.4527128062149055e-14
1.45	1.4501226999032186e-14
1.4509999999999998	1.447540918347093e-14
1.452	1.444967716981593e-14
1.4529999999999998	1.442403415532534e-14
1.454	1.4398483251913165e-14
1.4549999999999998	1.43730274980497e-14
1.456	1.4347669795842996e-14
1.4569999999999999	1.4322411437540256e-14
1.458	1.4297247518444486e-14
1.4589999999999999	1.4272171691461173e-14
1.46	1.424717762226494e-14
1.4609999999999999	1.422225903813209e-14
1.462	1.4197409690243977e-14
1.4629999999999999	1.4172623913981017e-14
1.464	1.4147907135592282e-14
1.4649999999999999	1.412327566753808e-14
1.466	1.4098745960927498e-14
1.4669999999999999	1.4074334145581723e-14
1.468	1.4050056007741141e-14
1.4689999999999999	1.4025927040568012e-14
1.47	1.4001962422874397e-14
1.4709999999999999	1.3978172722986345e-14
1.472	1.395455115821e-14
1.4729999999999999	1.3931086767950305e-14
1.474	1.3907768722111686e-14
1.4749999999999999	1.3884586323852757e-14
1.476	1.3861528980792587e-14
1.4769999999999999	1.3838586222085065e-14
1.478	1.3815747683689782e-14
1.4789999999999999	1.3793003118085319e-14
1.48	1.3770342401366292e-14
1.4809999999999999	1.374775551232978e-14
1.482	1.3725232520792935e-14
1.4829999999999999	1.370277564369009e-14
1.484	1.3680434889793248e-14
1.4849999999999999	1.3658271348007584e-14
1.486	1.3636345102984656e-14
1.4869999999999999	1.3614715201827267e-14
1.488	1.359343702420489e-14
1.4889999999999999	1.3572502377260161e-14
1.49	1.355184072880075e-14
1.4909999999999999	1.3531336332924124e-14
1.492	1.3510761355753916e-14
1.4929999999999999	1.3490085848367642e-14
1.494	1.3469339534303803e-14
1.4949999999999999	1.3448551659043583e-14
1.496	1.3427750998561307e-14
1.4969999999999999	1.3406965796075154e-14
1.498	1.3386223816714904e-14
1.4989999999999999	1.3365552391036254e-14
1.5	1.3344978394525064e-14
1.501	1.3324528272810106e-14
1.502	1.3304228038652427e-14
1.503	1.3284103313794193e-14
1.504	1.3264179315351918e-14
1.505	1.3244480878913341e-14
1.506	1.3225026592287683e-14
1.507	1.320581149500488e-14
1.508	1.318680861755927e-14
1.509	1.3167926519441127e-14
1.51	1.3149058892010412e-14
1.511	1.313013384282066e-14
1.512	1.3111211850750363e-14
1.513	1.3092383318346288e-14
1.514	1.3073691923783102e-14
1.515	1.305513542242122e-14
1.516	1.3036709615495178e-14
1.517	1.3018410309971071e-14
1.518	1.3000233355298137e-14
1.519	1.2982174622745477e-14
1.52	1.296423003763051e-14
1.521	1.2946395440483807e-14
1.522	1.2928666499318349e-14
1.523	1.2911039266974439e-14
1.524	1.289350984064371e-14
1.525	1.2876074384032617e-14
1.526	1.2858728375429203e-14
1.527	1.284146755156648e-14
1.528	1.2824288188092705e-14
1.529	1.2807186584368358e-14
1.53	1.2790158821464018e-14
1.531	1.2773202361886111e-14
1.532	1.2756319861269166e-14
1.533	1.2739515214101435e-14
1.534	1.2722792294223644e-14
1.535	1.2706154892323451e-14
1.536	1.2689606764809073e-14
1.537	1.2673151604711743e-14
1.538	1.2656792919506398e-14
1.539	1.2640530995285885e-14
1.5399999999999998	1.2624362931294354e-14
1.541	1.2608285733948868e-14
1.5419999999999998	1.259229647507394e-14
1.543	1.2576392350057197e-14
1.5439999999999998	1.2560570584506166e-14
1.545	1.2544828445138243e-14
1.5459999999999998	1.2529163217589445e-14
1.547	1.2513575652903619e-14
1.5479999999999998	1.2498079977767183e-14
1.549	1.2482693601859708e-14
1.5499999999999998	1.2467417460502185e-14
1.551	1.2452201410424789e-14
1.5519999999999998	1.2437034524385992e-14
1.553	1.2421919713069425e-14
1.5539999999999998	1.2406859871223315e-14
1.555	1.2391857828155148e-14
1.5559999999999998	1.2376916392391334e-14
1.557	1.2362038376972929e-14
1.5579999999999998	1.2347226573632302e-14
1.559	1.2332483722420107e-14
1.5599999999999998	1.2317812522467233e-14
1.561	1.230321564785446e-14
1.5619999999999998	1.2288695868624912e-14
1.563	1.227425549128578e-14
1.5639999999999998	1.2259883928123828e-14
1.565	1.2245557919655009e-14
1.5659999999999998	1.2231253991750128e-14
1.567	1.2216949166431432e-14
1.5679999999999998	1.2202590152137652e-14
1.569	1.2188125724628497e-14
1.5699999999999998	1.2173558280689154e-14
1.571	1.2158881886557856e-14
1.5719999999999998	1.2144123630415179e-14
1.573	1.2129318514353872e-14
1.5739999999999998	1.2114501167459239e-14
1.575	1.2099706271508686e-14
1.5759999999999998	1.2084968959792901e-14
1.577	1.2070325361052431e-14
1.5779999999999998	1.2055812783833628e-14
1.579	1.2041470054242201e-14
1.5799999999999998	1.2027337971701573e-14
1.581	1.2013459766716999e-14
1.5819999999999999	1.1999881614949413e-14
1.583	1.1986652946197903e-14
1.5839999999999999	1.1973826602784075e-14
1.585	1.1961458730023154e-14
1.5859999999999999	1.1949608250728868e-14
1.587	1.1938335911003406e-14
1.5879999999999999	1.1927666866552252e-14
1.589	1.1917099891506325e-14
1.5899999999999999	1.1906463651236723e-14
1.591	1.1895826448756e-14
1.5919999999999999	1.1885239298796396e-14
1.593	1.187473560280838e-14
1.5939999999999999	1.186433139315203e-14
1.595	1.1854027250914386e-14
1.5959999999999999	1.1843812527098244e-14
1.597	1.1833671247714759e-14
1.5979999999999999	1.1823588268100102e-14
1.599	1.1813554730637281e-14
1.5999999999999999	1.1803572034715501e-14
1.601	1.1793642641376498e-14
1.6019999999999999	1.1783736931752062e-14
1.603	1.1773825635402325e-14
1.6039999999999999	1.1763889048087391e-14
1.605	1.1753914673165226e-14
1.6059999999999999	1.174389498404445e-14
1.607	1.173382557030192e-14
1.6079999999999999	1.1723703514198995e-14
1.609	1.1713526280476591e-14
1.6099999999999999	1.170329095093558e-14
1.611	1.1693002187932677e-14
1.6119999999999999	1.1682697017164308e-14
1.613	1.1672418460571532e-14
1.6139999999999999	1.1662193796576674e-14
1.615	1.1652034859765976e-14
1.6159999999999999	1.1641951667780737e-14
1.617	1.1631953167584544e-14
1.6179999999999999	1.1622047384746926e-14
1.619	1.1612241542927858e-14
1.6199999999999999	1.1602542183692281e-14
1.621	1.159295524734067e-14
1.6219999999999999	1.1583486075952397e-14
1.623	1.157413936285862e-14
1.6239999999999999	1.1564919440727607e-14
1.625	1.1555830426252057e-14
1.626	1.1546876234911858e-14
1.627	1.1538060545945092e-14
1.628	1.1529386954864234e-14
1.629	1.1520859082682447e-14
1.63	1.1512480588296344e-14
1.631	1.1504244925391195e-14
1.632	1.1496104488130402e-14
1.633	1.1488001732182917e-14
1.634	1.1479895224980502e-14
1.635	1.1471805883728118e-14
1.636	1.1463770100267503e-14
1.637	1.1455824049993666e-14
1.638	1.1448003327378242e-14
1.639	1.1440329536551793e-14
1.64	1.1432810495181931e-14
1.641	1.1425453717714919e-14
1.642	1.1418266754372244e-14
1.643	1.1411257296251938e-14
1.644	1.1404433363809535e-14
1.645	1.1397803405322481e-14
1.646	1.1391376194186587e-14
1.647	1.13851605923833e-14
1.648	1.1379165799144494e-14
1.649	1.1373401356793056e-14
1.65	1.1367877155352849e-14
1.651	1.136260014918621e-14
1.652	1.1357564537966512e-14
1.653	1.135276147467595e-14
1.654	1.1348182355337031e-14
1.655	1.1343818860328009e-14
1.656	1.1339662742890662e-14
1.657	1.1335705633732603e-14
1.658	1.1331939140044126e-14
1.659	1.1328354873172942e-14
1.66	1.1324944351204438e-14
1.661	1.132171315393707e-14
1.662	1.1318723297975755e-14
1.663	1.1316048638915047e-14
1.664	1.13137231780497e-14
1.665	1.1311741278026919e-14
1.666	1.1310095138345082e-14
1.667	1.1308776254778595e-14
1.668	1.1307775569182812e-14
1.6689999999999998	1.1307083436212411e-14
1.67	1.1306689594327405e-14
1.6709999999999998	1.1306585054536012e-14
1.672	1.1306767929222408e-14
1.6729999999999998	1.1307237558322692e-14
1.674	1.1307992583110554e-14
1.6749999999999998	1.1309030860391127e-14
1.676	1.1310349510975412e-14
1.6769999999999998	1.1311944841956231e-14
1.678	1.1313812415490681e-14
1.6789999999999998	1.1315947104683289e-14
1.68	1.1318343108236402e-14
1.6809999999999998	1.1320993967689812e-14
1.682	1.1323892634872731e-14
1.6829999999999998	1.1327031559363844e-14
1.684	1.1330402701920453e-14
1.6849999999999998	1.1333997544831879e-14
1.686	1.133780712886658e-14
1.6869999999999998	1.134182213508803e-14
1.688	1.134603333177844e-14
1.6889999999999998	1.1350440851367962e-14
1.69	1.135505431239777e-14
1.6909999999999998	1.1359880006816248e-14
1.692	1.136490997340685e-14
1.6929999999999998	1.1370132725064163e-14
1.694	1.1375536786781713e-14
1.6949999999999998	1.1381110682417232e-14
1.696	1.1386843006958529e-14
1.6969999999999998	1.139272251118267e-14
1.698	1.1398738084896542e-14
1.6989999999999998	1.140487879265116e-14
1.7	1.1411133874314501e-14
1.7009999999999998	1.197452159612093e-14
1.702	1.1967358168431671e-14
1.7029999999999998	1.1960203568337046e-14
1.704	1.1953057778633895e-14
1.7049999999999998	1.1945920782167427e-14
1.706	1.1938792561831055e-14
1.7069999999999999	1.1931673100566201e-14
1.708	1.1924562381362104e-14
1.7089999999999999	1.1917460387255655e-14
1.71	1.1910367101331192e-14
1.7109999999999999	1.190328250672032e-14
1.712	1.1896206586601745e-14
1.7129999999999999	1.1889139324201076e-14
1.714	1.188208070279065e-14
1.7149999999999999	1.1875030705689355e-14
1.716	1.1867989316262445e-14
1.7169999999999999	1.1860956517921379e-14
1.718	1.1853932294123619e-14
1.7189999999999999	1.1846916628372482e-14
1.72	1.1839909504216932e-14
1.7209999999999999	1.1832910905251445e-14
1.722	1.1825920815115805e-14
1.7229999999999999	1.181893921749495e-14
1.724	1.181196609611879e-14
1.7249999999999999	1.1805001434762037e-14
1.726	1.1798045217244049e-14
1.7269999999999999	1.1791097427428639e-14
1.728	1.178415804922393e-14
1.7289999999999999	1.1777227066582172e-14
1.73	1.1770304463499574e-14
1.7309999999999999	1.1763390224016165e-14
1.732	1.1756484332215595e-14
1.7329999999999999	1.1749586772224989e-14
1.734	1.174269752821478e-14
1.7349999999999999	1.1735816584398554e-14
1.736	1.1728943925032873e-14
1.7369999999999999	1.1722079534417147e-14
1.738	1.1715223396893423e-14
1.7389999999999999	1.1708375496846273e-14
1.74	1.1701535818702617e-14
1.7409999999999999	1.1694704346931552e-14
1.742	1.1687881066044233e-14
1.7429999999999999	1.1681065960593674e-14
1.744	1.1674259015174622e-14
1.7449999999999999	1.1667460214423391e-14
1.746	1.1660669543017721e-14
1.7469999999999999	1.1653886985676594e-14
1.748	1.1647112527160123e-14
1.7489999999999999	1.1640346152269377e-14
1.75	1.1633587845846224e-14
1.751	1.1626837592773207e-14
1.752	1.1620095377973363e-14
1.753	1.1613361186410105e-14
1.754	1.1606635003087056e-14
1.755	1.1599916813047903e-14
1.756	1.159320660137625e-14
1.757	1.1586504353195495e-14
1.758	1.1579810053668649e-14
1.759	1.1573123687998214e-14
1.76	1.1566445241426037e-14
1.761	1.1559774699233175e-14
1.762	1.155311204673972e-14
1.763	1.1546457269304697e-14
1.764	1.153981035232591e-14
1.765	1.1533171281239794e-14
1.766	1.1526540041521268e-14
1.767	1.1519916618683634e-14
1.768	1.15133009982784e-14
1.769	1.1506693165895153e-14
1.77	1.1500093107161428e-14
1.771	1.1493500807742582e-14
1.772	1.1486916253341616e-14
1.773	1.1480339429699118e-14
1.774	1.1473770322593027e-14
1.775	1.14672089178386e-14
1.776	1.1460655201288197e-14
1.777	1.1454109158831209e-14
1.778	1.1447570776393888e-14
1.779	1.144104003993923e-14
1.78	1.1434516935466851e-14
1.781	1.1428001449012848e-14
1.782	1.1421493566649668e-14
1.783	1.1414993274485986e-14
1.784	1.1408500558666568e-14
1.785	1.1402015405372162e-14
1.786	1.139553780081935e-14
1.787	1.1389067731260432e-14
1.788	1.1382605182983296e-14
1.789	1.1376150142311304e-14
1.79	1.136970259560315e-14
1.791	1.1363262529252751e-14
1.792	1.1356829929689113e-14
1.793	1.1350404783376222e-14
1.794	1.1343987076812897e-14
1.795	1.1337576796532705e-14
1.7959999999999998	1.1331173929103798e-14
1.797	1.1324778461128827e-14
1.7979999999999998	1.1318390379244805e-14
1.799	1.1312009670122986e-14
1.7999999999999998	1.1305636320468761e-14
1.801	1.1299270317021512e-14
1.8019999999999998	1.1292911646554533e-14
1.803	1.1286560295874875e-14
1.8039999999999998	1.128021625182326e-14
1.805	1.1273879501273928e-14
1.8059999999999998	1.1267550031134566e-14
1.807	1.1261227828346155e-14
1.8079999999999998	1.1254912879882887e-14
1.809	1.1248605172752009e-14
1.8099999999999998	1.1242304693993761e-14
1.811	1.1236011430681219e-14
1.8119999999999998	1.1229725369920212e-14
1.813	1.1223446498849187e-14
1.8139999999999998	1.1217174804639113e-14
1.815	1.1210910274493365e-14
1.8159999999999998	1.1204652895647615e-14
1.817	1.1198402655369719e-14
1.8179999999999998	1.1192159540959607e-14
1.819	1.1185923539749169e-14
1.8199999999999998	1.1179694639102171e-14
1.821	1.1173472826414114e-14
1.8219999999999998	1.1167258089112141e-14
1.823	1.1161050414654939e-14
1.8239999999999998	1.1154849790532613e-14
1.825	1.1148656204266591e-14
1.8259999999999998	1.1142469643409525e-14
1.827	1.1136290095545165e-14
1.8279999999999998	1.1130117548288279e-14
1.829	1.1123951989284526e-14
1.8299999999999998	1.1117793406210368e-14
1.831	1.1111641786772955e-14
1.8319999999999999	1.1105497118710035e-14
1.833	1.109935938978984e-14
1.8339999999999999	1.1093228587810984e-14
1.835	1.1087104700602372e-14
1.8359999999999999	1.108098771602309e-14
1.837	1.10748776219623e-14
1.8379999999999999	1.106877440633915e-14
1.839	1.106267805710268e-14
1.8399999999999999	1.1056588562231689e-14
1.841	1.1050505909734679e-14
1.8419999999999999	1.1044430087649731e-14
1.843	1.1038361084044409e-14
1.8439999999999999	1.1032298887015667e-14
1.845	1.1026243484689746e-14
1.8459999999999999	1.1020194865222095e-14
1.847	1.1014153016797238e-14
1.8479999999999999	1.100811792762873e-14
1.849	1.1002089585959e-14
1.8499999999999999	1.0996067980059311e-14
1.851	1.0990053098229628e-14
1.8519999999999999	1.0984044928798544e-14
1.853	1.0978043460123182e-14
1.8539999999999999	1.0972048680589093e-14
1.855	1.0966060578610162e-14
1.8559999999999999	1.0960079142628536e-14
1.857	1.0954104361114497e-14
1.8579999999999999	1.0948136222566418e-14
1.859	1.0942174715510612e-14
1.8599999999999999	1.0936219828501293e-14
1.861	1.093027155012046e-14
1.8619999999999999	1.0924329868977801e-14
1.863	1.0918394773710621e-14
1.8639999999999999	1.091246625298374e-14
1.865	1.0906544295489407e-14
1.8659999999999999	1.0900628889947216e-14
1.867	1.0894720025104005e-14
1.8679999999999999	1.0888817689733775e-14
1.869	1.0882921872637605e-14
1.8699999999999999	1.087703256264357e-14
1.871	1.0871149748606633e-14
1.8719999999999999	1.086527341940858e-14
1.873	1.0859403563957907e-14
1.8739999999999999	1.0853540171189773e-14
1.875	1.0847683230065884e-14
1.876	1.0841832729574417e-14
1.877	1.0835988658729931e-14
1.878	1.0830151006573287e-14
1.879	1.0824319762171559e-14
1.88	1.0818494914617968e-14
1.881	1.081267645303177e-14
1.882	1.0806864366558187e-14
1.883	1.0801058644368332e-14
1.884	1.0795259275659109e-14
1.885	1.0789466249653141e-14
1.886	1.0783679555598703e-14
1.887	1.07778991827696e-14
1.888	1.0772125120465128e-14
1.889	1.076635735800997e-14
1.89	1.0760595884754124e-14
1.891	1.0754840690072814e-14
1.892	1.0749091763366418e-14
1.893	1.0743349094060388e-14
1.894	1.0737612671605175e-14
1.895	1.0731882485476136e-14
1.896	1.0726158525173464e-14
1.897	1.0720440780222113e-14
1.898	1.0714729240171716e-14
1.899	1.0709023894596514e-14
1.9	1.0703324733095254e-14
1.901	1.0697631745291155e-14
1.902	1.0691944920831794e-14
1.903	1.0686264249389037e-14
1.904	1.0680589720658992e-14
1.905	1.0674921324361876e-14
1.906	1.0669259050242008e-14
1.907	1.0663602888067671e-14
1.908	1.065795282763109e-14
1.909	1.0652308858748317e-14
1.91	1.0646670971259171e-14
1.911	1.0641039155027183e-14
1.912	1.0635413399939494e-14
1.913	1.0629793695906783e-14
1.914	1.0624180032863232e-14
1.915	1.0618572400766399e-14
1.916	1.0612970789597181e-14
1.917	1.0607375189359735e-14
1.918	1.0601785590081406e-14
1.919	1.059620198181264e-14
1.92	1.0590624354626947e-14
1.921	1.0585052698620793e-14
1.922	1.057948700391355e-14
1.9229999999999998	1.057392726064742e-14
1.924	1.0568373458987362e-14
1.9249999999999998	1.0562825589121037e-14
1.926	1.0557283641258717e-14
1.9269999999999998	1.0551747605633231e-14
1.928	1.054621747249988e-14
1.9289999999999998	1.0540693232136402e-14
1.93	1.0535174874842851e-14
1.9309999999999998	1.0529662390941587e-14
1.932	1.0524155770777151e-14
1.9329999999999998	1.0518655004716258e-14
1.934	1.0513160083147657e-14
1.9349999999999998	1.0507670996482143e-14
1.936	1.050218773515242e-14
1.9369999999999998	1.0496710289613095e-14
1.938	1.0491238650340549e-14
1.9389999999999998	1.0485772807832933e-14
1.94	1.0480312752610048e-14
1.9409999999999998	1.0474858475213332e-14
1.942	1.0469409966205734e-14
1.9429999999999998	1.046396721617171e-14
1.944	1.0458530215717113e-14
1.9449999999999998	1.0453098955469158e-14
1.946	1.0447673426076337e-14
1.9469999999999998	1.0442253618208354e-14
1.948	1.0436839522556088e-14
1.9489999999999998	1.0431431129831501e-14
1.95	1.042602843076759e-14
1.9509999999999998	1.0420631416118312e-14
1.952	1.0415240076658534e-14
1.9529999999999998	1.040985440318396e-14
1.954	1.0404474386511077e-14
1.9549999999999998	1.0399100017477082e-14
1.956	1.0393731286939842e-14
1.9569999999999999	1.0388368185777803e-14
1.958	1.0383010704889942e-14
1.9589999999999999	1.0377658835195715e-14
1.96	1.0372312567634987e-14
1.9609999999999999	1.0366971893167961e-14
1.962	1.0361636802775142e-14
1.9629999999999999	1.0356307287457257e-14
1.964	1.0350983338235201e-14
1.9649999999999999	1.0345664946149976e-14
1.966	1.0340352102262634e-14
1.9669999999999999	1.0335044797654222e-14
1.968	1.0329743023425702e-14
1.9689999999999999	1.0324446770697926e-14
1.97	1.031915603061155e-14
1.9709999999999999	1.0313870794326974e-14
1.972	1.0308591053024308e-14
1.9729999999999999	1.03033167979033e-14
1.974	1.029804802018327e-14
1.9749999999999999	1.0292784711103063e-14
1.976	1.0287526861920988e-14
1.9769999999999999	1.0282274463914772e-14
1.978	1.0277027508381472e-14
1.9789999999999999	1.0271785986637467e-14
1.98	1.0266549890018345e-14
1.9809999999999999	1.02613192098789e-14
1.982	1.0256093937593032e-14
1.9829999999999999	1.0250874064553726e-14
1.984	1.0245659582172972e-14
1.9849999999999999	1.024045048188172e-14
1.986	1.023524675512982e-14
1.9869999999999999	1.0230048393385979e-14
1.988	1.0224855388137691e-14
1.9889999999999999	1.0219667730891187e-14
1.99	1.0214485413171388e-14
1.9909999999999999	1.020930842652184e-14
1.992	1.0204136762504668e-14
1.9929999999999999	1.0198970412700516e-14
1.994	1.0193809368708498e-14
1.9949999999999999	1.0188653622146145e-14
1.996	1.018350316464935e-14
1.9969999999999999	1.0178357987872308e-14
1.998	1.0173218083487477e-14
1.9989999999999999	1.0168083443185517e-14
2.	1.0162954058675238e-14
2.01	1.0111947470926924e-14
2.0199999999999996	1.0061457474820524e-14
2.03	1.0011476070643372e-14
2.0399999999999996	9.961995429155288e-15
2.05	9.913007886842733e-15
2.0599999999999996	9.864505941340235e-15
2.07	9.816482247011729e-15
2.0799999999999996	9.768929610685038e-15
2.09	9.721840987532845e-15
2.0999999999999996	9.675209477094028e-15
2.11	9.62902831942944e-15
2.1199999999999997	9.583290891406587e-15
2.13	9.537990703107814e-15
2.1399999999999997	9.493121394357064e-15
2.15	9.448676731360288e-15
2.1599999999999997	9.404650603455077e-15
2.17	9.361037019965022e-15
2.1799999999999997	9.317830107154797e-15
2.19	9.275024105281943e-15
2.1999999999999997	9.232613365741623e-15
2.21	9.190592348300725e-15
2.2199999999999998	9.148955618418012e-15
2.23	9.107697844646881e-15
2.2399999999999998	9.066813796117798e-15
2.25	9.026298340097272e-15
2.26	8.986146439620688e-15
2.2699999999999996	8.946353151196138e-15
2.28	8.906913622576751e-15
2.29	8.867823090599014e-15
2.3	8.82907687908469e-15
2.3099999999999996	8.790670396804074e-15
2.32	8.752599135498403e-15
2.3299999999999996	8.7148586679594e-15
2.34	8.677444646163801e-15
2.3499999999999996	8.64035279946114e-15
2.36	8.603578932812805e-15
2.3699999999999997	8.567118925080704e-15
2.38	8.5309687273638e-15
2.3899999999999997	8.495124361380906e-15
2.4	8.459581917898196e-15
2.4099999999999997	8.424337555199957e-15
2.42	8.38938749760107e-15
2.4299999999999997	8.354728033999972e-15
2.44	8.320355516470633e-15
2.4499999999999997	8.286266358892395e-15
2.46	8.252457035616373e-15
2.4699999999999998	8.218924080167286e-15
2.48	8.18566408397955e-15
2.4899999999999998	8.152673695166602e-15
2.5	8.119949617322305e-15
2.51	8.08748860835357e-15
2.5199999999999996	8.055287479343075e-15
2.53	8.02334309344125e-15
2.54	7.991652364786589e-15
2.55	7.960212257453397e-15
2.5599999999999996	7.929019784426193e-15
2.57	7.898072006599908e-15
2.58	7.867366031805117e-15
2.59	7.836899013857578e-15
2.5999999999999996	7.806668151631311e-15
2.61	7.776670688154557e-15
2.6199999999999997	7.746903909727921e-15
2.63	7.717365145064036e-15
2.6399999999999997	7.688051764448182e-15
2.65	7.658961178919155e-15
2.6599999999999997	7.630090839469888e-15
2.67	7.601438236267199e-15
2.6799999999999997	7.573000897890178e-15
2.69	7.544776390586588e-15
2.6999999999999997	7.516762317546896e-15
2.71	7.488956318195321e-15
2.7199999999999998	7.461356067497494e-15
2.7299999999999995	7.433959275284245e-15
2.7399999999999998	7.406763685591062e-15
2.75	7.379767076012815e-15
2.76	7.352967257073278e-15
2.7699999999999996	7.326362071609108e-15
2.78	7.299949394167832e-15
2.79	7.273727130419495e-15
2.8	7.2476932165816e-15
2.8099999999999996	7.22184561885694e-15
2.82	7.196182332884053e-15
2.83	7.170701383199906e-15
2.84	7.145400822714508e-15
2.8499999999999996	7.120278732197113e-15
2.86	7.0953332197737526e-15
2.8699999999999997	7.0705624204357705e-15
2.88	7.04596449555908e-15
2.8899999999999997	7.0215376324338605e-15
2.9	6.997280043804444e-15
2.9099999999999997	6.973189967419125e-15
2.92	6.949265665589589e-15
2.9299999999999997	6.925505424759824e-15
2.94	6.901907555084168e-15
2.9499999999999997	6.878470390014305e-15
2.96	6.855192285895016e-15
2.9699999999999998	6.832071621568389e-15
2.9799999999999995	6.809106797986366e-15
2.9899999999999998	6.786296237831354e-15
3.	6.7636383851447346e-15
3.01	6.741131704963054e-15
3.0199999999999996	6.718774682961742e-15
3.03	6.696565825106135e-15
3.04	6.674503657309643e-15
3.05	6.652586725098925e-15
3.0599999999999996	6.6308135932858024e-15
3.07	6.609182845645886e-15
3.08	6.587693084603639e-15
3.09	6.566342930923773e-15
3.0999999999999996	6.5451310234088555e-15
3.11	6.5240560186028955e-15
3.12	6.503116590500867e-15
3.13	6.4823114302639725e-15
3.1399999999999997	6.461639245940495e-15
3.15	6.441098762192189e-15
3.16	6.420688720025983e-15
3.17	6.40040787653095e-15
3.1799999999999997	6.3802550046203774e-15
3.1899999999999995	6.360228892778848e-15
3.1999999999999997	6.340328344814189e-15
3.21	6.320552179614212e-15
3.2199999999999998	6.30089923090811e-15
3.2299999999999995	6.281368347032411e-15
3.2399999999999998	6.26195839070139e-15
3.25	6.242668238781853e-15
3.26	6.22349678207216e-15
3.2699999999999996	6.204442925085418e-15
3.28	6.18550558583676e-15
3.29	6.16668369563459e-15
3.3	6.147976198875744e-15
3.3099999999999996	6.12938205284443e-15
3.32	6.110900227514925e-15
3.33	6.092529705357895e-15
3.34	6.074269481150297e-15
3.3499999999999996	6.0561185617887545e-15
3.36	6.038075966106363e-15
3.37	6.020140724692815e-15
3.38	6.00231187971782e-15
3.3899999999999997	5.984588484757696e-15
3.4	5.966969604625111e-15
3.41	5.949454315201876e-15
3.42	5.932041703274748e-15
3.4299999999999997	5.914730866374163e-15
3.4399999999999995	5.897520912615846e-15
3.4499999999999997	5.880410960545227e-15
3.46	5.863400138984633e-15
3.4699999999999998	5.846487586883157e-15
3.4799999999999995	5.829672453169174e-15
3.4899999999999998	5.812953896605458e-15
3.5	5.796331085646821e-15
3.51	5.779803198300227e-15
3.5199999999999996	5.763369421987376e-15
3.53	5.747028953409606e-15
3.54	5.730780998415191e-15
3.55	5.558540652048296e-15
3.5599999999999996	5.481736826054591e-15
3.57	5.421010582255331e-15
3.58	5.368746646472399e-15
3.59	5.321974642866996e-15
3.5999999999999996	5.2791608550645425e-15
3.61	5.239388071682779e-15
3.62	5.20205468796037e-15
3.63	5.1667400474853055e-15
3.6399999999999997	5.133135843068085e-15
3.65	5.101007792385237e-15
3.66	5.070172687437894e-15
3.67	5.040483883051891e-15
3.6799999999999997	5.011821710797006e-15
3.6899999999999995	4.9840869140728895e-15
3.6999999999999997	4.957196014157038e-15
3.71	4.931077953942602e-15
3.7199999999999998	4.905671612522286e-15
3.7299999999999995	4.880923928726107e-15
3.7399999999999998	4.856788460121829e-15
3.75	4.680863502188536e-15
3.76	4.599700738549926e-15
3.7699999999999996	4.534960594924354e-15
3.78	4.479047752939897e-15
3.79	4.4289720466321235e-15
3.8	4.383173900047169e-15
3.8099999999999996	4.340710645205368e-15
3.82	4.300957159408041e-15
3.83	4.263471478210107e-15
3.84	4.227926098870439e-15
3.8499999999999996	4.1940694561776084e-15
3.86	4.161702757015272e-15
3.87	4.130665267823881e-15
3.88	4.100824549617982e-15
3.8899999999999997	4.072069737070675e-15
3.9	4.044306769600849e-15
3.91	4.0174549185966896e-15
3.92	3.9914442013283795e-15
3.9299999999999997	3.9662134173035365e-15
3.9399999999999995	3.941708631536944e-15
3.9499999999999997	3.9178819851519134e-15
3.96	3.894690750002418e-15
3.9699999999999998	3.87209656810738e-15
3.9799999999999995	3.850064833059212e-15
3.9899999999999998	3.828564181909939e-15
4.	3.807566074036071e-15
4.01	3.787044439215764e-15
4.02	3.7669753813214276e-15
4.029999999999999	3.747336927105073e-15
4.04	3.728108811848754e-15
4.05	3.7092722953853475e-15
4.06	3.690810003317626e-15
4.07	3.672705789282938e-15
4.08	3.654944614903834e-15
4.09	3.6375124446870105e-15
4.1	3.620396153625063e-15
4.109999999999999	3.603583445647497e-15
4.119999999999999	3.587062781382031e-15
4.13	3.570823313941395e-15
4.14	3.5548548316573176e-15
4.15	3.539147706852295e-15
4.16	3.5236928498786177e-15
4.17	3.5084816677688575e-15
4.18	3.493506026937389e-15
4.1899999999999995	3.4787582194520833e-15
4.199999999999999	3.464230932462019e-15
4.21	3.449917220423247e-15
4.22	3.435810479812138e-15
4.23	3.4219044260561402e-15
4.24	3.408193072446155e-15
4.25	3.3946707108240546e-15
4.26	3.381331893864107e-15
4.27	3.368171418788724e-15
4.279999999999999	3.3551843123776802e-15
4.29	3.3423658171461587e-15
4.3	3.32971137858108e-15
4.3100000000000005	3.317216633337381e-15
4.32	3.3048773983067083e-15
4.33	3.292689660480241e-15
4.34	3.2806495675357183e-15
4.35	3.2687534190858667e-15
4.359999999999999	3.256997658531892e-15
4.369999999999999	3.245378865471261e-15
4.38	3.2338937486140805e-15
4.39	3.2225391391667083e-15
4.4	3.2113119846452518e-15
4.41	3.2002093430850967e-15
4.42	3.1892283776157e-15
4.43	3.1783663513727437e-15
4.4399999999999995	3.1676206227222133e-15
4.449999999999999	3.1569886407732102e-15
4.46	3.1464679411583697e-15
4.47	3.1360561420625244e-15
4.48	3.125750940481934e-15
4.49	3.115550108697854e-15
4.5	3.1054514909495847e-15
4.51	3.0954530002933128e-15
4.52	3.085552615634202e-15
4.529999999999999	3.0757483789201554e-15
4.54	3.066038392486588e-15
4.55	3.056420816542372e-15
4.5600000000000005	3.046893866787878e-15
4.57	3.037455812156714e-15
4.58	3.0281049726733722e-15
4.59	3.01883971741962e-15
4.6	3.009658462602926e-15
4.609999999999999	3.0005596697207563e-15
4.619999999999999	2.9915418438149666e-15
4.63	2.982603531810959e-15
4.64	2.9737433209366274e-15
4.65	2.9649598372164463e-15
4.66	2.956251744036402e-15
4.67	2.947617740775739e-15
4.68	2.9390565615017402e-15
4.6899999999999995	2.9305669737240774e-15
4.699999999999999	2.9221477772054054e-15
4.71	2.913797802825158e-15
4.72	2.9055159114936717e-15
4.73	2.897300993113927e-15
4.74	2.8891519655884213e-15
4.75	2.8810677738687692e-15
4.76	2.873047389045838e-15
4.77	2.8650898074783274e-15
4.779999999999999	2.8571940499578214e-15
4.79	2.849359160908491e-15
4.8	2.8415842076196993e-15
4.8100000000000005	2.8338682795098854e-15
4.82	2.826210487420186e-15
4.83	2.8186099629363508e-15
4.84	2.81106585773758e-15
4.85	2.803577342971011e-15
4.859999999999999	2.7961436086506095e-15
4.869999999999999	2.7887638630793525e-15
4.88	2.7814373322935853e-15
4.89	2.7741632595285486e-15
4.9	2.7669409047040945e-15
4.91	2.759769543929679e-15
4.92	2.752648469027753e-15
4.93	2.7455769870747386e-15
4.9399999999999995	2.7385544199588048e-15
4.949999999999999	2.7315801039537035e-15
4.96	2.7246533893079607e-15
4.97	2.7177736398487723e-15
4.98	2.710940232599941e-15
4.99	2.7041525574132946e-15
5.	2.6974100166129813e-15
5.01	2.6907120246521186e-15
5.02	2.6840580077812735e-15
5.029999999999999	2.6774474037282894e-15
5.04	2.670879661388985e-15
5.05	2.6643542405282875e-15
5.0600000000000005	2.6578706114913765e-15
5.07	2.6514282549244355e-15
5.08	2.6450266615046213e-15
5.09	2.638665331678902e-15
5.1	2.6323437754113872e-15
5.109999999999999	2.6260615119388525e-15
5.119999999999999	2.619818069534104e-15
5.13	2.6136129852769092e-15
5.14	2.607445804832195e-15
5.15	2.6013160822352162e-15
5.16	2.5952233796834784e-15
5.17	2.5891672673350964e-15
5.18	2.583147323113417e-15
5.1899999999999995	2.5771631325176197e-15
5.199999999999999	2.5712142884391013e-15
5.21	2.56530039098343e-15
5.22	2.5594210472976606e-15
5.23	2.5535758714028187e-15
5.24	2.5477644840313796e-15
5.25	2.541986512469538e-15
5.26	2.536241590404126e-15
5.27	2.530529357774007e-15
5.279999999999999	2.5248494606257676e-15
5.29	2.519201550973602e-15
5.3	2.513585286663195e-15
5.3100000000000005	2.5080003312394986e-15
5.32	2.5024463538182616e-15
5.33	2.4969230289611792e-15
5.34	2.49143003655454e-15
5.35	2.4859670616912604e-15
5.359999999999999	2.480533794556194e-15
5.369999999999999	2.475129930314588e-15
5.38	2.46975516900361e-15
5.39	2.464409215426832e-15
5.4	2.4590917790515557e-15
5.41	2.453802573908935e-15
5.42	2.4485413184967477e-15
5.43	2.4433077356847804e-15
5.4399999999999995	2.438101552622711e-15
5.449999999999999	2.4329225006504194e-15
5.46	2.427770315210662e-15
5.47	2.422644735764019e-15
5.48	2.4175455057060392e-15
5.49	2.4124723722865464e-15
5.5	2.407425086530995e-15
5.51	2.402403403163851e-15
5.52	2.397407080533913e-15
5.529999999999999	2.3924358805415256e-15
5.54	2.3874895685676196e-15
5.55	2.3825679134045347e-15
5.5600000000000005	2.3776706871885582e-15
5.57	2.372797665334138e-15
5.58	2.3679486264697193e-15
5.59	2.3631233523751535e-15
5.6	2.3583216279206346e-15
5.609999999999999	2.353543241007121e-15
5.619999999999999	2.3487879825081947e-15
5.63	2.344055646213319e-15
5.64	2.339346028772455e-15
5.65	2.334658929642003e-15
5.66	2.3299941510320137e-15
5.67	2.325351497854653e-15
5.68	2.3207307776738752e-15
5.6899999999999995	2.3161318006562748e-15
5.699999999999999	2.311554379523072e-15
5.71	2.3069983295032252e-15
5.72	2.3024634682876075e-15
5.73	2.2979496159842435e-15
5.74	2.2934565950745693e-15
5.75	2.2889842303706782e-15
5.76	2.2845323489735433e-15
5.77	2.280100780232171e-15
5.779999999999999	2.275689355703679e-15
5.79	2.2712979091142603e-15
5.8	2.266926276321009e-15
5.8100000000000005	2.2625742952746064e-15
5.82	2.2582418059828085e-15
5.83	2.2539286504747516e-15
5.84	2.24963467276602e-15
5.85	2.245359718824487e-15
5.859999999999999	2.241103636536889e-15
5.869999999999999	2.2368662756761156e-15
5.88	2.2326474878692064e-15
5.89	2.228447126566028e-15
5.9	2.224265047008621e-15
5.91	2.220101106201192e-15
5.92	2.2159551628807314e-15
5.93	2.211827077488263e-15
5.9399999999999995	2.207716712140688e-15
5.949999999999999	2.2036239306032042e-15
5.96	2.1995485982623117e-15
5.97	2.1954905820993683e-15
5.98	2.191449750664692e-15
5.99	2.1874259740521845e-15
6.	2.1834191238744845e-15
6.01	2.179429073238615e-15
6.02	2.1754556967221284e-15
6.03	2.1714988703497286e-15
6.04	2.167558471570366e-15
6.05	2.1636343792347805e-15
6.06	2.159726473573507e-15
6.07	2.1558346361752968e-15
6.08	2.1519587499659814e-15
6.09	2.148098699187742e-15
6.1	2.1442543693787863e-15
6.109999999999999	2.1404256473534253e-15
6.12	2.1366124211825323e-15
6.13	2.1328145801743813e-15
6.14	2.129032014855855e-15
6.1499999999999995	2.1252646169540117e-15
6.16	2.121512279378008e-15
6.17	2.1177748962013602e-15
6.18	2.1140523626445478e-15
6.1899999999999995	2.1103445750579417e-15
6.2	2.1066514309050524e-15
6.21	2.1029728287461003e-15
6.22	2.09930866822188e-15
6.2299999999999995	2.0956588500379375e-15
6.24	2.0920232759490314e-15
6.25	2.088401848743888e-15
6.26	2.0847944722302286e-15
6.27	2.0812010512200785e-15
6.28	2.0776214915153412e-15
6.29	2.074055699893636e-15
6.3	2.07050358409439e-15
6.31	2.066965052805181e-15
6.32	2.063440015648332e-15
6.33	2.0599283831677382e-15
6.34	2.0564300668159315e-15
6.35	2.0529449789413803e-15
6.36	2.049473032776004e-15
6.37	2.0460141424229207e-15
6.38	2.0425682228443984e-15
6.39	2.0391351898500264e-15
6.3999999999999995	2.035714960085086e-15
6.41	2.0323074510191327e-15
6.42	2.0289125809347666e-15
6.43	2.025530268916603e-15
6.4399999999999995	2.0221604348404296e-15
6.45	2.018802999362555e-15
6.46	2.0154578839093326e-15
6.47	2.0121250106668686e-15
6.4799999999999995	2.008804302570897e-15
6.49	2.0054956832968394e-15
6.5	2.002199077250016e-15
6.51	1.9989144095560354e-15
6.52	1.995641606051334e-15
6.53	1.9923805932738825e-15
6.54	1.9891312984540403e-15
6.55	1.985893649505563e-15
6.56	1.982667575016765e-15
6.57	1.9794530042418113e-15
6.58	1.9762498670921744e-15
6.59	1.9730580941282106e-15
6.6	1.9698776165508848e-15
6.61	1.9667083661936277e-15
6.62	1.9635502755143224e-15
6.63	1.9604032775874203e-15
6.64	1.9572673060961885e-15
6.6499999999999995	1.954142295325076e-15
6.66	1.9510281801522032e-15
6.67	1.9479248960419715e-15
6.68	1.9448323790377897e-15
6.6899999999999995	1.9417505657549173e-15
6.7	1.9386793933734164e-15
6.71	1.9356187996312177e-15
6.72	1.9325687228172944e-15
6.7299999999999995	1.9295291017649408e-15
6.74	1.926499875845159e-15
6.75	1.9234809849601433e-15
6.76	1.9204723695368686e-15
6.77	1.917473970520777e-15
6.78	1.914485729369561e-15
6.79	1.911507588047041e-15
6.8	1.9085394890171374e-15
6.81	1.905581375237934e-15
6.82	1.9026331901558297e-15
6.83	1.899694877699781e-15
6.84	1.8967663822756315e-15
6.85	1.893847648760521e-15
6.86	1.8909386224973882e-15
6.87	1.888039249289543e-15
6.88	1.8851494753953305e-15
6.89	1.882269247522868e-15
6.8999999999999995	1.8793985128248604e-15
6.91	1.8765372188934952e-15
6.92	1.8736853137554062e-15
6.93	1.8708427458667193e-15
6.9399999999999995	1.868009464108163e-15
6.95	1.8651854177802518e-15
6.96	1.8623705565985436e-15
6.97	1.8595648306889616e-15
6.9799999999999995	1.8567681905831843e-15
6.99	1.8539805872141007e-15
7.	1.8512019719113356e-15
7.01	1.8484322963968316e-15
7.02	1.845671512780498e-15
7.03	1.842919573555922e-15
7.04	1.8401764315961406e-15
7.05	1.8374420401494676e-15
7.06	1.8347163528353864e-15
7.07	1.8319993236404912e-15
7.08	1.8292909069144996e-15
7.09	1.8265910573663017e-15
7.1	1.8238997300600792e-15
7.11	1.821216880411473e-15
7.12	1.8185424641838012e-15
7.13	1.8158764374843365e-15
7.14	1.8132187567606225e-15
7.1499999999999995	1.8105693787968552e-15
7.16	1.8079282607103023e-15
7.17	1.8052953599477755e-15
7.18	1.8026706342821528e-15
7.1899999999999995	1.800054041808944e-15
7.2	1.797445540942905e-15
7.21	1.794845090414696e-15
7.22	1.792252649267586e-15
7.2299999999999995	1.7896681768542003e-15
7.24	1.7870916328333116e-15
7.25	1.7845229771666746e-15
7.26	1.7819621701159025e-15
7.27	1.7794091722393797e-15
7.28	1.7768639443892267e-15
7.29	1.7743264477082926e-15
7.3	1.7717966436271942e-15
7.31	1.7692744938613913e-15
7.32	1.7667599604083002e-15
7.33	1.7642530055444466e-15
7.34	1.7617535918226537e-15
7.35	1.759261682069265e-15
7.36	1.7567772393814057e-15
7.37	1.7543002271242804e-15
7.38	1.7518306089285003e-15
7.39	1.7493683486874488e-15
7.3999999999999995	1.7469134105546804e-15
7.41	1.7444657589413497e-15
7.42	1.7420253585136783e-15
7.43	1.7395921741904446e-15
7.4399999999999995	1.7371661711405172e-15
7.45	1.7347473147804108e-15
7.46	1.7323355707718734e-15
7.47	1.7299309050195067e-15
7.4799999999999995	1.7275332836684153e-15
7.49	1.7251426731018829e-15
7.5	1.7227590399390804e-15
7.51	1.7203823510328005e-15
7.52	1.7180125734672188e-15
7.53	1.7156496745556877e-15
7.54	1.713293621838552e-15
7.55	1.7109443830809907e-15
7.56	1.7086019262708914e-15
7.57	1.7062662196167447e-15
7.58	1.7039372315455658e-15
7.59	1.7016149307008425e-15
7.6	1.6992992859405052e-15
7.61	1.6969902663349248e-15
7.62	1.6946878411649333e-15
7.63	1.6923919799198649e-15
7.64	1.6901026522956252e-15
7.6499999999999995	1.6878198281927819e-15
7.66	1.6855434777146768e-15
7.67	1.6832735711655601e-15
7.68	1.6810100790487512e-15
7.6899999999999995	1.6787529720648118e-15
7.7	1.6765022211097523e-15
7.71	1.674257797273249e-15
7.72	1.6720196718368886e-15
7.7299999999999995	1.6697878162724317e-15
7.74	1.6675622022400897e-15
7.75	1.6653428015868373e-15
7.76	1.6631295863447272e-15
7.77	1.6609225287292351e-15
7.78	1.6587216011376186e-15
7.79	1.6565267761473009e-15
7.8	1.6543380265142638e-15
7.81	1.6521553251714696e-15
7.82	1.6499786452272889e-15
7.83	1.6478079599639619e-15
7.84	1.6456432428360597e-15
7.85	1.6434844674689763e-15
7.86	1.6413316076574317e-15
7.87	1.6391846373639926e-15
7.88	1.6370435307176112e-15
7.89	1.6349082620121768e-15
7.8999999999999995	1.632778805705089e-15
7.91	1.630655136415842e-15
7.92	1.628537228924626e-15
7.93	1.6264250581709451e-15
7.9399999999999995	1.6243185992522508e-15
7.95	1.6222178274225875e-15
7.96	1.6201227180912567e-15
7.97	1.6180332468214922e-15
7.9799999999999995	1.6159493893291561e-15
7.99	1.6138711214814387e-15
8.	1.6117984192955823e-15
8.01	1.609731258937615e-15
8.02	1.6076696167210967e-15
8.030000000000001	1.6056134691058796e-15
8.04	1.603562792696889e-15
8.05	1.6015175642429e-15
8.059999999999999	1.5994777606353489e-15
8.07	1.5974433589071393e-15
8.08	1.5954143362314736e-15
8.09	1.5933906699206869e-15
8.1	1.5913723374251014e-15
8.11	1.5893593163318885e-15
8.120000000000001	1.587351584363944e-15
8.129999999999999	1.5853491193787754e-15
8.14	1.5833518993673995e-15
8.15	1.5813599024532564e-15
8.16	1.5793731068911257e-15
8.17	1.5773914910660646e-15
8.18	1.5754150334923491e-15
8.19	1.5734437128124306e-15
8.2	1.571477507795901e-15
8.21	1.5695163973384693e-15
8.219999999999999	1.5675603604609515e-15
8.23	1.5656093763082632e-15
8.24	1.5636634241484326e-15
8.25	1.5617224833716162e-15
8.26	1.5597865334891263e-15
8.27	1.5578555541324724e-15
8.280000000000001	1.5559295250524041e-15
8.29	1.5540084261179755e-15
8.3	1.552092237315605e-15
8.309999999999999	1.550180938748157e-15
8.32	1.548274510634025e-15
8.33	1.5463729333062298e-15
8.34	1.5444761872115206e-15
8.35	1.5425842529094886e-15
8.36	1.540697111071691e-15
8.370000000000001	1.53881474248078e-15
8.379999999999999	1.5369371280296452e-15
8.39	1.5350642487205534e-15
8.4	1.5331960856643178e-15
8.41	1.5313326200794512e-15
8.42	1.5294738332913459e-15
8.43	1.5276197067314507e-15
8.44	1.5257702219364649e-15
8.45	1.5239253605475296e-15
8.46	1.5220851043094374e-15
8.469999999999999	1.520249435069843e-15
8.48	1.518418334778483e-15
8.49	1.5165917854864078e-15
8.5	1.5147697693452098e-15
8.51	1.5129522686062737e-15
8.52	1.5111392656200225e-15
8.530000000000001	1.5093307428351754e-15
8.54	1.5075266827980148e-15
8.55	1.505727068151652e-15
8.559999999999999	1.5039318816353138e-15
8.57	1.5021411060836194e-15
8.58	1.50035472442588e-15
8.59	1.4985727196853923e-15
8.6	1.4967950749787488e-15
8.61	1.4950217735151435e-15
8.620000000000001	1.4932527985956983e-15
8.629999999999999	1.4914881336127822e-15
8.64	1.4897277620493435e-15
8.65	1.4879716674782504e-15
8.66	1.4862198335616326e-15
8.67	1.484472244050231e-15
8.68	1.4827288827827553e-15
8.69	1.4809897336852435e-15
8.7	1.479254780770434e-15
8.71	1.4775240081371328e-15
8.719999999999999	1.4757973999696023e-15
8.73	1.4740749405369358e-15
8.74	1.4723566141924592e-15
8.75	1.470642405373118e-15
8.76	1.4689322985988862e-15
8.77	1.467226278472171e-15
8.780000000000001	1.4655243296772244e-15
8.79	1.4638264369795666e-15
8.8	1.4621325852254005e-15
8.809999999999999	1.4604427593410533e-15
8.82	1.4587569443323957e-15
8.83	1.4570751252842937e-15
8.84	1.455397287360046e-15
8.85	1.4537234158008343e-15
8.86	1.452053495925177e-15
8.870000000000001	1.4503875131283902e-15
8.879999999999999	1.4487254528820503e-15
8.89	1.4470673007334594e-15
8.9	1.445413042305125e-15
8.91	1.443762663294232e-15
8.92	1.4421161494721303e-15
8.93	1.4404734866838164e-15
8.94	1.4388346608474302e-15
8.95	1.4371996579537489e-15
8.96	1.4355684640656864e-15
8.969999999999999	1.4339410653178023e-15
8.98	1.4323174479158049e-15
8.99	1.4306975981360725e-15
9.	1.4290815023251646e-15
9.01	1.4274691468993468e-15
9.02	1.4258605183441182e-15
9.030000000000001	1.4242556032137385e-15
9.04	1.4226543881307658e-15
9.05	1.4210568597855924e-15
9.059999999999999	1.4194630049359877e-15
9.07	1.4178728104066454e-15
9.08	1.4162862630887343e-15
9.09	1.4147033499394485e-15
9.1	1.4131240579815712e-15
9.11	1.4115483743030303e-15
9.120000000000001	1.409976286056468e-15
9.129999999999999	1.4084077804588084e-15
9.14	1.4068428447908303e-15
9.15	1.4052814663967427e-15
9.16	1.4037236326837671e-15
9.17	1.4021693311217164e-15
9.18	1.4006185492425885e-15
9.19	1.399071274640151e-15
9.2	1.3975274949695367e-15
9.21	1.3959871979468417e-15
9.219999999999999	1.3944503713487269e-15
9.23	1.3929170030120184e-15
9.24	1.3913870808333196e-15
9.25	1.3898605927686172e-15
9.26	1.3883375268328973e-15
9.27	1.3868178710997625e-15
9.280000000000001	1.38530161370105e-15
9.29	1.383788742826459e-15
9.3	1.3822792467231718e-15
9.309999999999999	1.3807731136954863e-15
9.32	1.3792703321044481e-15
9.33	1.3777708903674868e-15
9.34	1.3762747769580519e-15
9.35	1.3747819804052555e-15
9.36	1.3732924892935175e-15
9.370000000000001	1.371806292262212e-15
9.379999999999999	1.3703233780053172e-15
9.39	1.3688437352710679e-15
9.4	1.3673673528616127e-15
9.41	1.3658942196326705e-15
9.42	1.3644243244931928e-15
9.43	1.3629576564050291e-15
9.44	1.3614942043825885e-15
9.45	1.360033957492516e-15
9.46	1.3585769048533577e-15
9.469999999999999	1.3571230356352418e-15
9.48	1.3556723390595488e-15
9.49	1.3542248043985974e-15
9.5	1.3527804209753232e-15
9.51	1.3513391781629638e-15
9.52	1.3499010653847477e-15
9.530000000000001	1.3484660721135821e-15
9.54	1.3470341878717471e-15
9.55	1.3456054022305865e-15
9.559999999999999	1.3441797048102105e-15
9.57	1.3427570852791886e-15
9.58	1.341337533354258e-15
9.59	1.3399210388000214e-15
9.6	1.3385075914286574e-15
9.61	1.3370971810996274e-15
9.620000000000001	1.3356897977193868e-15
9.629999999999999	1.3342854312410993e-15
9.64	1.332884071664349e-15
9.65	1.3314857090348627e-15
9.66	1.3300903334442241e-15
9.67	1.3286979350296005e-15
9.68	1.3273085039734641e-15
9.69	1.32592203050332e-15
9.7	1.3245385048914307e-15
9.71	1.3231579174545507e-15
9.719999999999999	1.3217802585536585e-15
9.73	1.3204055185936857e-15
9.74	1.3190336880232607e-15
9.75	1.317664757334443e-15
9.76	1.3162987170624622e-15
9.77	1.3149355577854641e-15
9.780000000000001	1.3135752701242535e-15
9.79	1.3122178447420408e-15
9.8	1.3108632723441867e-15
9.809999999999999	1.3095115436779582e-15
9.82	1.3081626495322748e-15
9.83	1.3068165807374672e-15
9.84	1.3054733281650293e-15
9.85	1.3041328827273762e-15
9.86	1.3027952353776049e-15
9.870000000000001	1.3014603771092541e-15
9.879999999999999	1.3001282989560686e-15
9.89	1.2987989919917603e-15
9.9	1.2974724473297785e-15
9.91	1.296148656123076e-15
9.92	1.2948276095638779e-15
9.93	1.2935092988834559e-15
9.940000000000001	1.2921937153518976e-15
9.95	1.2908808502778857e-15
9.96	1.289570695008469e-15
9.969999999999999	1.2882632409288468e-15
9.98	1.2869584794621426e-15
9.99	1.2856564020691892e-15
10.	1.2843570002483103e-15
10.01	1.283060265535105e-15
10.02	1.2817661895022331e-15
10.03	1.2804747637592042e-15
10.04	1.2791859799521664e-15
10.05	1.2778998297636947e-15
10.06	1.2766163049125868e-15
10.07	1.2753353971536536e-15
10.08	1.2740570982775165e-15
10.09	1.272781400110403e-15
10.1	1.2715082945139427e-15
10.11	1.2702377733849715e-15
10.12	1.2689698286553284e-15
10.13	1.2677044522916595e-15
10.14	1.2664416362952217e-15
10.15	1.265181372701687e-15
10.16	1.26392365358095e-15
10.17	1.2626684710369351e-15
10.18	1.261415817207407e-15
10.19	1.2601656842637787e-15
10.2	1.2589180644109255e-15
10.209999999999999	1.257672949886999e-15
10.22	1.2564303329632382e-15
10.23	1.2551902059437896e-15
10.24	1.2539525611655208e-15
10.25	1.2527173909978413e-15
10.26	1.2514846878425206e-15
10.27	1.2502544441335102e-15
10.28	1.249026652336766e-15
10.29	1.247801304950069e-15
10.3	1.2465783945028545e-15
10.31	1.2453579135560343e-15
10.32	1.2441398547018253e-15
10.33	1.2429242105635773e-15
10.34	1.241710973795603e-15
10.35	1.2405001370830076e-15
10.36	1.2392916931415224e-15
10.37	1.238085634717335e-15
10.38	1.2368819545869253e-15
10.39	1.2356806455569023e-15
10.4	1.2344817004638364e-15
10.41	1.2332851121740993e-15
10.42	1.2320908735837023e-15
10.43	1.2308989776181372e-15
10.44	1.2297094172322142e-15
10.45	1.2285221854099056e-15
10.459999999999999	1.2273372751641898e-15
10.47	1.2261546795368909e-15
10.48	1.2249743915985308e-15
10.49	1.223796404448168e-15
10.5	1.2226207112132493e-15
10.51	1.2214473050494557e-15
10.52	1.2202761791405535e-15
10.53	1.219107326698242e-15
10.54	1.217940740962007e-15
10.55	1.2167764151989717e-15
10.56	1.2156143427037504e-15
10.57	1.2144545167983013e-15
10.58	1.2132969308317842e-15
10.59	1.212141578180414e-15
10.6	1.210988452247318e-15
10.61	1.2098375464623967e-15
10.62	1.2086888542821783e-15
10.63	1.2075423691896821e-15
10.64	1.2063980846942777e-15
10.65	1.2052559943315466e-15
10.66	1.2041160916631456e-15
10.67	1.2029783702766693e-15
10.68	1.2018428237855152e-15
10.69	1.2007094458287487e-15
10.7	1.1995782300709693e-15
10.71	1.1984491702021775e-15
10.72	1.1973222599376428e-15
10.73	1.1961974930177728e-15
10.74	1.1950748632079818e-15
10.75	1.1939543642985615e-15
10.76	1.1928359901045537e-15
10.77	1.1917197344656219e-15
10.78	1.1906055912459214e-15
10.79	1.1894935543339778e-15
10.8	1.1883836176425578e-15
10.81	1.1872757751085463e-15
10.82	1.1861700206928223e-15
10.83	1.1850663483801363e-15
10.84	1.183964752178986e-15
10.85	1.1828652261214982e-15
10.86	1.1817677642633062e-15
10.87	1.1806723606834285e-15
10.88	1.1795790094841535e-15
10.89	1.1784877047909171e-15
10.9	1.1773984407521884e-15
10.91	1.1763112115393488e-15
10.92	1.1752260113465813e-15
10.93	1.1741428343907498e-15
10.94	1.1730616749112887e-15
10.95	1.1719825271700849e-15
10.96	1.1709053854513682e-15
10.97	1.1698302440615972e-15
10.98	1.168757097329347e-15
10.99	1.1676859396051984e-15
11.	1.1666167652616285e-15
11.01	1.1655495686929e-15
11.02	1.1644843443149514e-15
11.03	1.1634210865652918e-15
11.04	1.1623597899028883e-15
11.05	1.1613004488080636e-15
11.06	1.160243057782388e-15
11.07	1.159187611348572e-15
11.08	1.158134104050364e-15
11.09	1.157082530452444e-15
11.1	1.156032885140321e-15
11.11	1.15498516272023e-15
11.12	1.153939357819027e-15
11.13	1.1528954650840917e-15
11.14	1.1518534791832224e-15
11.15	1.1508133948045373e-15
11.16	1.1497752066563736e-15
11.17	1.14873890946719e-15
11.18	1.1477044979854649e-15
11.19	1.1466719669796003e-15
11.2	1.145641311237825e-15
11.21	1.1446125255680958e-15
11.22	1.143585604798002e-15
11.23	1.1425605437746701e-15
11.24	1.1415373373646678e-15
11.25	1.140515980453909e-15
11.26	1.1394964679475613e-15
11.27	1.1384787947699521e-15
11.28	1.137462955864474e-15
11.29	1.1364489461934952e-15
11.3	1.1354367607382653e-15
11.31	1.134426394498826e-15
11.32	1.1334178424939183e-15
11.33	1.1324110997608945e-15
11.34	1.131406161355628e-15
11.35	1.130403022352422e-15
11.36	1.1294016778439253e-15
11.37	1.1284021229410403e-15
11.38	1.1274043527728381e-15
11.39	1.1264083624864698e-15
11.4	1.1254141472470809e-15
11.41	1.1244217022377258e-15
11.42	1.1234310226592819e-15
11.43	1.122442103730364e-15
11.44	1.121454940687242e-15
11.45	1.1204695287837535e-15
11.46	1.119485863291224e-15
11.47	1.1185039394983827e-15
11.48	1.1175237527112786e-15
11.49	1.116545298253201e-15
11.5	1.1155685714645964e-15
11.51	1.1145935677029875e-15
11.52	1.1136202823428937e-15
11.53	1.112648710775751e-15
11.54	1.1116788484098307e-15
11.55	1.1107106906701623e-15
11.56	1.1097442329984544e-15
11.57	1.1087794708530157e-15
11.58	1.107816399708678e-15
11.59	1.1068550150567182e-15
11.6	1.1058953124047836e-15
11.61	1.104937287276812e-15
11.62	1.1039809352129586e-15
11.63	1.1030262517695187e-15
11.64	1.102073232518856e-15
11.65	1.1011218730493222e-15
11.66	1.1001721689651881e-15
11.67	1.099224115886567e-15
11.68	1.0982777094493427e-15
11.69	1.097332945305095e-15
11.7	1.0963898191210292e-15
11.71	1.0954483265799026e-15
11.72	1.0945084633799536e-15
11.73	1.0935702252348292e-15
11.74	1.0926336078735155e-15
11.75	1.0916986070402667e-15
11.76	1.0907652184945351e-15
11.77	1.0898334380109008e-15
11.78	1.088903261379003e-15
11.79	1.087974684403472e-15
11.8	1.0870477029038597e-15
11.81	1.0861223127145705e-15
11.82	1.085198509684796e-15
11.83	1.0842762896784451e-15
11.84	1.08335564857408e-15
11.85	1.0824365822648458e-15
11.86	1.0815190866584083e-15
11.87	1.0806031576768858e-15
11.88	1.079688791256783e-15
11.89	1.0787759833489296e-15
11.9	1.0778647299184103e-15
11.91	1.0769550269445044e-15
11.92	1.0760468704206214e-15
11.93	1.0751402563542349e-15
11.94	1.0742351807668215e-15
11.95	1.0733316396937973e-15
11.96	1.0724296291844559e-15
11.97	1.0715291453019052e-15
11.98	1.070630184123005e-15
11.99	1.069732741738307e-15
12.	1.0688368142519926e-15
12.01	1.0679423977818134e-15
12.02	1.067049488459028e-15
12.03	1.066158082428344e-15
12.04	1.065268175847857e-15
12.05	1.064379764888992e-15
12.06	1.063492845736444e-15
12.07	1.0626074145881184e-15
12.08	1.061723467655072e-15
12.09	1.0608410011614576e-15
12.1	1.0599600113444621e-15
12.11	1.0590804944542516e-15
12.12	1.0582024467539136e-15
12.13	1.0573258645193988e-15
12.14	1.0564507440394669e-15
12.15	1.055577081615627e-15
12.16	1.0547048735620843e-15
12.17	1.0538341162056832e-15
12.18	1.0529648058858521e-15
12.19	1.0520969389545465e-15
12.2	1.051230511776198e-15
12.21	1.0503655207276553e-15
12.22	1.0495019621981345e-15
12.23	1.0486398325891607e-15
12.24	1.0477791283145166e-15
12.25	1.0469198458001898e-15
12.26	1.0460619814843174e-15
12.27	1.045205531817136e-15
12.28	1.0443504932609264e-15
12.29	1.0434968622899639e-15
12.3	1.0426446353904631e-15
12.31	1.0417938090605306e-15
12.32	1.0409443798101085e-15
12.33	1.0400963441609282e-15
12.34	1.0392496986464552e-15
12.35	1.0384044398118425e-15
12.36	1.0375605642138766e-15
12.37	1.0367180684209304e-15
12.38	1.03587694901291e-15
12.39	1.0350372025812095e-15
12.4	1.0341988257286585e-15
12.41	1.0333618150694745e-15
12.42	1.032526167229213e-15
12.43	1.0316918788447192e-15
12.44	1.0308589465640824e-15
12.45	1.0300273670465834e-15
12.46	1.0291971369626504e-15
12.47	1.0283682529938105e-15
12.48	1.0275407118326426e-15
12.49	1.0267145101827286e-15
12.5	1.0258896447586094e-15
12.51	1.0250661122857367e-15
12.52	1.024243909500428e-15
12.53	1.0234230331498185e-15
12.54	1.0226034799918172e-15
12.55	1.0217852467950607e-15
12.56	1.0209683303388684e-15
12.57	1.0201527274131966e-15
12.58	1.0193384348185943e-15
12.59	1.0185254493661582e-15
12.6	1.0177137678774887e-15
12.61	1.0169033871846446e-15
12.62	1.0160943041301023e-15
12.63	1.0152865155667074e-15
12.64	1.0144800183576364e-15
12.65	1.013674809376349e-15
12.66	1.0128708855065476e-15
12.67	1.0120682436421341e-15
12.68	1.011266880687167e-15
12.69	1.0104667935558193e-15
12.7	1.0096679791723357e-15
12.71	1.0088704344709921e-15
12.72	1.0080741563960527e-15
12.73	1.0072791419017283e-15
12.74	1.0064853879521364e-15
12.75	1.0056928915212585e-15
12.76	1.004901649592901e-15
12.77	1.0041116591606531e-15
12.78	1.0033229172278465e-15
12.79	1.0025354208075158e-15
12.8	1.0017491669223587e-15
12.81	1.0009641526046947e-15
12.82	1.0001803748964278e-15
12.83	9.99397830849004e-16
12.84	9.986165175233752e-16
12.85	9.978364319899578e-16
12.86	9.970575713285953e-16
12.87	9.962799326285191e-16
12.88	9.955035129883103e-16
12.89	9.94728309515861e-16
12.9	9.939543193283371e-16
12.91	9.931815395521382e-16
12.92	9.924099673228643e-16
12.93	9.916395997852736e-16
12.94	9.908704340932474e-16
12.95	9.901024674097531e-16
12.96	9.893356969068072e-16
12.97	9.885701197654383e-16
12.98	9.878057331756508e-16
12.99	9.870425343363864e-16
13.	9.862805204554929e-16
13.01	9.855196887496826e-16
13.02	9.847600364444996e-16
13.03	9.840015607742845e-16
13.04	9.832442589821361e-16
13.05	9.824881283198798e-16
13.06	9.817331660480284e-16
13.07	9.809793694357516e-16
13.08	9.802267357608374e-16
13.09	9.794752623096595e-16
13.1	9.787249463771417e-16
13.11	9.779757852667252e-16
13.12	9.772277762903336e-16
13.13	9.764809167683377e-16
13.14	9.757352040295242e-16
13.15	9.749906354110606e-16
13.16	9.742472082584617e-16
13.17	9.73504919925556e-16
13.18	9.727637677744551e-16
13.19	9.720237491755174e-16
13.2	9.712848615073162e-16
13.21	9.705471021566095e-16
13.22	9.698104685183042e-16
13.23	9.69074957995426e-16
13.24	9.683405679990862e-16
13.25	9.676072959484497e-16
13.26	9.668751392707037e-16
13.27	9.661440954010257e-16
13.28	9.654141617825524e-16
13.29	9.646853358663471e-16
13.3	9.6395761511137e-16
13.31	9.632309969844462e-16
13.32	9.625054789602342e-16
13.33	9.617810585211972e-16
13.34	9.6105773315757e-16
13.35	9.603355003673307e-16
13.36	9.596143576561679e-16
13.37	9.588943025374532e-16
13.38	9.581753325322094e-16
13.39	9.574574451690804e-16
13.4	9.56740637984303e-16
13.41	9.560249085216757e-16
13.42	9.553102543325303e-16
13.43	9.545966729757024e-16
13.44	9.538841620175006e-16
13.45	9.531727190316803e-16
13.46	9.524623415994122e-16
13.47	9.51753027309255e-16
13.48	9.51044773757126e-16
13.49	9.503375785462737e-16
13.5	9.496314392872474e-16
13.51	9.489263535978708e-16
13.52	9.482223191032133e-16
13.53	9.475193334355622e-16
13.54	9.468173942343933e-16
13.55	9.461164991463463e-16
13.56	9.454166458251951e-16
13.57	9.44717831931819e-16
13.58	9.440200551341794e-16
13.59	9.433233131072887e-16
13.6	9.42627603533185e-16
13.61	9.419329241009056e-16
13.62	9.412392725064586e-16
13.63	9.405466464527979e-16
13.64	9.39855043649796e-16
13.65	9.391644618142168e-16
13.66	9.384748986696908e-16
13.67	9.377863519466865e-16
13.68	9.370988193824876e-16
13.69	9.36412298721164e-16
13.7	9.357267877135485e-16
13.71	9.35042284117209e-16
13.72	9.343587856964242e-16
13.73	9.336762902221573e-16
13.74	9.329947954720318e-16
13.75	9.323142992303044e-16
13.76	9.316347992878426e-16
13.77	9.30956293442097e-16
13.78	9.302787794970777e-16
13.79	9.296022552633292e-16
13.8	9.289267185579067e-16
13.81	9.282521672043508e-16
13.82	9.275785990326615e-16
13.83	9.269060118792764e-16
13.84	9.262344035870462e-16
13.85	9.255637720052094e-16
13.86	9.248941149893685e-16
13.87	9.24225430401467e-16
13.88	9.235577161097644e-16
13.89	9.22890969988814e-16
13.9	9.222251899194386e-16
13.91	9.215603737887065e-16
13.92	9.20896519489909e-16
13.93	9.20233624922537e-16
13.94	9.19571687992258e-16
13.95	9.189107066108925e-16
13.96	9.182506786963917e-16
13.97	9.175916021728145e-16
13.98	9.169334749703044e-16
13.99	9.162762950250677e-16
14.	9.156200602793507e-16
14.01	9.149647686814165e-16
14.02	9.143104181855239e-16
14.03	9.136570067519046e-16
14.040000000000001	9.13004532346741e-16
14.05	9.12352992942145e-16
14.06	9.117023865161348e-16
14.07	9.110527110526146e-16
14.08	9.104039645413508e-16
14.09	9.097561449779534e-16
14.1	9.091092503638517e-16
14.11	9.084632787062746e-16
14.12	9.078182280182281e-16
14.13	9.07174096318475e-16
14.14	9.065308816315144e-16
14.15	9.058885819875586e-16
14.16	9.052471954225129e-16
14.17	9.046067199779568e-16
14.18	9.039671537011205e-16
14.19	9.033284946448656e-16
14.2	9.026907408676647e-16
14.21	9.0205389043358e-16
14.22	9.014179414122448e-16
14.23	9.007828918788398e-16
14.24	9.00148739914077e-16
14.25	8.995154836041766e-16
14.26	8.98883121040848e-16
14.27	8.982516503212706e-16
14.28	8.976210695480722e-16
14.290000000000001	8.969913768293106e-16
14.3	8.96362570278455e-16
14.31	8.95734648014363e-16
14.32	8.951076081612637e-16
14.33	8.944814488487394e-16
14.34	8.93856168211702e-16
14.35	8.932317643903785e-16
14.36	8.926082355302887e-16
14.37	8.919855797822274e-16
14.38	8.91363795302245e-16
14.39	8.907428802516297e-16
14.4	8.901228327968867e-16
14.41	8.895036511097213e-16
14.42	8.888853333670185e-16
14.43	8.882678777508265e-16
14.44	8.876512824483364e-16
14.45	8.870355456518658e-16
14.46	8.864206655588375e-16
14.47	8.858066403717635e-16
14.48	8.85193468298227e-16
14.49	8.845811475508629e-16
14.5	8.839696763473407e-16
14.51	8.833590529103465e-16
14.52	8.827492754675648e-16
14.53	8.821403422516606e-16
14.540000000000001	8.815322515002624e-16
14.55	8.809250014559447e-16
14.56	8.80318590366209e-16
14.57	8.797130164834675e-16
14.58	8.791082780650265e-16
14.59	8.785043733730665e-16
14.6	8.779013006746274e-16
14.61	8.772990582415903e-16
14.62	8.766976443506604e-16
14.63	8.760970572833506e-16
14.64	8.754972953259636e-16
14.65	8.748983567695749e-16
14.66	8.743002399100185e-16
14.67	8.73702943047866e-16
14.68	8.731064644884137e-16
14.69	8.725108025416638e-16
14.7	8.719159555223094e-16
14.71	8.713219217497153e-16
14.72	8.70728699547906e-16
14.73	8.70136287245545e-16
14.74	8.695446831759219e-16
14.75	8.689538856769337e-16
14.76	8.683638930910703e-16
14.77	8.677747037653984e-16
14.78	8.671863160515442e-16
14.790000000000001	8.665987283056791e-16
14.8	8.660119388885033e-16
14.81	8.654259461652291e-16
14.82	8.648407485055668e-16
14.83	8.642563442837082e-16
14.84	8.63672731878311e-16
14.85	8.630899096724833e-16
14.86	8.625078760537684e-16
14.87	8.619266294141296e-16
14.88	8.61346168149934e-16
14.89	8.607664906619389e-16
14.9	8.601875953552749e-16
14.91	8.596094806394315e-16
14.92	8.590321449282419e-16
14.93	8.584555866398689e-16
14.94	8.578798041967893e-16
14.95	8.573047960257778e-16
14.96	8.567305605578942e-16
14.97	8.561570962284683e-16
14.98	8.555844014770842e-16
14.99	8.550124747475663e-16
15.	8.544413144879652e-16
15.01	8.53870919150542e-16
15.02	8.533012871917552e-16
15.03	8.527324170722457e-16
15.040000000000001	8.52164307256822e-16
15.05	8.515969562144477e-16
15.06	8.510303624182247e-16
15.07	8.504645243453816e-16
15.08	8.498994404772572e-16
15.09	8.493351092992895e-16
15.1	8.487715293009985e-16
15.11	8.482086989759747e-16
15.12	8.47646616821864e-16
15.13	8.470852813403545e-16
15.14	8.465246910371622e-16
15.15	8.459648444220187e-16
15.16	8.454057400086554e-16
15.17	8.448473763147914e-16
15.18	8.442897518621204e-16
15.19	8.43732865176296e-16
15.2	8.431767147869194e-16
15.21	8.426212992275247e-16
15.22	8.420666170355669e-16
15.23	8.415126667524091e-16
15.24	8.409594469233068e-16
15.25	8.4040695609739815e-16
15.26	8.398551928276879e-16
15.27	8.393041556710363e-16
15.28	8.387538431881458e-16
15.290000000000001	8.382042539435469e-16
15.3	8.376553865055873e-16
15.31	8.371072394464175e-16
15.32	8.365598113419791e-16
15.33	8.360131007719907e-16
15.34	8.35467106319937e-16
15.35	8.349218265730553e-16
15.36	8.343772601223226e-16
15.37	8.338334055624443e-16
15.38	8.332902614918396e-16
15.39	8.327478265126326e-16
15.4	8.32206099230636e-16
15.41	8.316650782553418e-16
15.42	8.311247621999075e-16
15.43	8.305851496811445e-16
15.44	8.300462393195054e-16
15.45	8.295080297390732e-16
15.46	8.289705195675479e-16
15.47	8.284337074362349e-16
15.48	8.278975919800326e-16
15.49	8.273621718374222e-16
15.5	8.268274456504549e-16
15.51	8.262934120647375e-16
15.52	8.257600697294261e-16
15.53	8.252274172972089e-16
15.540000000000001	8.246954534242984e-16
15.55	8.241641767704182e-16
15.56	8.236335859987909e-16
15.57	8.231036797761275e-16
15.58	8.225744567726162e-16
15.59	8.220459156619098e-16
15.6	8.215180551211155e-16
15.61	8.209908738307824e-16
15.62	8.204643704748913e-16
15.63	8.199385437408427e-16
15.64	8.194133923194463e-16
15.65	8.188889149049098e-16
15.66	8.183651101948255e-16
15.67	8.178419768901627e-16
15.68	8.173195136952553e-16
15.69	8.167977193177898e-16
15.7	8.162765924687955e-16
15.71	8.157561318626329e-16
15.72	8.152363362169843e-16
15.73	8.147172042528406e-16
15.74	8.141987346944925e-16
15.75	8.136809262695193e-16
15.76	8.1316377770877785e-16
15.77	8.126472877463915e-16
15.78	8.121314551197415e-16
15.790000000000001	8.116162785694529e-16
15.8	8.111017568393886e-16
15.81	8.105878886766348e-16
15.82	8.100746728314929e-16
15.83	8.09562108057468e-16
15.84	8.090501931112591e-16
15.85	8.085389267527491e-16
15.86	8.080283077449934e-16
15.87	8.075183348542106e-16
15.88	8.070090068497723e-16
15.89	8.06500322504193e-16
15.9	8.059922805931185e-16
15.91	8.05484879895318e-16
15.92	8.04978119192673e-16
15.93	8.044719972701673e-16
15.94	8.039665129158766e-16
15.95	8.034616649209603e-16
15.96	8.0295745207964965e-16
15.97	8.024538731892386e-16
15.98	8.019509270500744e-16
15.99	8.014486124655478e-16
16.	8.009469282420826e-16
16.009999999999998	8.004458731891267e-16
16.02	7.999454461191417e-16
16.03	7.994456458475945e-16
16.04	7.989464711929472e-16
16.05	7.984479209766459e-16
16.060000000000002	7.979499940231141e-16
16.07	7.974526891597411e-16
16.08	7.969560052168743e-16
16.09	7.964599410278067e-16
16.1	7.959644954287714e-16
16.11	7.954696672589303e-16
16.119999999999997	7.949754553603638e-16
16.130000000000003	7.944818585780642e-16
16.14	7.939888757599248e-16
16.15	7.934965057567303e-16
16.16	7.930047474221486e-16
16.17	7.925135996127209e-16
16.18	7.920230611878553e-16
16.189999999999998	7.91533131009813e-16
16.2	7.910438079437029e-16
16.21	7.905550908574721e-16
16.22	7.900669786218966e-16
16.23	7.895794701105708e-16
16.240000000000002	7.890925641999019e-16
16.25	7.886062597690984e-16
16.259999999999998	7.881205557001623e-16
16.27	7.876354508778808e-16
16.28	7.871509441898157e-16
16.29	7.866670345262979e-16
16.3	7.861837207804147e-16
16.310000000000002	7.857010018480055e-16
16.32	7.852188766276494e-16
16.33	7.847373440206585e-16
16.34	7.842564029310701e-16
16.35	7.837760522656359e-16
16.36	7.832962909338156e-16
16.369999999999997	7.8281711784776755e-16
16.380000000000003	7.823385319223402e-16
16.39	7.818605320750649e-16
16.4	7.813831172261459e-16
16.41	7.809062862984523e-16
16.42	7.804300382175112e-16
16.43	7.799543719114986e-16
16.439999999999998	7.794792863112306e-16
16.45	7.790047803501554e-16
16.46	7.785308529643464e-16
16.47	7.780575030924928e-16
16.48	7.775847296758909e-16
16.490000000000002	7.771125316584386e-16
16.5	7.766409079866245e-16
16.509999999999998	7.761698576095216e-16
16.52	7.756993794787786e-16
16.53	7.752294725486128e-16
16.54	7.747601357758009e-16
16.55	7.742913681196722e-16
16.560000000000002	7.738231685420999e-16
16.57	7.733555360074944e-16
16.58	7.728884694827945e-16
16.59	7.724219679374599e-16
16.6	7.71956030343463e-16
16.61	7.714906556752831e-16
16.619999999999997	7.710258429098962e-16
16.630000000000003	7.70561591026768e-16
16.64	7.700978990078483e-16
16.65	7.696347658375603e-16
16.66	7.691721905027961e-16
16.67	7.687101719929062e-16
16.68	7.682487092996938e-16
16.689999999999998	7.677878014174077e-16
16.7	7.673274473427327e-16
16.71	7.668676460747849e-16
16.72	7.66408396615102e-16
16.73	7.659496979676374e-16
16.740000000000002	7.654915491387521e-16
16.75	7.6503394913720765e-16
16.759999999999998	7.645768969741583e-16
16.77	7.641203916631449e-16
16.78	7.636644322200864e-16
16.79	7.632090176632743e-16
16.8	7.627541470133624e-16
16.810000000000002	7.622998192933639e-16
16.82	7.618460335286402e-16
16.83	7.613927887468965e-16
16.84	7.609400839781734e-16
16.85	7.604879182548401e-16
16.86	7.600362906115887e-16
16.869999999999997	7.595852000854241e-16
16.880000000000003	7.591346457156594e-16
16.89	7.586846265439099e-16
16.9	7.582351416140836e-16
16.91	7.57786189972375e-16
16.92	7.57337770667259e-16
16.93	7.568898827494847e-16
16.939999999999998	7.564425252720658e-16
16.95	7.559956972902767e-16
16.96	7.555493978616441e-16
16.97	7.551036260459412e-16
16.98	7.546583809051802e-16
16.990000000000002	7.542136615036057e-16
17.	7.537694669076881e-16
17.009999999999998	7.533257961861176e-16
17.02	7.528826484097967e-16
17.03	7.524400226518332e-16
17.04	7.519979179875355e-16
17.05	7.515563334944043e-16
17.060000000000002	7.511152682521267e-16
17.07	7.506747213425692e-16
17.08	7.502346918497722e-16
17.09	7.497951788599421e-16
17.1	7.493561814614466e-16
17.11	7.489176987448071e-16
17.119999999999997	7.484797298026919e-16
17.130000000000003	7.480422737299109e-16
17.14	7.476053296234095e-16
17.15	7.471688965822611e-16
17.16	7.467329737076605e-16
17.17	7.462975601029199e-16
17.18	7.458626548734601e-16
17.189999999999998	7.454282571268057e-16
17.2	7.449943659725779e-16
17.21	7.445609805224898e-16
17.22	7.441280998903392e-16
17.23	7.43695723192002e-16
17.240000000000002	7.432638495454271e-16
17.25	7.42832478070629e-16
17.259999999999998	7.424016078896843e-16
17.27	7.419712381267219e-16
17.28	7.415413679079205e-16
17.29	7.411119963615e-16
17.3	7.406831226177173e-16
17.310000000000002	7.402547458088589e-16
17.32	7.398268650692357e-16
17.33	7.393994795351775e-16
17.34	7.389725883450258e-16
17.35	7.38546190639129e-16
17.36	7.381202855598368e-16
17.369999999999997	7.376948722514926e-16
17.380000000000003	7.372699498604287e-16
17.39	7.368455175349625e-16
17.4	7.364215744253867e-16
17.41	7.359981196839662e-16
17.42	7.355751524649323e-16
17.43	7.351526719244764e-16
17.439999999999998	7.347306772207432e-16
17.45	7.343091675138277e-16
17.46	7.338881419657667e-16
17.47	7.334675997405357e-16
17.48	7.330475400040406e-16
17.490000000000002	7.326279619241143e-16
17.5	7.322088646705106e-16
17.509999999999998	7.317902474148974e-16
17.52	7.313721093308527e-16
17.53	7.309544495938586e-16
17.54	7.305372673812948e-16
17.55	7.30120561872435e-16
17.560000000000002	7.297043322484396e-16
17.57	7.292885776923515e-16
17.58	7.2887329738909e-16
17.59	7.28458490525445e-16
17.6	7.28044156290073e-16
17.61	7.2763029387349075e-16
17.62	7.2721690246807e-16
17.630000000000003	7.268039812680318e-16
17.64	7.263915294694418e-16
17.65	7.259795462702045e-16
17.66	7.255680308700591e-16
17.67	7.251569824705718e-16
17.68	7.247464002751335e-16
17.689999999999998	7.2433628348895225e-16
17.7	7.239266313190493e-16
17.71	7.235174429742532e-16
17.72	7.231087176651952e-16
17.73	7.227004546043038e-16
17.740000000000002	7.222926530057999e-16
17.75	7.21885312085691e-16
17.759999999999998	7.214784310617668e-16
17.77	7.210720091535933e-16
17.78	7.206660455825088e-16
17.79	7.202605395716185e-16
17.8	7.1985549034578855e-16
17.810000000000002	7.194508971316426e-16
17.82	7.190467591575552e-16
17.83	7.18643075653648e-16
17.84	7.182398458517843e-16
17.85	7.178370689855637e-16
17.86	7.174347442903187e-16
17.87	7.170328710031078e-16
17.880000000000003	7.166314483627113e-16
17.89	7.16230475609628e-16
17.9	7.158299519860668e-16
17.91	7.154298767359461e-16
17.92	7.150302491048859e-16
17.93	7.146310683402041e-16
17.939999999999998	7.142323336909117e-16
17.95	7.138340444077073e-16
17.96	7.134361997429739e-16
17.97	7.130387989507723e-16
17.98	7.126418412868379e-16
17.990000000000002	7.122453260085751e-16
18.	7.118492523750522e-16
18.009999999999998	7.114536196469982e-16
18.020000000000003	7.110584270867968e-16
18.03	7.106636739584828e-16
18.04	7.102693595277359e-16
18.049999999999997	7.098754830618778e-16
18.060000000000002	7.094820438298663e-16
18.07	7.090890411022921e-16
18.08	7.086964741513726e-16
18.090000000000003	7.083043422509479e-16
18.1	7.079126446764776e-16
18.11	7.075213807050346e-16
18.119999999999997	7.071305496153002e-16
18.130000000000003	7.067401506875616e-16
18.14	7.063501832037068e-16
18.15	7.059606464472183e-16
18.159999999999997	7.055715397031706e-16
18.17	7.051828622582253e-16
18.18	7.047946134006272e-16
18.189999999999998	7.044067924201985e-16
18.200000000000003	7.040193986083341e-16
18.21	7.036324312580009e-16
18.22	7.032458896637283e-16
18.229999999999997	7.028597731216085e-16
18.240000000000002	7.024740809292881e-16
18.25	7.020888123859672e-16
18.259999999999998	7.017039667923927e-16
18.270000000000003	7.013195434508549e-16
18.28	7.009355416651842e-16
18.29	7.005519607407454e-16
18.299999999999997	7.001687999844332e-16
18.310000000000002	6.997860587046693e-16
18.32	6.994037362113982e-16
18.33	6.990218318160814e-16
18.340000000000003	6.986403448316939e-16
18.35	6.982592745727221e-16
18.36	6.978786203551561e-16
18.369999999999997	6.974983814964878e-16
18.380000000000003	6.971185573157061e-16
18.39	6.967391471332934e-16
18.4	6.963601502712211e-16
18.409999999999997	6.959815660529446e-16
18.42	6.956033938034002e-16
18.43	6.95225632849002e-16
18.439999999999998	6.948482825176354e-16
18.450000000000003	6.944713421386551e-16
18.46	6.9409481104288e-16
18.47	6.937186885625899e-16
18.479999999999997	6.933429740315212e-16
18.490000000000002	6.929676667848613e-16
18.5	6.925927661592487e-16
18.509999999999998	6.922182714927652e-16
18.520000000000003	6.918441821249322e-16
18.53	6.914704973967104e-16
18.54	6.910972166504909e-16
18.549999999999997	6.907243392300947e-16
18.560000000000002	6.903518644807678e-16
18.57	6.899797917491779e-16
18.58	6.896081203834083e-16
18.590000000000003	6.892368497329574e-16
18.6	6.88865979148732e-16
18.61	6.884955079830449e-16
18.619999999999997	6.881254355896114e-16
18.630000000000003	6.877557613235441e-16
18.64	6.873864845413498e-16
18.65	6.870176046009273e-16
18.659999999999997	6.8664912086155965e-16
18.67	6.862810326839148e-16
18.68	6.859133394300393e-16
18.689999999999998	6.855460404633553e-16
18.700000000000003	6.851791351486563e-16
18.71	6.848126228521043e-16
18.72	6.84446502941226e-16
18.729999999999997	6.840807747849077e-16
18.740000000000002	6.837154377533934e-16
18.75	6.833504912182808e-16
18.759999999999998	6.829859345525165e-16
18.770000000000003	6.826217671303934e-16
18.78	6.82257988327547e-16
18.79	6.818945975209517e-16
18.799999999999997	6.815315940889171e-16
18.810000000000002	6.811689774110834e-16
18.82	6.808067468684207e-16
18.83	6.804449018432221e-16
18.840000000000003	6.800834417191018e-16
18.85	6.797223658809923e-16
18.86	6.79361673715139e-16
18.869999999999997	6.790013646090979e-16
18.880000000000003	6.786414379517315e-16
18.89	6.782818931332067e-16
18.9	6.779227295449891e-16
18.909999999999997	6.775639465798407e-16
18.92	6.77205543631817e-16
18.93	6.768475200962625e-16
18.939999999999998	6.764898753698082e-16
18.950000000000003	6.761326088503662e-16
18.96	6.757757199371299e-16
18.97	6.754192080305671e-16
18.979999999999997	6.750630725324177e-16
18.990000000000002	6.747073128456911e-16
19.	6.743519283746624e-16
19.009999999999998	6.739969185248683e-16
19.020000000000003	6.736422827031046e-16
19.03	6.732880203174232e-16
19.04	6.729341307771275e-16
19.049999999999997	6.725806134927695e-16
19.060000000000002	6.722274678761471e-16
19.07	6.718746933403008e-16
19.08	6.715222892995093e-16
19.090000000000003	6.711702551692874e-16
19.1	6.708185903663821e-16
19.11	6.704672943087699e-16
19.119999999999997	6.701163664156528e-16
19.130000000000003	6.697658061074553e-16
19.14	6.694156128058216e-16
19.15	6.690657859336121e-16
19.160000000000004	6.687163249149e-16
19.17	6.683672291749683e-16
19.18	6.680184981403072e-16
19.189999999999998	6.676701312386091e-16
19.200000000000003	6.673221278987674e-16
19.21	6.66974487550873e-16
19.22	6.666272096262099e-16
19.229999999999997	6.662802935572536e-16
19.240000000000002	6.659337387776661e-16
19.25	6.655875447222961e-16
19.259999999999998	6.652417108271718e-16
19.270000000000003	6.648962365295e-16
19.28	6.645511212676642e-16
19.29	6.642063644812181e-16
19.299999999999997	6.638619656108862e-16
19.310000000000002	6.635179240985578e-16
19.32	6.631742393872863e-16
19.33	6.628309109212841e-16
19.340000000000003	6.624879381459215e-16
19.35	6.621453205077218e-16
19.36	6.618030574543598e-16
19.369999999999997	6.614611484346583e-16
19.380000000000003	6.611195928985841e-16
19.39	6.607783902972471e-16
19.4	6.604375400828954e-16
19.410000000000004	6.600970417089132e-16
19.42	6.597568946298184e-16
19.43	6.594170983012582e-16
19.439999999999998	6.590776521800073e-16
19.450000000000003	6.587385557239645e-16
19.46	6.5839980839215e-16
19.47	6.580614096447026e-16
19.479999999999997	6.57723358942876e-16
19.490000000000002	6.57385655749037e-16
19.5	6.570482995266626e-16
19.509999999999998	6.567112897403357e-16
19.520000000000003	6.563746258557433e-16
19.53	6.560383073396746e-16
19.54	6.557023336600156e-16
19.549999999999997	6.553667042857494e-16
19.560000000000002	6.550314186869497e-16
19.57	6.54696476334782e-16
19.58	6.543618767014983e-16
19.590000000000003	6.540276192604333e-16
19.6	6.536937034860052e-16
19.61	6.533601288537099e-16
19.619999999999997	6.530268948401187e-16
19.630000000000003	6.526940009228761e-16
19.64	6.523614465806983e-16
19.65	6.520292312933673e-16
19.660000000000004	6.516973545417308e-16
19.67	6.513658158076985e-16
19.68	6.510346145742398e-16
19.689999999999998	6.507037503253798e-16
19.700000000000003	6.50373222546198e-16
19.71	6.50043030722826e-16
19.72	6.497131743424426e-16
19.729999999999997	6.493836528932736e-16
19.740000000000002	6.490544658645869e-16
19.75	6.487256127466921e-16
19.759999999999998	6.483970930309361e-16
19.770000000000003	6.480689062097005e-16
19.78	6.477410517764012e-16
19.79	6.474135292254815e-16
19.799999999999997	6.470863380524146e-16
19.810000000000002	6.467594777536959e-16
19.82	6.464329478268455e-16
19.83	6.46106747770401e-16
19.840000000000003	6.457808770839179e-16
19.85	6.454553352679659e-16
19.86	6.451301218241259e-16
19.869999999999997	6.4480523625498845e-16
19.880000000000003	6.444806780641505e-16
19.89	6.441564467562141e-16
19.9	6.438325418367807e-16
19.910000000000004	6.435089628124518e-16
19.92	6.431857091908268e-16
19.93	6.428627804804966e-16
19.939999999999998	6.425401761910447e-16
19.950000000000003	6.422178958330435e-16
19.96	6.418959389180519e-16
19.97	6.415743049586119e-16
19.979999999999997	6.412529934682481e-16
19.990000000000002	6.409320039614628e-16
20.	6.406113359537357e-16
20.009999999999998	6.402909889615202e-16
20.020000000000003	6.399709625022412e-16
20.03	6.396512560942932e-16
20.04	6.393318692570361e-16
20.049999999999997	6.390128015107954e-16
20.060000000000002	6.386940523768578e-16
20.07	6.383756213774694e-16
20.08	6.380575080358337e-16
20.090000000000003	6.377397118761075e-16
20.1	6.37422232423402e-16
20.11	6.37105069203776e-16
20.119999999999997	6.367882217442368e-16
20.130000000000003	6.364716895727364e-16
20.14	6.361554722181706e-16
20.15	6.358395692103735e-16
20.160000000000004	6.355239800801182e-16
20.17	6.352087043591143e-16
20.18	6.348937415800033e-16
20.189999999999998	6.34579091276358e-16
20.200000000000003	6.342647529826801e-16
20.21	6.339507262343977e-16
20.22	6.336370105678624e-16
20.229999999999997	6.333236055203479e-16
20.240000000000002	6.330105106300471e-16
20.25	6.326977254360701e-16
20.259999999999998	6.323852494784417e-16
20.270000000000003	6.320730822980994e-16
20.28	6.317612234368911e-16
20.29	6.31449672437572e-16
20.299999999999997	6.311384288438042e-16
20.310000000000002	6.30827492200152e-16
20.32	6.305168620520821e-16
20.33	6.302065379459598e-16
20.340000000000003	6.298965194290466e-16
20.35	6.295868060495004e-16
20.36	6.29277397356369e-16
20.369999999999997	6.289682928995921e-16
20.380000000000003	6.286594922299967e-16
20.39	6.283509948992957e-16
20.4	6.280428004600859e-16
20.410000000000004	6.277349084658444e-16
20.42	6.274273184709291e-16
20.43	6.271200300305738e-16
20.439999999999998	6.268130427008873e-16
20.450000000000003	6.265063560388512e-16
20.46	6.261999696023182e-16
20.47	6.258938829500087e-16
20.479999999999997	6.255880956415098e-16
20.490000000000002	6.252826072372721e-16
20.5	6.249774172986097e-16
20.509999999999998	6.246725253876951e-16
20.520000000000003	6.243679310675593e-16
20.53	6.240636339020888e-16
20.54	6.237596334560239e-16
20.549999999999997	6.234559292949562e-16
20.560000000000002	6.231525209853267e-16
20.57	6.228494080944242e-16
20.58	6.225465901903821e-16
20.590000000000003	6.222440668421768e-16
20.6	6.219418376196269e-16
20.61	6.216399020933894e-16
20.619999999999997	6.213382598349584e-16
20.630000000000003	6.210369104166623e-16
20.64	6.207358534116641e-16
20.65	6.204350883939558e-16
20.660000000000004	6.201346149383593e-16
20.67	6.198344326205237e-16
20.68	6.195345410169222e-16
20.689999999999998	6.192349397048509e-16
20.700000000000003	6.189356282624266e-16
20.71	6.186366062685859e-16
20.72	6.18337873303081e-16
20.729999999999997	6.180394289464798e-16
20.740000000000002	6.177412727801628e-16
20.75	6.17443404386321e-16
20.759999999999998	6.171458233479549e-16
20.770000000000003	6.168485292488719e-16
20.78	6.16551521673684e-16
20.79	6.16254800207807e-16
20.799999999999997	6.159583644374567e-16
20.810000000000002	6.156622139496492e-16
20.82	6.15366348332197e-16
20.83	6.150707671737086e-16
20.840000000000003	6.14775470063585e-16
20.85	6.144804565920199e-16
20.86	6.141857263499958e-16
20.869999999999997	6.138912789292824e-16
20.880000000000003	6.135971139224358e-16
20.89	6.133032309227962e-16
20.9	6.130096295244851e-16
20.910000000000004	6.127163093224045e-16
20.92	6.124232699122345e-16
20.93	6.121305108904315e-16
20.939999999999998	6.118380318542261e-16
20.950000000000003	6.1154583240162225e-16
20.96	6.112539121313942e-16
20.97	6.109622706430847e-16
20.979999999999997	6.106709075370039e-16
20.990000000000002	6.103798224142275e-16
21.	6.100890148765941e-16
21.009999999999998	6.097984845267041e-16
21.020000000000003	6.095082309679172e-16
21.03	6.092182538043518e-16
21.04	6.089285526408815e-16
21.049999999999997	6.086391270831347e-16
21.060000000000002	6.083499767374918e-16
21.07	6.080611012110847e-16
21.08	6.077725001117935e-16
21.090000000000003	6.074841730482454e-16
21.1	6.071961196298134e-16
21.11	6.069083394666132e-16
21.119999999999997	6.066208321695031e-16
21.130000000000003	6.063335973500808e-16
21.14	6.060466346206828e-16
21.15	6.057599435943815e-16
21.160000000000004	6.054735238849842e-16
21.17	6.051873751070312e-16
21.18	6.049014968757941e-16
21.189999999999998	6.04615888807274e-16
21.200000000000003	6.043305505181994e-16
21.21	6.04045481626025e-16
21.22	6.037606817489302e-16
21.229999999999997	6.034761505058166e-16
21.240000000000002	6.031918875163064e-16
21.25	6.029078924007417e-16
21.259999999999998	6.026241647801814e-16
21.270000000000003	6.023407042764004e-16
21.28	6.020575105118878e-16
21.29	6.017745831098449e-16
21.299999999999997	6.014919216941838e-16
21.310000000000002	6.012095258895249e-16
21.32	6.009273953211979e-16
21.33	6.006455296152357e-16
21.340000000000003	6.003639283983765e-16
21.35	6.000825912980615e-16
21.36	5.998015179424311e-16
21.369999999999997	5.995207079603256e-16
21.380000000000003	5.992401609812822e-16
21.39	5.989598766355351e-16
21.4	5.986798545540105e-16
21.410000000000004	5.984000943683289e-16
21.42	5.981205957108013e-16
21.43	5.978413582144274e-16
21.439999999999998	5.975623815128946e-16
21.450000000000003	5.972836652405761e-16
21.46	5.970052090325307e-16
21.47	5.967270125244988e-16
21.479999999999997	5.964490753529022e-16
21.490000000000002	5.961713971548423e-16
21.5	5.958939775680991e-16
21.509999999999998	5.956168162311281e-16
21.520000000000003	5.9533991278306e-16
21.53	5.950632668636991e-16
21.54	5.947868781135211e-16
21.549999999999997	5.945107461736717e-16
21.560000000000002	5.942348706859649e-16
21.57	5.939592512928822e-16
21.58	5.936838876375709e-16
21.590000000000003	5.934087793638409e-16
21.6	5.931339261161654e-16
21.61	5.928593275396782e-16
21.619999999999997	5.925849832801725e-16
21.630000000000003	5.923108929840986e-16
21.64	5.920370562985635e-16
21.65	5.917634728713289e-16
21.660000000000004	5.914901423508093e-16
21.67	5.912170643860715e-16
21.68	5.909442386268312e-16
21.689999999999998	5.906716647234542e-16
21.700000000000003	5.903993423269519e-16
21.71	5.901272710889825e-16
21.72	5.898554506618477e-16
21.729999999999997	5.895838806984921e-16
21.740000000000002	5.893125608525006e-16
21.75	5.890414907780991e-16
21.759999999999998	5.88770670130151e-16
21.770000000000003	5.885000985641558e-16
21.78	5.88229775736249e-16
21.79	5.879597013031999e-16
21.799999999999997	5.876898749224095e-16
21.810000000000002	5.874202962519096e-16
21.82	5.871509649503623e-16
21.83	5.868818806770569e-16
21.840000000000003	5.866130430919089e-16
21.85	5.863444518554595e-16
21.86	5.86076106628873e-16
21.869999999999997	5.858080070739363e-16
21.880000000000003	5.855401528530565e-16
21.89	5.852725436292605e-16
21.9	5.850051790661928e-16
21.910000000000004	5.847380588281144e-16
21.92	5.8447118257990125e-16
21.93	5.842045499870433e-16
21.939999999999998	5.839381607156422e-16
21.950000000000003	5.836720144324107e-16
21.96	5.834061108046712e-16
21.97	5.831404495003539e-16
21.979999999999997	5.828750301879952e-16
21.990000000000002	5.826098525367376e-16
22.	5.823449162163267e-16
22.009999999999998	5.820802208971113e-16
22.020000000000003	5.818157662500404e-16
22.03	5.815515519466635e-16
22.04	5.812875776591288e-16
22.049999999999997	5.810238430601799e-16
22.060000000000002	5.807603478231575e-16
22.07	5.804970916219964e-16
22.08	5.802340741312237e-16
22.090000000000003	5.799712950259585e-16
22.1	5.797087539819102e-16
22.11	5.79446450675377e-16
22.119999999999997	5.791843847832444e-16
22.130000000000003	5.789225559829842e-16
22.14	5.786609639526537e-16
22.15	5.783996083708929e-16
22.160000000000004	5.781384889169242e-16
22.17	5.778776052705517e-16
22.18	5.77616957112158e-16
22.189999999999998	5.773565441227043e-16
22.200000000000003	5.770963659837294e-16
22.21	5.768364223773469e-16
22.22	5.765767129862452e-16
22.229999999999997	5.76317237493686e-16
22.240000000000002	5.76057995583502e-16
22.25	5.75798986940097e-16
22.259999999999998	5.755402112484439e-16
22.270000000000003	5.752816681940833e-16
22.28	5.750233574631225e-16
22.29	5.747652787422342e-16
22.299999999999997	5.74507431718655e-16
22.310000000000002	5.742498160801844e-16
22.32	5.739924315151832e-16
22.33	5.737352777125735e-16
22.340000000000003	5.734783543618343e-16
22.35	5.732216611530046e-16
22.36	5.729651977766783e-16
22.369999999999997	5.727089639240055e-16
22.380000000000003	5.724529592866894e-16
22.39	5.721971835569869e-16
22.4	5.719416364277056e-16
22.410000000000004	5.716863175922035e-16
22.42	5.714312267443885e-16
22.43	5.71176363578715e-16
22.439999999999998	5.709217277901847e-16
22.450000000000003	5.706673190743445e-16
22.46	5.704131371272855e-16
22.47	5.701591816456418e-16
22.479999999999997	5.699054523265886e-16
22.490000000000002	5.696519488678422e-16
22.5	5.693986709676581e-16
22.509999999999998	5.691456183248297e-16
22.520000000000003	5.688927906386871e-16
22.53	5.686401876090967e-16
22.54	5.683878089364584e-16
22.549999999999997	5.681356543217065e-16
22.560000000000002	5.678837234663064e-16
22.57	5.67632016072255e-16
22.58	5.673805318420787e-16
22.590000000000003	5.671292704788324e-16
22.6	5.668782316860989e-16
22.61	5.666274151679863e-16
22.619999999999997	5.663768206291285e-16
22.630000000000003	5.661264477746825e-16
22.64	5.658762963103289e-16
22.65	5.6562636594226945e-16
22.660000000000004	5.653766563772257e-16
22.67	5.651271673224396e-16
22.68	5.648778984856705e-16
22.689999999999998	5.64628849575194e-16
22.700000000000003	5.643800202998026e-16
22.71	5.641314103688033e-16
22.72	5.638830194920161e-16
22.729999999999997	5.636348473797735e-16
22.740000000000002	5.633868937429193e-16
22.75	5.631391582928078e-16
22.759999999999998	5.628916407413018e-16
22.770000000000003	5.626443408007717e-16
22.78	5.623972581840956e-16
22.79	5.62150392604656e-16
22.799999999999997	5.619037437763413e-16
22.810000000000002	5.616573114135416e-16
22.82	5.614110952311511e-16
22.83	5.611650949445637e-16
22.840000000000003	5.60919310269674e-16
22.85	5.606737409228758e-16
22.86	5.604283866210603e-16
22.869999999999997	5.601832470816158e-16
22.880000000000003	5.599383220224256e-16
22.89	5.596936111618691e-16
22.9	5.594491142188178e-16
22.910000000000004	5.592048309126361e-16
22.92	5.589607609631797e-16
22.93	5.587169040907948e-16
22.939999999999998	5.58473260016317e-16
22.950000000000003	5.582298284610688e-16
22.96	5.579866091468613e-16
22.97	5.577436017959912e-16
22.979999999999997	5.575008061312388e-16
22.990000000000002	5.572582218758701e-16
23.	5.570158487536335e-16